timestamp,host,user,pid,parent_pid,process_name,command_line,integrity_level
2026-08-15T14:30:01Z,AD-WS-14,carlos.mendez,1000,478,explorer.exe,C:\Windows\System32\explorer.exe,Medium
2026-08-15T14:30:04Z,AD-WS-14,carlos.mendez,1001,520,conhost.exe,C:\Windows\System32\conhost.exe,Medium
2026-08-15T14:31:26Z,AD-WS-14,carlos.mendez,1002,506,svchost.exe,C:\Windows\System32\svchost.exe,Medium
2026-08-15T14:31:34Z,AD-WS-14,carlos.mendez,1003,999,RuntimeBroker.exe,C:\Windows\System32\RuntimeBroker.exe,Medium
2026-08-15T14:32:10Z,AD-WS-14,carlos.mendez,1004,986,svchost.exe,C:\Windows\System32\svchost.exe,Medium
2026-08-15T14:33:05Z,AD-WS-14,carlos.mendez,1005,621,RuntimeBroker.exe,C:\Windows\System32\RuntimeBroker.exe,Medium
2026-08-15T14:33:38Z,AD-WS-14,carlos.mendez,1006,450,cmd.exe,C:\Windows\System32\cmd.exe,Medium
2026-08-15T14:34:29Z,AD-WS-14,carlos.mendez,1007,893,RuntimeBroker.exe,C:\Windows\System32\RuntimeBroker.exe,Medium
2026-08-15T14:35:15Z,AD-WS-14,carlos.mendez,1008,983,RuntimeBroker.exe,C:\Windows\System32\RuntimeBroker.exe,Medium
2026-08-15T14:36:17Z,AD-WS-14,carlos.mendez,1009,624,explorer.exe,C:\Windows\System32\explorer.exe,Medium
2026-08-15T14:36:35Z,AD-WS-14,carlos.mendez,1010,447,explorer.exe,C:\Windows\System32\explorer.exe,Medium
2026-08-15T14:36:56Z,AD-WS-14,carlos.mendez,1011,464,RuntimeBroker.exe,C:\Windows\System32\RuntimeBroker.exe,Medium
2026-08-15T14:37:37Z,AD-WS-14,carlos.mendez,1012,928,explorer.exe,C:\Windows\System32\explorer.exe,Medium
2026-08-15T14:38:19Z,AD-WS-14,carlos.mendez,1013,484,conhost.exe,C:\Windows\System32\conhost.exe,Medium
2026-08-15T14:38:33Z,AD-WS-14,carlos.mendez,1014,975,cmd.exe,C:\Windows\System32\cmd.exe,Medium
2026-08-15T14:38:56Z,AD-WS-14,carlos.mendez,1015,832,conhost.exe,C:\Windows\System32\conhost.exe,Medium
2026-08-15T14:39:31Z,AD-WS-14,carlos.mendez,1016,421,conhost.exe,C:\Windows\System32\conhost.exe,Medium
2026-08-15T14:39:44Z,AD-WS-14,carlos.mendez,1017,418,explorer.exe,C:\Windows\System32\explorer.exe,Medium
2026-08-15T14:40:23Z,AD-WS-14,carlos.mendez,1018,922,conhost.exe,C:\Windows\System32\conhost.exe,Medium
2026-08-15T14:40:33Z,AD-WS-14,carlos.mendez,1019,975,explorer.exe,C:\Windows\System32\explorer.exe,Medium
2026-08-15T14:40:51Z,AD-WS-14,carlos.mendez,1020,816,RuntimeBroker.exe,C:\Windows\System32\RuntimeBroker.exe,Medium
2026-08-15T14:41:11Z,AD-WS-14,carlos.mendez,1021,918,cmd.exe,C:\Windows\System32\cmd.exe,Medium
2026-08-15T14:42:54Z,AD-WS-14,carlos.mendez,1022,521,cmd.exe,C:\Windows\System32\cmd.exe,Medium
2026-08-15T14:43:00Z,AD-WS-14,carlos.mendez,1023,522,RuntimeBroker.exe,C:\Windows\System32\RuntimeBroker.exe,Medium
2026-08-15T14:43:21Z,AD-WS-14,carlos.mendez,1024,641,chrome.exe,C:\Windows\System32\chrome.exe,Medium
2026-08-15T14:43:25Z,AD-WS-14,carlos.mendez,1025,725,explorer.exe,C:\Windows\System32\explorer.exe,Medium
2026-08-15T14:43:27Z,AD-WS-14,carlos.mendez,1026,931,cmd.exe,C:\Windows\System32\cmd.exe,Medium
2026-08-15T14:43:39Z,AD-WS-14,carlos.mendez,1027,583,SearchApp.exe,C:\Windows\System32\SearchApp.exe,Medium
2026-08-15T14:43:43Z,AD-WS-14,carlos.mendez,1028,654,RuntimeBroker.exe,C:\Windows\System32\RuntimeBroker.exe,Medium
2026-08-15T14:43:59Z,AD-WS-14,carlos.mendez,1029,917,chrome.exe,C:\Windows\System32\chrome.exe,Medium
2026-08-15T14:44:26Z,AD-WS-14,carlos.mendez,1030,974,cmd.exe,C:\Windows\System32\cmd.exe,Medium
2026-08-15T14:45:10Z,AD-WS-14,carlos.mendez,1031,771,svchost.exe,C:\Windows\System32\svchost.exe,Medium
2026-08-15T14:46:45Z,AD-WS-14,carlos.mendez,1032,937,RuntimeBroker.exe,C:\Windows\System32\RuntimeBroker.exe,Medium
2026-08-15T14:47:11Z,AD-WS-14,carlos.mendez,1033,862,conhost.exe,C:\Windows\System32\conhost.exe,Medium
2026-08-15T14:48:15Z,AD-WS-14,carlos.mendez,1034,846,SearchApp.exe,C:\Windows\System32\SearchApp.exe,Medium
2026-08-15T14:49:57Z,AD-WS-14,carlos.mendez,1035,437,RuntimeBroker.exe,C:\Windows\System32\RuntimeBroker.exe,Medium
2026-08-15T14:50:07Z,AD-WS-14,carlos.mendez,1036,817,SearchApp.exe,C:\Windows\System32\SearchApp.exe,Medium
2026-08-15T14:50:16Z,AD-WS-14,carlos.mendez,1037,906,RuntimeBroker.exe,C:\Windows\System32\RuntimeBroker.exe,Medium
2026-08-15T14:50:49Z,AD-WS-14,carlos.mendez,1038,452,RuntimeBroker.exe,C:\Windows\System32\RuntimeBroker.exe,Medium
2026-08-15T14:51:19Z,AD-WS-14,carlos.mendez,1039,686,explorer.exe,C:\Windows\System32\explorer.exe,Medium
2026-08-15T14:51:33Z,AD-WS-14,carlos.mendez,1040,828,chrome.exe,C:\Windows\System32\chrome.exe,Medium
2026-08-15T14:51:39Z,AD-WS-14,carlos.mendez,1041,679,chrome.exe,C:\Windows\System32\chrome.exe,Medium
2026-08-15T14:52:32Z,AD-WS-14,carlos.mendez,1042,604,explorer.exe,C:\Windows\System32\explorer.exe,Medium
2026-08-15T14:53:52Z,AD-WS-14,carlos.mendez,1043,752,cmd.exe,C:\Windows\System32\cmd.exe,Medium
2026-08-15T14:54:26Z,AD-WS-14,carlos.mendez,1044,942,RuntimeBroker.exe,C:\Windows\System32\RuntimeBroker.exe,Medium
2026-08-15T14:54:33Z,AD-WS-14,carlos.mendez,1045,790,cmd.exe,C:\Windows\System32\cmd.exe,Medium
2026-08-15T14:55:01Z,AD-WS-14,carlos.mendez,1046,926,chrome.exe,C:\Windows\System32\chrome.exe,Medium
2026-08-15T14:55:30Z,AD-WS-14,carlos.mendez,1047,428,chrome.exe,C:\Windows\System32\chrome.exe,Medium
2026-08-15T14:55:48Z,AD-WS-14,carlos.mendez,1048,997,cmd.exe,C:\Windows\System32\cmd.exe,Medium
2026-08-15T14:55:52Z,AD-WS-14,carlos.mendez,1049,883,explorer.exe,C:\Windows\System32\explorer.exe,Medium
2026-08-15T14:55:58Z,AD-WS-14,carlos.mendez,1050,548,svchost.exe,C:\Windows\System32\svchost.exe,Medium
2026-08-15T14:56:17Z,AD-WS-14,carlos.mendez,1051,441,RuntimeBroker.exe,C:\Windows\System32\RuntimeBroker.exe,Medium
2026-08-15T14:56:24Z,AD-WS-14,carlos.mendez,1052,896,conhost.exe,C:\Windows\System32\conhost.exe,Medium
2026-08-15T14:57:19Z,AD-WS-14,carlos.mendez,1053,661,chrome.exe,C:\Windows\System32\chrome.exe,Medium
2026-08-15T14:57:48Z,AD-WS-14,carlos.mendez,1054,556,explorer.exe,C:\Windows\System32\explorer.exe,Medium
2026-08-15T14:58:00Z,AD-WS-14,carlos.mendez,1055,669,cmd.exe,C:\Windows\System32\cmd.exe,Medium
2026-08-15T14:58:11Z,AD-WS-14,carlos.mendez,1056,996,RuntimeBroker.exe,C:\Windows\System32\RuntimeBroker.exe,Medium
2026-08-15T14:58:45Z,AD-WS-14,carlos.mendez,1057,437,RuntimeBroker.exe,C:\Windows\System32\RuntimeBroker.exe,Medium
2026-08-15T14:58:51Z,AD-WS-14,carlos.mendez,1058,708,svchost.exe,C:\Windows\System32\svchost.exe,Medium
2026-08-15T14:59:32Z,AD-WS-14,carlos.mendez,1059,796,SearchApp.exe,C:\Windows\System32\SearchApp.exe,Medium
2026-08-15T14:59:40Z,AD-WS-14,carlos.mendez,1060,990,RuntimeBroker.exe,C:\Windows\System32\RuntimeBroker.exe,Medium
2026-08-15T14:59:46Z,AD-WS-14,carlos.mendez,1061,612,RuntimeBroker.exe,C:\Windows\System32\RuntimeBroker.exe,Medium
2026-08-15T15:00:20Z,AD-WS-14,carlos.mendez,1062,811,conhost.exe,C:\Windows\System32\conhost.exe,Medium
2026-08-15T15:00:51Z,AD-WS-14,carlos.mendez,1063,510,explorer.exe,C:\Windows\System32\explorer.exe,Medium
2026-08-15T15:01:16Z,AD-WS-14,carlos.mendez,1064,801,chrome.exe,C:\Windows\System32\chrome.exe,Medium
2026-08-15T15:01:29Z,AD-WS-14,carlos.mendez,1065,921,chrome.exe,C:\Windows\System32\chrome.exe,Medium
2026-08-15T15:02:01Z,AD-WS-14,carlos.mendez,1066,826,SearchApp.exe,C:\Windows\System32\SearchApp.exe,Medium
2026-08-15T15:02:02Z,AD-WS-14,carlos.mendez,1067,937,cmd.exe,C:\Windows\System32\cmd.exe,Medium
2026-08-15T15:02:19Z,AD-WS-14,carlos.mendez,1068,509,cmd.exe,C:\Windows\System32\cmd.exe,Medium
2026-08-15T15:02:21Z,AD-WS-14,carlos.mendez,1069,455,chrome.exe,C:\Windows\System32\chrome.exe,Medium
2026-08-15T15:02:24Z,AD-WS-14,carlos.mendez,1070,652,conhost.exe,C:\Windows\System32\conhost.exe,Medium
2026-08-15T15:02:29Z,AD-WS-14,carlos.mendez,1071,677,conhost.exe,C:\Windows\System32\conhost.exe,Medium
2026-08-15T15:02:39Z,AD-WS-14,carlos.mendez,1072,658,RuntimeBroker.exe,C:\Windows\System32\RuntimeBroker.exe,Medium
2026-08-15T15:03:53Z,AD-WS-14,carlos.mendez,1073,683,chrome.exe,C:\Windows\System32\chrome.exe,Medium
2026-08-15T15:03:59Z,AD-WS-14,carlos.mendez,1074,647,chrome.exe,C:\Windows\System32\chrome.exe,Medium
2026-08-15T15:04:00Z,AD-WS-14,carlos.mendez,1075,865,SearchApp.exe,C:\Windows\System32\SearchApp.exe,Medium
2026-08-15T15:04:07Z,AD-WS-14,carlos.mendez,1076,592,RuntimeBroker.exe,C:\Windows\System32\RuntimeBroker.exe,Medium
2026-08-15T15:04:25Z,AD-WS-14,carlos.mendez,1077,576,cmd.exe,C:\Windows\System32\cmd.exe,Medium
2026-08-15T15:04:27Z,AD-WS-14,carlos.mendez,1078,594,SearchApp.exe,C:\Windows\System32\SearchApp.exe,Medium
2026-08-15T15:04:29Z,AD-WS-14,carlos.mendez,1079,666,explorer.exe,C:\Windows\System32\explorer.exe,Medium
2026-08-15T15:05:09Z,AD-WS-14,carlos.mendez,1080,855,chrome.exe,C:\Windows\System32\chrome.exe,Medium
2026-08-15T15:05:47Z,AD-WS-14,carlos.mendez,1081,918,svchost.exe,C:\Windows\System32\svchost.exe,Medium
2026-08-15T15:05:58Z,AD-WS-14,carlos.mendez,1082,472,cmd.exe,C:\Windows\System32\cmd.exe,Medium
2026-08-15T15:06:01Z,AD-WS-14,carlos.mendez,1083,885,svchost.exe,C:\Windows\System32\svchost.exe,Medium
2026-08-15T15:06:36Z,AD-WS-14,carlos.mendez,1084,786,chrome.exe,C:\Windows\System32\chrome.exe,Medium
2026-08-15T15:06:53Z,AD-WS-14,carlos.mendez,1085,488,SearchApp.exe,C:\Windows\System32\SearchApp.exe,Medium
2026-08-15T15:06:54Z,AD-WS-14,carlos.mendez,1086,698,cmd.exe,C:\Windows\System32\cmd.exe,Medium
2026-08-15T15:07:31Z,AD-WS-14,carlos.mendez,1087,834,chrome.exe,C:\Windows\System32\chrome.exe,Medium
2026-08-15T15:07:34Z,AD-WS-14,carlos.mendez,1088,782,SearchApp.exe,C:\Windows\System32\SearchApp.exe,Medium
2026-08-15T15:07:45Z,AD-WS-14,carlos.mendez,1089,674,RuntimeBroker.exe,C:\Windows\System32\RuntimeBroker.exe,Medium
2026-08-15T15:07:52Z,AD-WS-14,carlos.mendez,1090,460,RuntimeBroker.exe,C:\Windows\System32\RuntimeBroker.exe,Medium
2026-08-15T15:08:08Z,AD-WS-14,carlos.mendez,1091,758,RuntimeBroker.exe,C:\Windows\System32\RuntimeBroker.exe,Medium
2026-08-15T15:08:10Z,AD-WS-14,carlos.mendez,1092,525,SearchApp.exe,C:\Windows\System32\SearchApp.exe,Medium
2026-08-15T15:08:32Z,AD-WS-14,carlos.mendez,1093,894,svchost.exe,C:\Windows\System32\svchost.exe,Medium
2026-08-15T15:08:42Z,AD-WS-14,carlos.mendez,1094,793,svchost.exe,C:\Windows\System32\svchost.exe,Medium
2026-08-15T15:08:44Z,AD-WS-14,carlos.mendez,1095,498,svchost.exe,C:\Windows\System32\svchost.exe,Medium
2026-08-15T15:10:05Z,AD-WS-14,carlos.mendez,1096,414,chrome.exe,C:\Windows\System32\chrome.exe,Medium
2026-08-15T15:11:28Z,AD-WS-14,carlos.mendez,1097,570,explorer.exe,C:\Windows\System32\explorer.exe,Medium
2026-08-15T15:11:31Z,AD-WS-14,carlos.mendez,1098,619,cmd.exe,C:\Windows\System32\cmd.exe,Medium
2026-08-15T15:12:14Z,AD-WS-14,carlos.mendez,1099,747,conhost.exe,C:\Windows\System32\conhost.exe,Medium
2026-08-15T15:12:15Z,AD-WS-14,carlos.mendez,1100,827,conhost.exe,C:\Windows\System32\conhost.exe,Medium
2026-08-15T15:12:20Z,AD-WS-14,carlos.mendez,1101,786,svchost.exe,C:\Windows\System32\svchost.exe,Medium
2026-08-15T15:12:26Z,AD-WS-14,carlos.mendez,1102,933,chrome.exe,C:\Windows\System32\chrome.exe,Medium
2026-08-15T15:12:29Z,AD-WS-14,carlos.mendez,1103,760,chrome.exe,C:\Windows\System32\chrome.exe,Medium
2026-08-15T15:12:35Z,AD-WS-14,carlos.mendez,1104,582,explorer.exe,C:\Windows\System32\explorer.exe,Medium
2026-08-15T15:12:52Z,AD-WS-14,carlos.mendez,1105,770,conhost.exe,C:\Windows\System32\conhost.exe,Medium
2026-08-15T15:13:44Z,AD-WS-14,carlos.mendez,1106,708,svchost.exe,C:\Windows\System32\svchost.exe,Medium
2026-08-15T15:13:57Z,AD-WS-14,carlos.mendez,1107,619,chrome.exe,C:\Windows\System32\chrome.exe,Medium
2026-08-15T15:13:58Z,AD-WS-14,carlos.mendez,1108,419,SearchApp.exe,C:\Windows\System32\SearchApp.exe,Medium
2026-08-15T15:14:19Z,AD-WS-14,carlos.mendez,1109,677,conhost.exe,C:\Windows\System32\conhost.exe,Medium
2026-08-15T15:14:30Z,AD-WS-14,carlos.mendez,1110,926,RuntimeBroker.exe,C:\Windows\System32\RuntimeBroker.exe,Medium
2026-08-15T15:15:34Z,AD-WS-14,carlos.mendez,1111,694,conhost.exe,C:\Windows\System32\conhost.exe,Medium
2026-08-15T15:15:50Z,AD-WS-14,carlos.mendez,1112,804,RuntimeBroker.exe,C:\Windows\System32\RuntimeBroker.exe,Medium
2026-08-15T15:16:18Z,AD-WS-14,carlos.mendez,1113,467,cmd.exe,C:\Windows\System32\cmd.exe,Medium
2026-08-15T15:16:40Z,AD-WS-14,carlos.mendez,1114,511,RuntimeBroker.exe,C:\Windows\System32\RuntimeBroker.exe,Medium
2026-08-15T15:16:48Z,AD-WS-14,carlos.mendez,1115,691,SearchApp.exe,C:\Windows\System32\SearchApp.exe,Medium
2026-08-15T15:16:57Z,AD-WS-14,carlos.mendez,1116,850,chrome.exe,C:\Windows\System32\chrome.exe,Medium
2026-08-15T15:17:46Z,AD-WS-14,carlos.mendez,1117,723,cmd.exe,C:\Windows\System32\cmd.exe,Medium
2026-08-15T15:19:54Z,AD-WS-14,carlos.mendez,1118,812,SearchApp.exe,C:\Windows\System32\SearchApp.exe,Medium
2026-08-15T15:19:58Z,AD-WS-14,carlos.mendez,1119,533,RuntimeBroker.exe,C:\Windows\System32\RuntimeBroker.exe,Medium
2026-08-15T15:21:03Z,AD-WS-14,carlos.mendez,1120,618,SearchApp.exe,C:\Windows\System32\SearchApp.exe,Medium
2026-08-15T15:21:47Z,AD-WS-14,carlos.mendez,1121,844,conhost.exe,C:\Windows\System32\conhost.exe,Medium
2026-08-15T15:22:19Z,AD-WS-14,carlos.mendez,1122,412,RuntimeBroker.exe,C:\Windows\System32\RuntimeBroker.exe,Medium
2026-08-15T15:23:06Z,AD-WS-14,carlos.mendez,1123,437,cmd.exe,C:\Windows\System32\cmd.exe,Medium
2026-08-15T15:23:06Z,AD-WS-14,carlos.mendez,1124,994,RuntimeBroker.exe,C:\Windows\System32\RuntimeBroker.exe,Medium
2026-08-15T15:23:11Z,AD-WS-14,carlos.mendez,1125,887,cmd.exe,C:\Windows\System32\cmd.exe,Medium
2026-08-15T15:24:10Z,AD-WS-14,carlos.mendez,1126,448,explorer.exe,C:\Windows\System32\explorer.exe,Medium
2026-08-15T15:24:30Z,AD-WS-14,carlos.mendez,1127,834,explorer.exe,C:\Windows\System32\explorer.exe,Medium
2026-08-15T15:24:58Z,AD-WS-14,carlos.mendez,1128,435,chrome.exe,C:\Windows\System32\chrome.exe,Medium
2026-08-15T15:25:26Z,AD-WS-14,carlos.mendez,1129,879,SearchApp.exe,C:\Windows\System32\SearchApp.exe,Medium
2026-08-15T15:25:37Z,AD-WS-14,carlos.mendez,1130,833,chrome.exe,C:\Windows\System32\chrome.exe,Medium
2026-08-15T15:26:16Z,AD-WS-14,carlos.mendez,1131,656,SearchApp.exe,C:\Windows\System32\SearchApp.exe,Medium
2026-08-15T15:26:36Z,AD-WS-14,carlos.mendez,1132,599,explorer.exe,C:\Windows\System32\explorer.exe,Medium
2026-08-15T15:27:18Z,AD-WS-14,carlos.mendez,1133,406,chrome.exe,C:\Windows\System32\chrome.exe,Medium
2026-08-15T15:27:30Z,AD-WS-14,carlos.mendez,1134,867,RuntimeBroker.exe,C:\Windows\System32\RuntimeBroker.exe,Medium
2026-08-15T15:27:54Z,AD-WS-14,carlos.mendez,1135,728,svchost.exe,C:\Windows\System32\svchost.exe,Medium
2026-08-15T15:28:50Z,AD-WS-14,carlos.mendez,1136,745,chrome.exe,C:\Windows\System32\chrome.exe,Medium
2026-08-15T15:29:13Z,AD-WS-14,carlos.mendez,1137,430,conhost.exe,C:\Windows\System32\conhost.exe,Medium
2026-08-15T15:29:26Z,AD-WS-14,carlos.mendez,1138,604,svchost.exe,C:\Windows\System32\svchost.exe,Medium
2026-08-15T15:29:35Z,AD-WS-14,carlos.mendez,1139,599,explorer.exe,C:\Windows\System32\explorer.exe,Medium
2026-08-15T15:29:58Z,AD-WS-14,carlos.mendez,1140,697,conhost.exe,C:\Windows\System32\conhost.exe,Medium
2026-08-15T15:30:00Z,AD-WS-14,carlos.mendez,1141,632,conhost.exe,C:\Windows\System32\conhost.exe,Medium
2026-08-15T15:30:36Z,AD-WS-14,carlos.mendez,1142,491,cmd.exe,C:\Windows\System32\cmd.exe,Medium
2026-08-15T15:31:30Z,AD-WS-14,carlos.mendez,1143,881,conhost.exe,C:\Windows\System32\conhost.exe,Medium
2026-08-15T15:32:52Z,AD-WS-14,carlos.mendez,1144,537,cmd.exe,C:\Windows\System32\cmd.exe,Medium
2026-08-15T15:32:56Z,AD-WS-14,carlos.mendez,1145,898,cmd.exe,C:\Windows\System32\cmd.exe,Medium
2026-08-15T15:33:14Z,AD-WS-14,carlos.mendez,1146,695,cmd.exe,C:\Windows\System32\cmd.exe,Medium
2026-08-15T15:33:38Z,AD-WS-14,carlos.mendez,1147,832,RuntimeBroker.exe,C:\Windows\System32\RuntimeBroker.exe,Medium
2026-08-15T15:33:41Z,AD-WS-14,carlos.mendez,1148,629,cmd.exe,C:\Windows\System32\cmd.exe,Medium
2026-08-15T15:33:57Z,AD-WS-14,carlos.mendez,1149,913,svchost.exe,C:\Windows\System32\svchost.exe,Medium
2026-08-15T15:34:15Z,AD-WS-14,carlos.mendez,1150,764,RuntimeBroker.exe,C:\Windows\System32\RuntimeBroker.exe,Medium
2026-08-15T15:34:21Z,AD-WS-14,carlos.mendez,1151,663,explorer.exe,C:\Windows\System32\explorer.exe,Medium
2026-08-15T15:34:23Z,AD-WS-14,carlos.mendez,1152,548,svchost.exe,C:\Windows\System32\svchost.exe,Medium
2026-08-15T15:34:29Z,AD-WS-14,carlos.mendez,1153,527,SearchApp.exe,C:\Windows\System32\SearchApp.exe,Medium
2026-08-15T15:34:51Z,AD-WS-14,carlos.mendez,1154,449,conhost.exe,C:\Windows\System32\conhost.exe,Medium
2026-08-15T15:35:54Z,AD-WS-14,carlos.mendez,1155,739,svchost.exe,C:\Windows\System32\svchost.exe,Medium
2026-08-15T15:36:11Z,AD-WS-14,carlos.mendez,1156,933,cmd.exe,C:\Windows\System32\cmd.exe,Medium
2026-08-15T15:37:02Z,AD-WS-14,carlos.mendez,1157,727,conhost.exe,C:\Windows\System32\conhost.exe,Medium
2026-08-15T15:37:21Z,AD-WS-14,carlos.mendez,1158,555,conhost.exe,C:\Windows\System32\conhost.exe,Medium
2026-08-15T15:37:32Z,AD-WS-14,carlos.mendez,1159,612,SearchApp.exe,C:\Windows\System32\SearchApp.exe,Medium
2026-08-15T15:38:02Z,AD-WS-14,carlos.mendez,1160,613,explorer.exe,C:\Windows\System32\explorer.exe,Medium
2026-08-15T15:38:08Z,AD-WS-14,carlos.mendez,1161,447,svchost.exe,C:\Windows\System32\svchost.exe,Medium
2026-08-15T15:38:37Z,AD-WS-14,carlos.mendez,1162,932,SearchApp.exe,C:\Windows\System32\SearchApp.exe,Medium
2026-08-15T15:38:43Z,AD-WS-14,carlos.mendez,1163,744,conhost.exe,C:\Windows\System32\conhost.exe,Medium
2026-08-15T15:38:55Z,AD-WS-14,carlos.mendez,1164,885,SearchApp.exe,C:\Windows\System32\SearchApp.exe,Medium
2026-08-15T15:39:20Z,AD-WS-14,carlos.mendez,1165,961,RuntimeBroker.exe,C:\Windows\System32\RuntimeBroker.exe,Medium
2026-08-15T15:39:35Z,AD-WS-14,carlos.mendez,1166,828,chrome.exe,C:\Windows\System32\chrome.exe,Medium
2026-08-15T15:39:51Z,AD-WS-14,carlos.mendez,1167,432,explorer.exe,C:\Windows\System32\explorer.exe,Medium
2026-08-15T15:40:08Z,AD-WS-14,carlos.mendez,1168,697,chrome.exe,C:\Windows\System32\chrome.exe,Medium
2026-08-15T15:40:30Z,AD-WS-14,carlos.mendez,1169,418,explorer.exe,C:\Windows\System32\explorer.exe,Medium
2026-08-15T15:40:51Z,AD-WS-14,carlos.mendez,1170,489,cmd.exe,C:\Windows\System32\cmd.exe,Medium
2026-08-15T15:42:10Z,AD-WS-14,carlos.mendez,1171,930,svchost.exe,C:\Windows\System32\svchost.exe,Medium
2026-08-15T15:42:43Z,AD-WS-14,carlos.mendez,1172,801,SearchApp.exe,C:\Windows\System32\SearchApp.exe,Medium
2026-08-15T15:42:52Z,AD-WS-14,carlos.mendez,1173,922,conhost.exe,C:\Windows\System32\conhost.exe,Medium
2026-08-15T15:44:48Z,AD-WS-14,carlos.mendez,1174,881,explorer.exe,C:\Windows\System32\explorer.exe,Medium
2026-08-15T15:44:54Z,AD-WS-14,carlos.mendez,1175,808,explorer.exe,C:\Windows\System32\explorer.exe,Medium
2026-08-15T15:45:01Z,AD-WS-14,carlos.mendez,1176,710,explorer.exe,C:\Windows\System32\explorer.exe,Medium
2026-08-15T15:45:08Z,AD-WS-14,carlos.mendez,1177,481,svchost.exe,C:\Windows\System32\svchost.exe,Medium
2026-08-15T15:45:43Z,AD-WS-14,carlos.mendez,1178,921,conhost.exe,C:\Windows\System32\conhost.exe,Medium
2026-08-15T15:46:03Z,AD-WS-14,carlos.mendez,1179,494,RuntimeBroker.exe,C:\Windows\System32\RuntimeBroker.exe,Medium
2026-08-15T15:46:50Z,AD-WS-14,carlos.mendez,1180,978,chrome.exe,C:\Windows\System32\chrome.exe,Medium
2026-08-15T15:47:10Z,AD-WS-14,carlos.mendez,1181,850,SearchApp.exe,C:\Windows\System32\SearchApp.exe,Medium
2026-08-15T15:47:21Z,AD-WS-14,carlos.mendez,1182,662,cmd.exe,C:\Windows\System32\cmd.exe,Medium
2026-08-15T15:47:22Z,AD-WS-14,carlos.mendez,1183,962,svchost.exe,C:\Windows\System32\svchost.exe,Medium
2026-08-15T15:48:16Z,AD-WS-14,carlos.mendez,1184,915,svchost.exe,C:\Windows\System32\svchost.exe,Medium
2026-08-15T15:48:44Z,AD-WS-14,carlos.mendez,1185,529,cmd.exe,C:\Windows\System32\cmd.exe,Medium
2026-08-15T15:49:20Z,AD-WS-14,carlos.mendez,1186,481,SearchApp.exe,C:\Windows\System32\SearchApp.exe,Medium
2026-08-15T15:49:42Z,AD-WS-14,carlos.mendez,1187,764,cmd.exe,C:\Windows\System32\cmd.exe,Medium
2026-08-15T15:50:56Z,AD-WS-14,carlos.mendez,1188,505,conhost.exe,C:\Windows\System32\conhost.exe,Medium
2026-08-15T15:51:09Z,AD-WS-14,carlos.mendez,1189,598,conhost.exe,C:\Windows\System32\conhost.exe,Medium
2026-08-15T15:51:10Z,AD-WS-14,carlos.mendez,1190,512,conhost.exe,C:\Windows\System32\conhost.exe,Medium
2026-08-15T15:51:21Z,AD-WS-14,carlos.mendez,1191,677,RuntimeBroker.exe,C:\Windows\System32\RuntimeBroker.exe,Medium
2026-08-15T15:51:36Z,AD-WS-14,carlos.mendez,1192,573,RuntimeBroker.exe,C:\Windows\System32\RuntimeBroker.exe,Medium
2026-08-15T15:51:39Z,AD-WS-14,carlos.mendez,1193,951,cmd.exe,C:\Windows\System32\cmd.exe,Medium
2026-08-15T15:51:41Z,AD-WS-14,carlos.mendez,1194,543,RuntimeBroker.exe,C:\Windows\System32\RuntimeBroker.exe,Medium
2026-08-15T15:51:53Z,AD-WS-14,carlos.mendez,1195,824,SearchApp.exe,C:\Windows\System32\SearchApp.exe,Medium
2026-08-15T15:52:50Z,AD-WS-14,carlos.mendez,1196,624,cmd.exe,C:\Windows\System32\cmd.exe,Medium
2026-08-15T15:52:51Z,AD-WS-14,carlos.mendez,1197,614,chrome.exe,C:\Windows\System32\chrome.exe,Medium
2026-08-15T15:53:02Z,AD-WS-14,carlos.mendez,1198,669,conhost.exe,C:\Windows\System32\conhost.exe,Medium
2026-08-15T15:53:20Z,AD-WS-14,carlos.mendez,1199,638,SearchApp.exe,C:\Windows\System32\SearchApp.exe,Medium
2026-08-15T15:54:45Z,AD-WS-14,carlos.mendez,1200,857,chrome.exe,C:\Windows\System32\chrome.exe,Medium
2026-08-15T15:54:51Z,AD-WS-14,carlos.mendez,1201,506,cmd.exe,C:\Windows\System32\cmd.exe,Medium
2026-08-15T15:55:18Z,AD-WS-14,carlos.mendez,1202,941,RuntimeBroker.exe,C:\Windows\System32\RuntimeBroker.exe,Medium
2026-08-15T15:55:20Z,AD-WS-14,carlos.mendez,1203,950,SearchApp.exe,C:\Windows\System32\SearchApp.exe,Medium
2026-08-15T15:55:26Z,AD-WS-14,carlos.mendez,1204,601,conhost.exe,C:\Windows\System32\conhost.exe,Medium
2026-08-15T15:56:20Z,AD-WS-14,carlos.mendez,1205,686,chrome.exe,C:\Windows\System32\chrome.exe,Medium
2026-08-15T15:56:35Z,AD-WS-14,carlos.mendez,1206,636,SearchApp.exe,C:\Windows\System32\SearchApp.exe,Medium
2026-08-15T15:56:36Z,AD-WS-14,carlos.mendez,1207,877,conhost.exe,C:\Windows\System32\conhost.exe,Medium
2026-08-15T15:57:01Z,AD-WS-14,carlos.mendez,1208,740,chrome.exe,C:\Windows\System32\chrome.exe,Medium
2026-08-15T15:57:22Z,AD-WS-14,carlos.mendez,1209,513,SearchApp.exe,C:\Windows\System32\SearchApp.exe,Medium
2026-08-15T15:57:32Z,AD-WS-14,carlos.mendez,1210,857,chrome.exe,C:\Windows\System32\chrome.exe,Medium
2026-08-15T15:57:49Z,AD-WS-14,carlos.mendez,1211,859,explorer.exe,C:\Windows\System32\explorer.exe,Medium
2026-08-15T15:58:33Z,AD-WS-14,carlos.mendez,1212,866,chrome.exe,C:\Windows\System32\chrome.exe,Medium
2026-08-15T15:58:38Z,AD-WS-14,carlos.mendez,1213,606,RuntimeBroker.exe,C:\Windows\System32\RuntimeBroker.exe,Medium
2026-08-15T15:58:54Z,AD-WS-14,carlos.mendez,1214,952,svchost.exe,C:\Windows\System32\svchost.exe,Medium
2026-08-15T15:59:27Z,AD-WS-14,carlos.mendez,1215,852,svchost.exe,C:\Windows\System32\svchost.exe,Medium
2026-08-15T16:01:28Z,AD-WS-14,carlos.mendez,1216,531,svchost.exe,C:\Windows\System32\svchost.exe,Medium
2026-08-15T16:01:35Z,AD-WS-14,carlos.mendez,1217,594,explorer.exe,C:\Windows\System32\explorer.exe,Medium
2026-08-15T16:02:04Z,AD-WS-14,carlos.mendez,1218,853,SearchApp.exe,C:\Windows\System32\SearchApp.exe,Medium
2026-08-15T16:02:39Z,AD-WS-14,carlos.mendez,1219,505,RuntimeBroker.exe,C:\Windows\System32\RuntimeBroker.exe,Medium
2026-08-15T16:02:44Z,AD-WS-14,carlos.mendez,1220,548,cmd.exe,C:\Windows\System32\cmd.exe,Medium
2026-08-15T16:02:47Z,AD-WS-14,carlos.mendez,1221,510,cmd.exe,C:\Windows\System32\cmd.exe,Medium
2026-08-15T16:04:29Z,AD-WS-14,carlos.mendez,1222,763,chrome.exe,C:\Windows\System32\chrome.exe,Medium
2026-08-15T16:04:58Z,AD-WS-14,carlos.mendez,1223,563,chrome.exe,C:\Windows\System32\chrome.exe,Medium
2026-08-15T16:05:23Z,AD-WS-14,carlos.mendez,1224,624,conhost.exe,C:\Windows\System32\conhost.exe,Medium
2026-08-15T16:06:02Z,AD-WS-14,carlos.mendez,1225,651,SearchApp.exe,C:\Windows\System32\SearchApp.exe,Medium
2026-08-15T16:06:23Z,AD-WS-14,carlos.mendez,1226,862,RuntimeBroker.exe,C:\Windows\System32\RuntimeBroker.exe,Medium
2026-08-15T16:06:59Z,AD-WS-14,carlos.mendez,1227,420,SearchApp.exe,C:\Windows\System32\SearchApp.exe,Medium
2026-08-15T16:07:01Z,AD-WS-14,carlos.mendez,1228,505,chrome.exe,C:\Windows\System32\chrome.exe,Medium
2026-08-15T16:07:16Z,AD-WS-14,carlos.mendez,1229,744,chrome.exe,C:\Windows\System32\chrome.exe,Medium
2026-08-15T16:07:20Z,AD-WS-14,carlos.mendez,1230,946,RuntimeBroker.exe,C:\Windows\System32\RuntimeBroker.exe,Medium
2026-08-15T16:07:23Z,AD-WS-14,carlos.mendez,1231,485,SearchApp.exe,C:\Windows\System32\SearchApp.exe,Medium
2026-08-15T16:07:58Z,AD-WS-14,carlos.mendez,1232,804,explorer.exe,C:\Windows\System32\explorer.exe,Medium
2026-08-15T16:08:02Z,AD-WS-14,carlos.mendez,1233,599,chrome.exe,C:\Windows\System32\chrome.exe,Medium
2026-08-15T16:09:11Z,AD-WS-14,carlos.mendez,1234,649,explorer.exe,C:\Windows\System32\explorer.exe,Medium
2026-08-15T16:09:16Z,AD-WS-14,carlos.mendez,1235,977,chrome.exe,C:\Windows\System32\chrome.exe,Medium
2026-08-15T16:10:02Z,AD-WS-14,carlos.mendez,1236,433,conhost.exe,C:\Windows\System32\conhost.exe,Medium
2026-08-15T16:10:27Z,AD-WS-14,carlos.mendez,1237,648,SearchApp.exe,C:\Windows\System32\SearchApp.exe,Medium
2026-08-15T16:11:20Z,AD-WS-14,carlos.mendez,1238,917,explorer.exe,C:\Windows\System32\explorer.exe,Medium
2026-08-15T16:12:02Z,AD-WS-14,carlos.mendez,1239,862,SearchApp.exe,C:\Windows\System32\SearchApp.exe,Medium
2026-08-15T16:12:30Z,AD-WS-14,carlos.mendez,1240,747,chrome.exe,C:\Windows\System32\chrome.exe,Medium
2026-08-15T16:13:32Z,AD-WS-14,carlos.mendez,1241,913,chrome.exe,C:\Windows\System32\chrome.exe,Medium
2026-08-15T16:14:05Z,AD-WS-14,carlos.mendez,1242,438,chrome.exe,C:\Windows\System32\chrome.exe,Medium
2026-08-15T16:14:28Z,AD-WS-14,carlos.mendez,1243,415,conhost.exe,C:\Windows\System32\conhost.exe,Medium
2026-08-15T16:15:07Z,AD-WS-14,carlos.mendez,1244,553,chrome.exe,C:\Windows\System32\chrome.exe,Medium
2026-08-15T16:15:32Z,AD-WS-14,carlos.mendez,1245,403,svchost.exe,C:\Windows\System32\svchost.exe,Medium
2026-08-15T16:15:57Z,AD-WS-14,carlos.mendez,1246,990,conhost.exe,C:\Windows\System32\conhost.exe,Medium
2026-08-15T16:18:03Z,AD-WS-14,carlos.mendez,1247,932,SearchApp.exe,C:\Windows\System32\SearchApp.exe,Medium
2026-08-15T16:18:39Z,AD-WS-14,carlos.mendez,1248,741,RuntimeBroker.exe,C:\Windows\System32\RuntimeBroker.exe,Medium
2026-08-15T16:18:57Z,AD-WS-14,carlos.mendez,1249,817,SearchApp.exe,C:\Windows\System32\SearchApp.exe,Medium
2026-08-15T16:19:03Z,AD-WS-14,carlos.mendez,1250,404,cmd.exe,C:\Windows\System32\cmd.exe,Medium
2026-08-15T16:19:29Z,AD-WS-14,carlos.mendez,1251,985,svchost.exe,C:\Windows\System32\svchost.exe,Medium
2026-08-15T16:19:50Z,AD-WS-14,carlos.mendez,1252,827,SearchApp.exe,C:\Windows\System32\SearchApp.exe,Medium
2026-08-15T16:20:08Z,AD-WS-14,carlos.mendez,1253,799,cmd.exe,C:\Windows\System32\cmd.exe,Medium
2026-08-15T16:21:15Z,AD-WS-14,carlos.mendez,1254,852,cmd.exe,C:\Windows\System32\cmd.exe,Medium
2026-08-15T16:21:49Z,AD-WS-14,carlos.mendez,1255,609,RuntimeBroker.exe,C:\Windows\System32\RuntimeBroker.exe,Medium
2026-08-15T16:22:49Z,AD-WS-14,carlos.mendez,1256,995,conhost.exe,C:\Windows\System32\conhost.exe,Medium
2026-08-15T16:22:53Z,AD-WS-14,carlos.mendez,1257,591,RuntimeBroker.exe,C:\Windows\System32\RuntimeBroker.exe,Medium
2026-08-15T16:23:05Z,AD-WS-14,carlos.mendez,1258,950,SearchApp.exe,C:\Windows\System32\SearchApp.exe,Medium
2026-08-15T16:23:08Z,AD-WS-14,carlos.mendez,1259,599,cmd.exe,C:\Windows\System32\cmd.exe,Medium
2026-08-15T16:23:35Z,AD-WS-14,carlos.mendez,1260,432,SearchApp.exe,C:\Windows\System32\SearchApp.exe,Medium
2026-08-15T16:23:41Z,AD-WS-14,carlos.mendez,1261,905,conhost.exe,C:\Windows\System32\conhost.exe,Medium
2026-08-15T16:24:49Z,AD-WS-14,carlos.mendez,1262,931,RuntimeBroker.exe,C:\Windows\System32\RuntimeBroker.exe,Medium
2026-08-15T16:24:59Z,AD-WS-14,carlos.mendez,1263,442,RuntimeBroker.exe,C:\Windows\System32\RuntimeBroker.exe,Medium
2026-08-15T16:25:04Z,AD-WS-14,carlos.mendez,1264,980,cmd.exe,C:\Windows\System32\cmd.exe,Medium
2026-08-15T16:25:15Z,AD-WS-14,carlos.mendez,1265,946,SearchApp.exe,C:\Windows\System32\SearchApp.exe,Medium
2026-08-15T16:25:18Z,AD-WS-14,carlos.mendez,1266,587,RuntimeBroker.exe,C:\Windows\System32\RuntimeBroker.exe,Medium
2026-08-15T16:26:03Z,AD-WS-14,carlos.mendez,1267,416,conhost.exe,C:\Windows\System32\conhost.exe,Medium
2026-08-15T16:27:10Z,AD-WS-14,carlos.mendez,1268,990,SearchApp.exe,C:\Windows\System32\SearchApp.exe,Medium
2026-08-15T16:27:57Z,AD-WS-14,carlos.mendez,1269,640,RuntimeBroker.exe,C:\Windows\System32\RuntimeBroker.exe,Medium
2026-08-15T16:28:02Z,AD-WS-14,carlos.mendez,1270,649,cmd.exe,C:\Windows\System32\cmd.exe,Medium
2026-08-15T16:28:17Z,AD-WS-14,carlos.mendez,1271,472,RuntimeBroker.exe,C:\Windows\System32\RuntimeBroker.exe,Medium
2026-08-15T16:28:56Z,AD-WS-14,carlos.mendez,1272,510,svchost.exe,C:\Windows\System32\svchost.exe,Medium
2026-08-15T16:29:11Z,AD-WS-14,carlos.mendez,1273,593,conhost.exe,C:\Windows\System32\conhost.exe,Medium
2026-08-15T16:29:15Z,AD-WS-14,carlos.mendez,1274,533,SearchApp.exe,C:\Windows\System32\SearchApp.exe,Medium
2026-08-15T16:29:57Z,AD-WS-14,carlos.mendez,1275,405,chrome.exe,C:\Windows\System32\chrome.exe,Medium
2026-08-15T16:30:50Z,AD-WS-14,carlos.mendez,1276,595,RuntimeBroker.exe,C:\Windows\System32\RuntimeBroker.exe,Medium
2026-08-15T16:31:23Z,AD-WS-14,carlos.mendez,1277,742,svchost.exe,C:\Windows\System32\svchost.exe,Medium
2026-08-15T16:31:26Z,AD-WS-14,carlos.mendez,1278,553,conhost.exe,C:\Windows\System32\conhost.exe,Medium
2026-08-15T16:31:45Z,AD-WS-14,carlos.mendez,1279,787,cmd.exe,C:\Windows\System32\cmd.exe,Medium
2026-08-15T16:32:24Z,AD-WS-14,carlos.mendez,1280,804,chrome.exe,C:\Windows\System32\chrome.exe,Medium
2026-08-15T16:33:15Z,AD-WS-14,carlos.mendez,1281,692,SearchApp.exe,C:\Windows\System32\SearchApp.exe,Medium
2026-08-15T16:33:33Z,AD-WS-14,carlos.mendez,1282,658,conhost.exe,C:\Windows\System32\conhost.exe,Medium
2026-08-15T16:33:44Z,AD-WS-14,carlos.mendez,1283,821,chrome.exe,C:\Windows\System32\chrome.exe,Medium
2026-08-15T16:33:47Z,AD-WS-14,carlos.mendez,1284,597,cmd.exe,C:\Windows\System32\cmd.exe,Medium
2026-08-15T16:33:56Z,AD-WS-14,carlos.mendez,1285,582,cmd.exe,C:\Windows\System32\cmd.exe,Medium
2026-08-15T16:35:14Z,AD-WS-14,carlos.mendez,1286,736,explorer.exe,C:\Windows\System32\explorer.exe,Medium
2026-08-15T16:35:52Z,AD-WS-14,carlos.mendez,1287,774,svchost.exe,C:\Windows\System32\svchost.exe,Medium
2026-08-15T16:36:11Z,AD-WS-14,carlos.mendez,1288,791,chrome.exe,C:\Windows\System32\chrome.exe,Medium
2026-08-15T16:37:01Z,AD-WS-14,carlos.mendez,1289,934,SearchApp.exe,C:\Windows\System32\SearchApp.exe,Medium
2026-08-15T16:37:01Z,AD-WS-14,carlos.mendez,1290,933,conhost.exe,C:\Windows\System32\conhost.exe,Medium
2026-08-15T16:37:33Z,AD-WS-14,carlos.mendez,1291,694,conhost.exe,C:\Windows\System32\conhost.exe,Medium
2026-08-15T16:38:19Z,AD-WS-14,carlos.mendez,1292,969,RuntimeBroker.exe,C:\Windows\System32\RuntimeBroker.exe,Medium
2026-08-15T16:38:29Z,AD-WS-14,carlos.mendez,1293,411,conhost.exe,C:\Windows\System32\conhost.exe,Medium
2026-08-15T16:38:42Z,AD-WS-14,carlos.mendez,1294,783,conhost.exe,C:\Windows\System32\conhost.exe,Medium
2026-08-15T16:38:49Z,AD-WS-14,carlos.mendez,1295,739,RuntimeBroker.exe,C:\Windows\System32\RuntimeBroker.exe,Medium
2026-08-15T16:39:34Z,AD-WS-14,carlos.mendez,1296,890,chrome.exe,C:\Windows\System32\chrome.exe,Medium
2026-08-15T16:40:05Z,AD-WS-14,carlos.mendez,1297,585,chrome.exe,C:\Windows\System32\chrome.exe,Medium
2026-08-15T16:40:11Z,AD-WS-14,carlos.mendez,1298,429,svchost.exe,C:\Windows\System32\svchost.exe,Medium
2026-08-15T16:41:33Z,AD-WS-14,carlos.mendez,1299,945,explorer.exe,C:\Windows\System32\explorer.exe,Medium
2026-08-15T16:42:06Z,AD-WS-14,carlos.mendez,1300,552,RuntimeBroker.exe,C:\Windows\System32\RuntimeBroker.exe,Medium
2026-08-15T16:42:09Z,AD-WS-14,carlos.mendez,1301,711,explorer.exe,C:\Windows\System32\explorer.exe,Medium
2026-08-15T16:42:28Z,AD-WS-14,carlos.mendez,1302,626,conhost.exe,C:\Windows\System32\conhost.exe,Medium
2026-08-15T16:43:43Z,AD-WS-14,carlos.mendez,1303,863,cmd.exe,C:\Windows\System32\cmd.exe,Medium
2026-08-15T16:43:51Z,AD-WS-14,carlos.mendez,1304,496,conhost.exe,C:\Windows\System32\conhost.exe,Medium
2026-08-15T16:44:36Z,AD-WS-14,carlos.mendez,1305,579,chrome.exe,C:\Windows\System32\chrome.exe,Medium
2026-08-15T16:44:40Z,AD-WS-14,carlos.mendez,1306,691,conhost.exe,C:\Windows\System32\conhost.exe,Medium
2026-08-15T16:44:45Z,AD-WS-14,carlos.mendez,1307,915,explorer.exe,C:\Windows\System32\explorer.exe,Medium
2026-08-15T16:45:25Z,AD-WS-14,carlos.mendez,1308,926,cmd.exe,C:\Windows\System32\cmd.exe,Medium
2026-08-15T16:45:56Z,AD-WS-14,carlos.mendez,1309,525,svchost.exe,C:\Windows\System32\svchost.exe,Medium
2026-08-15T16:46:04Z,AD-WS-14,carlos.mendez,1310,872,explorer.exe,C:\Windows\System32\explorer.exe,Medium
2026-08-15T16:46:36Z,AD-WS-14,carlos.mendez,1311,582,conhost.exe,C:\Windows\System32\conhost.exe,Medium
2026-08-15T16:46:44Z,AD-WS-14,carlos.mendez,1312,679,cmd.exe,C:\Windows\System32\cmd.exe,Medium
2026-08-15T16:46:44Z,AD-WS-14,carlos.mendez,1313,560,RuntimeBroker.exe,C:\Windows\System32\RuntimeBroker.exe,Medium
2026-08-15T16:47:44Z,AD-WS-14,carlos.mendez,1314,965,RuntimeBroker.exe,C:\Windows\System32\RuntimeBroker.exe,Medium
2026-08-15T16:49:20Z,AD-WS-14,carlos.mendez,1315,703,conhost.exe,C:\Windows\System32\conhost.exe,Medium
2026-08-15T16:49:22Z,AD-WS-14,carlos.mendez,1316,432,conhost.exe,C:\Windows\System32\conhost.exe,Medium
2026-08-15T16:49:46Z,AD-WS-14,carlos.mendez,1317,985,conhost.exe,C:\Windows\System32\conhost.exe,Medium
2026-08-15T16:49:46Z,AD-WS-14,carlos.mendez,1318,829,SearchApp.exe,C:\Windows\System32\SearchApp.exe,Medium
2026-08-15T16:49:47Z,AD-WS-14,carlos.mendez,1319,903,chrome.exe,C:\Windows\System32\chrome.exe,Medium
2026-08-15T16:51:04Z,AD-WS-14,carlos.mendez,1320,941,explorer.exe,C:\Windows\System32\explorer.exe,Medium
2026-08-15T16:51:10Z,AD-WS-14,carlos.mendez,1321,744,cmd.exe,C:\Windows\System32\cmd.exe,Medium
2026-08-15T16:51:19Z,AD-WS-14,carlos.mendez,1322,876,explorer.exe,C:\Windows\System32\explorer.exe,Medium
2026-08-15T16:51:31Z,AD-WS-14,carlos.mendez,1323,511,chrome.exe,C:\Windows\System32\chrome.exe,Medium
2026-08-15T16:51:54Z,AD-WS-14,carlos.mendez,1324,554,explorer.exe,C:\Windows\System32\explorer.exe,Medium
2026-08-15T16:52:11Z,AD-WS-14,carlos.mendez,1325,896,svchost.exe,C:\Windows\System32\svchost.exe,Medium
2026-08-15T16:52:43Z,AD-WS-14,carlos.mendez,1326,487,explorer.exe,C:\Windows\System32\explorer.exe,Medium
2026-08-15T16:53:13Z,AD-WS-14,carlos.mendez,1327,725,conhost.exe,C:\Windows\System32\conhost.exe,Medium
2026-08-15T16:53:29Z,AD-WS-14,carlos.mendez,1328,984,conhost.exe,C:\Windows\System32\conhost.exe,Medium
2026-08-15T16:53:49Z,AD-WS-14,carlos.mendez,1329,956,cmd.exe,C:\Windows\System32\cmd.exe,Medium
2026-08-15T16:55:28Z,AD-WS-14,carlos.mendez,1330,448,cmd.exe,C:\Windows\System32\cmd.exe,Medium
2026-08-15T16:55:46Z,AD-WS-14,carlos.mendez,1331,793,chrome.exe,C:\Windows\System32\chrome.exe,Medium
2026-08-15T16:56:24Z,AD-WS-14,carlos.mendez,1332,581,svchost.exe,C:\Windows\System32\svchost.exe,Medium
2026-08-15T16:56:47Z,AD-WS-14,carlos.mendez,1333,553,explorer.exe,C:\Windows\System32\explorer.exe,Medium
2026-08-15T16:57:51Z,AD-WS-14,carlos.mendez,1334,907,chrome.exe,C:\Windows\System32\chrome.exe,Medium
2026-08-15T16:57:59Z,AD-WS-14,carlos.mendez,1335,436,cmd.exe,C:\Windows\System32\cmd.exe,Medium
2026-08-15T16:58:17Z,AD-WS-14,carlos.mendez,1336,572,explorer.exe,C:\Windows\System32\explorer.exe,Medium
2026-08-15T16:58:25Z,AD-WS-14,carlos.mendez,1337,486,cmd.exe,C:\Windows\System32\cmd.exe,Medium
2026-08-15T16:58:54Z,AD-WS-14,carlos.mendez,1338,595,explorer.exe,C:\Windows\System32\explorer.exe,Medium
2026-08-15T16:59:04Z,AD-WS-14,carlos.mendez,1339,947,SearchApp.exe,C:\Windows\System32\SearchApp.exe,Medium
2026-08-15T16:59:32Z,AD-WS-14,carlos.mendez,1340,460,svchost.exe,C:\Windows\System32\svchost.exe,Medium
2026-08-15T16:59:53Z,AD-WS-14,carlos.mendez,1341,950,SearchApp.exe,C:\Windows\System32\SearchApp.exe,Medium
2026-08-15T17:00:34Z,AD-WS-14,carlos.mendez,1342,410,chrome.exe,C:\Windows\System32\chrome.exe,Medium
2026-08-15T17:00:36Z,AD-WS-14,carlos.mendez,1343,818,RuntimeBroker.exe,C:\Windows\System32\RuntimeBroker.exe,Medium
2026-08-15T17:00:53Z,AD-WS-14,carlos.mendez,1344,551,chrome.exe,C:\Windows\System32\chrome.exe,Medium
2026-08-15T17:00:53Z,AD-WS-14,carlos.mendez,1345,636,RuntimeBroker.exe,C:\Windows\System32\RuntimeBroker.exe,Medium
2026-08-15T17:01:15Z,AD-WS-14,carlos.mendez,1346,770,RuntimeBroker.exe,C:\Windows\System32\RuntimeBroker.exe,Medium
2026-08-15T17:01:20Z,AD-WS-14,carlos.mendez,1347,775,chrome.exe,C:\Windows\System32\chrome.exe,Medium
2026-08-15T17:01:38Z,AD-WS-14,carlos.mendez,1348,849,svchost.exe,C:\Windows\System32\svchost.exe,Medium
2026-08-15T17:02:42Z,AD-WS-14,carlos.mendez,1349,593,cmd.exe,C:\Windows\System32\cmd.exe,Medium
2026-08-15T17:03:26Z,AD-WS-14,carlos.mendez,1350,407,explorer.exe,C:\Windows\System32\explorer.exe,Medium
2026-08-15T17:03:46Z,AD-WS-14,carlos.mendez,1351,942,svchost.exe,C:\Windows\System32\svchost.exe,Medium
2026-08-15T17:04:51Z,AD-WS-14,carlos.mendez,1352,531,explorer.exe,C:\Windows\System32\explorer.exe,Medium
2026-08-15T17:05:26Z,AD-WS-14,carlos.mendez,1353,706,conhost.exe,C:\Windows\System32\conhost.exe,Medium
2026-08-15T17:05:35Z,AD-WS-14,carlos.mendez,1354,524,chrome.exe,C:\Windows\System32\chrome.exe,Medium
2026-08-15T17:05:37Z,AD-WS-14,carlos.mendez,1355,440,explorer.exe,C:\Windows\System32\explorer.exe,Medium
2026-08-15T17:05:52Z,AD-WS-14,carlos.mendez,1356,792,cmd.exe,C:\Windows\System32\cmd.exe,Medium
2026-08-15T17:05:55Z,AD-WS-14,carlos.mendez,1357,503,conhost.exe,C:\Windows\System32\conhost.exe,Medium
2026-08-15T17:06:03Z,AD-WS-14,carlos.mendez,1358,924,svchost.exe,C:\Windows\System32\svchost.exe,Medium
2026-08-15T17:06:21Z,AD-WS-14,carlos.mendez,1359,725,chrome.exe,C:\Windows\System32\chrome.exe,Medium
2026-08-15T17:06:22Z,AD-WS-14,carlos.mendez,1360,897,cmd.exe,C:\Windows\System32\cmd.exe,Medium
2026-08-15T17:06:26Z,AD-WS-14,carlos.mendez,1361,686,svchost.exe,C:\Windows\System32\svchost.exe,Medium
2026-08-15T17:06:27Z,AD-WS-14,carlos.mendez,1362,992,svchost.exe,C:\Windows\System32\svchost.exe,Medium
2026-08-15T17:06:27Z,AD-WS-14,carlos.mendez,1363,817,explorer.exe,C:\Windows\System32\explorer.exe,Medium
2026-08-15T17:06:32Z,AD-WS-14,carlos.mendez,1364,401,chrome.exe,C:\Windows\System32\chrome.exe,Medium
2026-08-15T17:07:22Z,AD-WS-14,carlos.mendez,1365,791,conhost.exe,C:\Windows\System32\conhost.exe,Medium
2026-08-15T17:07:24Z,AD-WS-14,carlos.mendez,1366,500,chrome.exe,C:\Windows\System32\chrome.exe,Medium
2026-08-15T17:08:09Z,AD-WS-14,carlos.mendez,1367,511,chrome.exe,C:\Windows\System32\chrome.exe,Medium
2026-08-15T17:08:54Z,AD-WS-14,carlos.mendez,1368,921,svchost.exe,C:\Windows\System32\svchost.exe,Medium
2026-08-15T17:09:16Z,AD-WS-14,carlos.mendez,1369,586,explorer.exe,C:\Windows\System32\explorer.exe,Medium
2026-08-15T17:09:16Z,AD-WS-14,carlos.mendez,1370,694,explorer.exe,C:\Windows\System32\explorer.exe,Medium
2026-08-15T17:09:21Z,AD-WS-14,carlos.mendez,1371,629,svchost.exe,C:\Windows\System32\svchost.exe,Medium
2026-08-15T17:10:06Z,AD-WS-14,carlos.mendez,1372,569,cmd.exe,C:\Windows\System32\cmd.exe,Medium
2026-08-15T17:10:19Z,AD-WS-14,carlos.mendez,1373,990,cmd.exe,C:\Windows\System32\cmd.exe,Medium
2026-08-15T17:12:00Z,AD-WS-14,carlos.mendez,1374,463,chrome.exe,C:\Windows\System32\chrome.exe,Medium
2026-08-15T17:12:34Z,AD-WS-14,carlos.mendez,1375,426,svchost.exe,C:\Windows\System32\svchost.exe,Medium
2026-08-15T17:13:22Z,AD-WS-14,carlos.mendez,1376,650,explorer.exe,C:\Windows\System32\explorer.exe,Medium
2026-08-15T17:13:44Z,AD-WS-14,carlos.mendez,1377,599,explorer.exe,C:\Windows\System32\explorer.exe,Medium
2026-08-15T17:13:53Z,AD-WS-14,carlos.mendez,1378,561,cmd.exe,C:\Windows\System32\cmd.exe,Medium
2026-08-15T17:14:44Z,AD-WS-14,carlos.mendez,1379,523,cmd.exe,C:\Windows\System32\cmd.exe,Medium
2026-08-15T17:14:55Z,AD-WS-14,carlos.mendez,1380,982,explorer.exe,C:\Windows\System32\explorer.exe,Medium
2026-08-15T17:16:32Z,AD-WS-14,carlos.mendez,1381,539,RuntimeBroker.exe,C:\Windows\System32\RuntimeBroker.exe,Medium
2026-08-15T17:16:51Z,AD-WS-14,carlos.mendez,1382,953,cmd.exe,C:\Windows\System32\cmd.exe,Medium
2026-08-15T17:16:56Z,AD-WS-14,carlos.mendez,1383,919,chrome.exe,C:\Windows\System32\chrome.exe,Medium
2026-08-15T17:17:55Z,AD-WS-14,carlos.mendez,1384,689,svchost.exe,C:\Windows\System32\svchost.exe,Medium
2026-08-15T17:18:04Z,AD-WS-14,carlos.mendez,1385,906,explorer.exe,C:\Windows\System32\explorer.exe,Medium
2026-08-15T17:18:26Z,AD-WS-14,carlos.mendez,1386,724,explorer.exe,C:\Windows\System32\explorer.exe,Medium
2026-08-15T17:18:32Z,AD-WS-14,carlos.mendez,1387,576,svchost.exe,C:\Windows\System32\svchost.exe,Medium
2026-08-15T17:19:50Z,AD-WS-14,carlos.mendez,1388,502,explorer.exe,C:\Windows\System32\explorer.exe,Medium
2026-08-15T17:20:24Z,AD-WS-14,carlos.mendez,1389,675,cmd.exe,C:\Windows\System32\cmd.exe,Medium
2026-08-15T17:22:09Z,AD-WS-14,carlos.mendez,1390,486,conhost.exe,C:\Windows\System32\conhost.exe,Medium
2026-08-15T17:23:05Z,AD-WS-14,carlos.mendez,1391,495,SearchApp.exe,C:\Windows\System32\SearchApp.exe,Medium
2026-08-15T17:23:17Z,AD-WS-14,carlos.mendez,1392,486,svchost.exe,C:\Windows\System32\svchost.exe,Medium
2026-08-15T17:23:53Z,AD-WS-14,carlos.mendez,1393,994,RuntimeBroker.exe,C:\Windows\System32\RuntimeBroker.exe,Medium
2026-08-15T17:24:16Z,AD-WS-14,carlos.mendez,1394,629,chrome.exe,C:\Windows\System32\chrome.exe,Medium
2026-08-15T17:24:28Z,AD-WS-14,carlos.mendez,1395,545,cmd.exe,C:\Windows\System32\cmd.exe,Medium
2026-08-15T17:25:41Z,AD-WS-14,carlos.mendez,1396,400,svchost.exe,C:\Windows\System32\svchost.exe,Medium
2026-08-15T17:25:42Z,AD-WS-14,carlos.mendez,1397,890,chrome.exe,C:\Windows\System32\chrome.exe,Medium
2026-08-15T17:26:23Z,AD-WS-14,carlos.mendez,1398,704,RuntimeBroker.exe,C:\Windows\System32\RuntimeBroker.exe,Medium
2026-08-15T17:26:24Z,AD-WS-14,carlos.mendez,1399,583,cmd.exe,C:\Windows\System32\cmd.exe,Medium
2026-08-15T17:26:36Z,AD-WS-14,carlos.mendez,1400,953,conhost.exe,C:\Windows\System32\conhost.exe,Medium
2026-08-15T17:26:42Z,AD-WS-14,carlos.mendez,1401,700,svchost.exe,C:\Windows\System32\svchost.exe,Medium
2026-08-15T17:26:54Z,AD-WS-14,carlos.mendez,1402,652,cmd.exe,C:\Windows\System32\cmd.exe,Medium
2026-08-15T17:27:20Z,AD-WS-14,carlos.mendez,1403,731,cmd.exe,C:\Windows\System32\cmd.exe,Medium
2026-08-15T17:27:33Z,AD-WS-14,carlos.mendez,1404,523,conhost.exe,C:\Windows\System32\conhost.exe,Medium
2026-08-15T17:27:48Z,AD-WS-14,carlos.mendez,1405,711,cmd.exe,C:\Windows\System32\cmd.exe,Medium
2026-08-15T17:28:33Z,AD-WS-14,carlos.mendez,1406,525,cmd.exe,C:\Windows\System32\cmd.exe,Medium
2026-08-15T17:28:50Z,AD-WS-14,carlos.mendez,1407,984,RuntimeBroker.exe,C:\Windows\System32\RuntimeBroker.exe,Medium
2026-08-15T17:29:09Z,AD-WS-14,carlos.mendez,1408,950,SearchApp.exe,C:\Windows\System32\SearchApp.exe,Medium
2026-08-15T17:29:22Z,AD-WS-14,carlos.mendez,1409,488,conhost.exe,C:\Windows\System32\conhost.exe,Medium
2026-08-15T17:29:40Z,AD-WS-14,carlos.mendez,1410,816,SearchApp.exe,C:\Windows\System32\SearchApp.exe,Medium
2026-08-15T17:29:44Z,AD-WS-14,carlos.mendez,1411,422,explorer.exe,C:\Windows\System32\explorer.exe,Medium
2026-08-15T17:29:56Z,AD-WS-14,carlos.mendez,1412,508,cmd.exe,C:\Windows\System32\cmd.exe,Medium
2026-08-15T17:29:57Z,AD-WS-14,carlos.mendez,1413,505,RuntimeBroker.exe,C:\Windows\System32\RuntimeBroker.exe,Medium
2026-08-15T17:30:41Z,AD-WS-14,carlos.mendez,1414,756,svchost.exe,C:\Windows\System32\svchost.exe,Medium
2026-08-15T17:30:57Z,AD-WS-14,carlos.mendez,1415,614,chrome.exe,C:\Windows\System32\chrome.exe,Medium
2026-08-15T17:31:20Z,AD-WS-14,carlos.mendez,1416,516,cmd.exe,C:\Windows\System32\cmd.exe,Medium
2026-08-15T17:32:58Z,AD-WS-14,carlos.mendez,1417,845,conhost.exe,C:\Windows\System32\conhost.exe,Medium
2026-08-15T17:33:54Z,AD-WS-14,carlos.mendez,1418,856,cmd.exe,C:\Windows\System32\cmd.exe,Medium
2026-08-15T17:34:17Z,AD-WS-14,carlos.mendez,1419,480,svchost.exe,C:\Windows\System32\svchost.exe,Medium
2026-08-15T17:34:19Z,AD-WS-14,carlos.mendez,1420,699,cmd.exe,C:\Windows\System32\cmd.exe,Medium
2026-08-15T17:34:31Z,AD-WS-14,carlos.mendez,1421,401,svchost.exe,C:\Windows\System32\svchost.exe,Medium
2026-08-15T17:34:55Z,AD-WS-14,carlos.mendez,1422,973,chrome.exe,C:\Windows\System32\chrome.exe,Medium
2026-08-15T17:35:16Z,AD-WS-14,carlos.mendez,1423,540,RuntimeBroker.exe,C:\Windows\System32\RuntimeBroker.exe,Medium
2026-08-15T17:35:25Z,AD-WS-14,carlos.mendez,1424,428,conhost.exe,C:\Windows\System32\conhost.exe,Medium
2026-08-15T17:35:33Z,AD-WS-14,carlos.mendez,1425,668,SearchApp.exe,C:\Windows\System32\SearchApp.exe,Medium
2026-08-15T17:35:51Z,AD-WS-14,carlos.mendez,1426,756,cmd.exe,C:\Windows\System32\cmd.exe,Medium
2026-08-15T17:36:39Z,AD-WS-14,carlos.mendez,1427,549,SearchApp.exe,C:\Windows\System32\SearchApp.exe,Medium
2026-08-15T17:36:54Z,AD-WS-14,carlos.mendez,1428,430,cmd.exe,C:\Windows\System32\cmd.exe,Medium
2026-08-15T17:37:55Z,AD-WS-14,carlos.mendez,1429,426,cmd.exe,C:\Windows\System32\cmd.exe,Medium
2026-08-15T17:37:56Z,AD-WS-14,carlos.mendez,1430,960,RuntimeBroker.exe,C:\Windows\System32\RuntimeBroker.exe,Medium
2026-08-15T17:38:10Z,AD-WS-14,carlos.mendez,1431,580,explorer.exe,C:\Windows\System32\explorer.exe,Medium
2026-08-15T17:38:10Z,AD-WS-14,carlos.mendez,1432,906,cmd.exe,C:\Windows\System32\cmd.exe,Medium
2026-08-15T17:38:19Z,AD-WS-14,carlos.mendez,1433,843,explorer.exe,C:\Windows\System32\explorer.exe,Medium
2026-08-15T17:38:43Z,AD-WS-14,carlos.mendez,1434,776,conhost.exe,C:\Windows\System32\conhost.exe,Medium
2026-08-15T17:39:10Z,AD-WS-14,carlos.mendez,1435,976,explorer.exe,C:\Windows\System32\explorer.exe,Medium
2026-08-15T17:39:26Z,AD-WS-14,carlos.mendez,1436,866,explorer.exe,C:\Windows\System32\explorer.exe,Medium
2026-08-15T17:40:19Z,AD-WS-14,carlos.mendez,1437,782,explorer.exe,C:\Windows\System32\explorer.exe,Medium
2026-08-15T17:40:41Z,AD-WS-14,carlos.mendez,1438,529,cmd.exe,C:\Windows\System32\cmd.exe,Medium
2026-08-15T17:41:38Z,AD-WS-14,carlos.mendez,1439,722,svchost.exe,C:\Windows\System32\svchost.exe,Medium
2026-08-15T17:42:57Z,AD-WS-14,carlos.mendez,1440,759,SearchApp.exe,C:\Windows\System32\SearchApp.exe,Medium
2026-08-15T17:44:16Z,AD-WS-14,carlos.mendez,1441,875,SearchApp.exe,C:\Windows\System32\SearchApp.exe,Medium
2026-08-15T17:44:51Z,AD-WS-14,carlos.mendez,1442,496,RuntimeBroker.exe,C:\Windows\System32\RuntimeBroker.exe,Medium
2026-08-15T17:45:01Z,AD-WS-14,carlos.mendez,1443,835,conhost.exe,C:\Windows\System32\conhost.exe,Medium
2026-08-15T17:45:06Z,AD-WS-14,carlos.mendez,1444,473,SearchApp.exe,C:\Windows\System32\SearchApp.exe,Medium
2026-08-15T17:45:51Z,AD-WS-14,carlos.mendez,1445,875,explorer.exe,C:\Windows\System32\explorer.exe,Medium
2026-08-15T17:46:02Z,AD-WS-14,carlos.mendez,1446,718,conhost.exe,C:\Windows\System32\conhost.exe,Medium
2026-08-15T17:46:07Z,AD-WS-14,carlos.mendez,1447,677,conhost.exe,C:\Windows\System32\conhost.exe,Medium
2026-08-15T17:46:47Z,AD-WS-14,carlos.mendez,1448,419,cmd.exe,C:\Windows\System32\cmd.exe,Medium
2026-08-15T17:49:03Z,AD-WS-14,carlos.mendez,1449,633,svchost.exe,C:\Windows\System32\svchost.exe,Medium
2026-08-15T17:49:06Z,AD-WS-14,carlos.mendez,1450,756,svchost.exe,C:\Windows\System32\svchost.exe,Medium
2026-08-15T17:49:49Z,AD-WS-14,carlos.mendez,1451,861,RuntimeBroker.exe,C:\Windows\System32\RuntimeBroker.exe,Medium
2026-08-15T17:50:50Z,AD-WS-14,carlos.mendez,1452,728,explorer.exe,C:\Windows\System32\explorer.exe,Medium
2026-08-15T17:51:05Z,AD-WS-14,carlos.mendez,1453,606,conhost.exe,C:\Windows\System32\conhost.exe,Medium
2026-08-15T17:51:09Z,AD-WS-14,carlos.mendez,1454,569,explorer.exe,C:\Windows\System32\explorer.exe,Medium
2026-08-15T17:51:25Z,AD-WS-14,carlos.mendez,1455,997,chrome.exe,C:\Windows\System32\chrome.exe,Medium
2026-08-15T17:51:29Z,AD-WS-14,carlos.mendez,1456,444,SearchApp.exe,C:\Windows\System32\SearchApp.exe,Medium
2026-08-15T17:52:41Z,AD-WS-14,carlos.mendez,1457,602,SearchApp.exe,C:\Windows\System32\SearchApp.exe,Medium
2026-08-15T17:53:22Z,AD-WS-14,carlos.mendez,1458,805,svchost.exe,C:\Windows\System32\svchost.exe,Medium
2026-08-15T17:53:54Z,AD-WS-14,carlos.mendez,1459,835,RuntimeBroker.exe,C:\Windows\System32\RuntimeBroker.exe,Medium
2026-08-15T17:54:19Z,AD-WS-14,carlos.mendez,1460,961,conhost.exe,C:\Windows\System32\conhost.exe,Medium
2026-08-15T17:54:31Z,AD-WS-14,carlos.mendez,1461,883,RuntimeBroker.exe,C:\Windows\System32\RuntimeBroker.exe,Medium
2026-08-15T17:55:26Z,AD-WS-14,carlos.mendez,1462,847,RuntimeBroker.exe,C:\Windows\System32\RuntimeBroker.exe,Medium
2026-08-15T17:55:41Z,AD-WS-14,carlos.mendez,1463,518,conhost.exe,C:\Windows\System32\conhost.exe,Medium
2026-08-15T17:55:53Z,AD-WS-14,carlos.mendez,1464,587,RuntimeBroker.exe,C:\Windows\System32\RuntimeBroker.exe,Medium
2026-08-15T17:56:28Z,AD-WS-14,carlos.mendez,1465,462,conhost.exe,C:\Windows\System32\conhost.exe,Medium
2026-08-15T17:57:09Z,AD-WS-14,carlos.mendez,1466,539,cmd.exe,C:\Windows\System32\cmd.exe,Medium
2026-08-15T17:57:57Z,AD-WS-14,carlos.mendez,1467,544,conhost.exe,C:\Windows\System32\conhost.exe,Medium
2026-08-15T17:58:07Z,AD-WS-14,carlos.mendez,1468,752,RuntimeBroker.exe,C:\Windows\System32\RuntimeBroker.exe,Medium
2026-08-15T17:59:46Z,AD-WS-14,carlos.mendez,1469,446,chrome.exe,C:\Windows\System32\chrome.exe,Medium
2026-08-15T18:00:39Z,AD-WS-14,carlos.mendez,1470,414,chrome.exe,C:\Windows\System32\chrome.exe,Medium
2026-08-15T18:00:41Z,AD-WS-14,carlos.mendez,1471,813,explorer.exe,C:\Windows\System32\explorer.exe,Medium
2026-08-15T18:00:45Z,AD-WS-14,carlos.mendez,1472,494,conhost.exe,C:\Windows\System32\conhost.exe,Medium
2026-08-15T18:01:24Z,AD-WS-14,carlos.mendez,1473,799,SearchApp.exe,C:\Windows\System32\SearchApp.exe,Medium
2026-08-15T18:01:30Z,AD-WS-14,carlos.mendez,1474,932,conhost.exe,C:\Windows\System32\conhost.exe,Medium
2026-08-15T18:02:09Z,AD-WS-14,carlos.mendez,1475,661,cmd.exe,C:\Windows\System32\cmd.exe,Medium
2026-08-15T18:02:14Z,AD-WS-14,carlos.mendez,1476,462,chrome.exe,C:\Windows\System32\chrome.exe,Medium
2026-08-15T18:03:26Z,AD-WS-14,carlos.mendez,1477,726,svchost.exe,C:\Windows\System32\svchost.exe,Medium
2026-08-15T18:03:33Z,AD-WS-14,carlos.mendez,1478,842,conhost.exe,C:\Windows\System32\conhost.exe,Medium
2026-08-15T18:03:34Z,AD-WS-14,carlos.mendez,1479,533,cmd.exe,C:\Windows\System32\cmd.exe,Medium
2026-08-15T18:03:35Z,AD-WS-14,carlos.mendez,1480,750,explorer.exe,C:\Windows\System32\explorer.exe,Medium
2026-08-15T18:03:44Z,AD-WS-14,carlos.mendez,1481,953,conhost.exe,C:\Windows\System32\conhost.exe,Medium
2026-08-15T18:03:48Z,AD-WS-14,carlos.mendez,1482,930,chrome.exe,C:\Windows\System32\chrome.exe,Medium
2026-08-15T18:04:08Z,AD-WS-14,carlos.mendez,1483,418,svchost.exe,C:\Windows\System32\svchost.exe,Medium
2026-08-15T18:04:38Z,AD-WS-14,carlos.mendez,1484,413,SearchApp.exe,C:\Windows\System32\SearchApp.exe,Medium
2026-08-15T18:05:00Z,AD-WS-14,carlos.mendez,1485,740,chrome.exe,C:\Windows\System32\chrome.exe,Medium
2026-08-15T18:05:12Z,AD-WS-14,carlos.mendez,1486,956,conhost.exe,C:\Windows\System32\conhost.exe,Medium
2026-08-15T18:06:37Z,AD-WS-14,carlos.mendez,1487,849,explorer.exe,C:\Windows\System32\explorer.exe,Medium
2026-08-15T18:06:50Z,AD-WS-14,carlos.mendez,1488,466,RuntimeBroker.exe,C:\Windows\System32\RuntimeBroker.exe,Medium
2026-08-15T18:07:02Z,AD-WS-14,carlos.mendez,1489,885,chrome.exe,C:\Windows\System32\chrome.exe,Medium
2026-08-15T18:08:04Z,AD-WS-14,carlos.mendez,1490,749,svchost.exe,C:\Windows\System32\svchost.exe,Medium
2026-08-15T18:08:10Z,AD-WS-14,carlos.mendez,1491,844,cmd.exe,C:\Windows\System32\cmd.exe,Medium
2026-08-15T18:08:11Z,AD-WS-14,carlos.mendez,1492,872,chrome.exe,C:\Windows\System32\chrome.exe,Medium
2026-08-15T18:08:12Z,AD-WS-14,carlos.mendez,1493,498,cmd.exe,C:\Windows\System32\cmd.exe,Medium
2026-08-15T18:08:44Z,AD-WS-14,carlos.mendez,1494,895,conhost.exe,C:\Windows\System32\conhost.exe,Medium
2026-08-15T18:09:46Z,AD-WS-14,carlos.mendez,1495,995,explorer.exe,C:\Windows\System32\explorer.exe,Medium
2026-08-15T18:11:05Z,AD-WS-14,carlos.mendez,1496,574,svchost.exe,C:\Windows\System32\svchost.exe,Medium
2026-08-15T18:11:18Z,AD-WS-14,carlos.mendez,1497,976,SearchApp.exe,C:\Windows\System32\SearchApp.exe,Medium
2026-08-15T18:11:27Z,AD-WS-14,carlos.mendez,1498,497,RuntimeBroker.exe,C:\Windows\System32\RuntimeBroker.exe,Medium
2026-08-15T18:11:43Z,AD-WS-14,carlos.mendez,1499,649,chrome.exe,C:\Windows\System32\chrome.exe,Medium
2026-08-15T18:11:49Z,AD-WS-14,carlos.mendez,1500,677,explorer.exe,C:\Windows\System32\explorer.exe,Medium
2026-08-15T18:12:02Z,AD-WS-14,carlos.mendez,1501,630,chrome.exe,C:\Windows\System32\chrome.exe,Medium
2026-08-15T18:12:11Z,AD-WS-14,carlos.mendez,1502,957,explorer.exe,C:\Windows\System32\explorer.exe,Medium
2026-08-15T18:12:18Z,AD-WS-14,carlos.mendez,1503,613,chrome.exe,C:\Windows\System32\chrome.exe,Medium
2026-08-15T18:12:27Z,AD-WS-14,carlos.mendez,1504,541,svchost.exe,C:\Windows\System32\svchost.exe,Medium
2026-08-15T18:12:39Z,AD-WS-14,carlos.mendez,1505,864,SearchApp.exe,C:\Windows\System32\SearchApp.exe,Medium
2026-08-15T18:13:02Z,AD-WS-14,carlos.mendez,1506,922,RuntimeBroker.exe,C:\Windows\System32\RuntimeBroker.exe,Medium
2026-08-15T18:13:05Z,AD-WS-14,carlos.mendez,1507,601,cmd.exe,C:\Windows\System32\cmd.exe,Medium
2026-08-15T18:13:37Z,AD-WS-14,carlos.mendez,1508,520,explorer.exe,C:\Windows\System32\explorer.exe,Medium
2026-08-15T18:14:25Z,AD-WS-14,carlos.mendez,1509,580,svchost.exe,C:\Windows\System32\svchost.exe,Medium
2026-08-15T18:14:39Z,AD-WS-14,carlos.mendez,1510,451,conhost.exe,C:\Windows\System32\conhost.exe,Medium
2026-08-15T18:15:09Z,AD-WS-14,carlos.mendez,1511,749,RuntimeBroker.exe,C:\Windows\System32\RuntimeBroker.exe,Medium
2026-08-15T18:15:15Z,AD-WS-14,carlos.mendez,1512,556,cmd.exe,C:\Windows\System32\cmd.exe,Medium
2026-08-15T18:15:17Z,AD-WS-14,carlos.mendez,1513,771,svchost.exe,C:\Windows\System32\svchost.exe,Medium
2026-08-15T18:15:23Z,AD-WS-14,carlos.mendez,1514,664,SearchApp.exe,C:\Windows\System32\SearchApp.exe,Medium
2026-08-15T18:15:28Z,AD-WS-14,carlos.mendez,1515,936,chrome.exe,C:\Windows\System32\chrome.exe,Medium
2026-08-15T18:15:43Z,AD-WS-14,carlos.mendez,1516,593,svchost.exe,C:\Windows\System32\svchost.exe,Medium
2026-08-15T18:16:25Z,AD-WS-14,carlos.mendez,1517,661,chrome.exe,C:\Windows\System32\chrome.exe,Medium
2026-08-15T18:16:27Z,AD-WS-14,carlos.mendez,1518,748,svchost.exe,C:\Windows\System32\svchost.exe,Medium
2026-08-15T18:16:55Z,AD-WS-14,carlos.mendez,1519,766,RuntimeBroker.exe,C:\Windows\System32\RuntimeBroker.exe,Medium
2026-08-15T18:17:39Z,AD-WS-14,carlos.mendez,1520,765,SearchApp.exe,C:\Windows\System32\SearchApp.exe,Medium
2026-08-15T18:18:57Z,AD-WS-14,carlos.mendez,1521,773,cmd.exe,C:\Windows\System32\cmd.exe,Medium
2026-08-15T18:19:09Z,AD-WS-14,carlos.mendez,1522,997,svchost.exe,C:\Windows\System32\svchost.exe,Medium
2026-08-15T18:19:32Z,AD-WS-14,carlos.mendez,1523,882,conhost.exe,C:\Windows\System32\conhost.exe,Medium
2026-08-15T18:19:48Z,AD-WS-14,carlos.mendez,1524,663,cmd.exe,C:\Windows\System32\cmd.exe,Medium
2026-08-15T18:20:11Z,AD-WS-14,carlos.mendez,1525,649,cmd.exe,C:\Windows\System32\cmd.exe,Medium
2026-08-15T18:20:30Z,AD-WS-14,carlos.mendez,1526,753,conhost.exe,C:\Windows\System32\conhost.exe,Medium
2026-08-15T18:23:12Z,AD-WS-14,carlos.mendez,1527,657,svchost.exe,C:\Windows\System32\svchost.exe,Medium
2026-08-15T18:23:43Z,AD-WS-14,carlos.mendez,1528,708,chrome.exe,C:\Windows\System32\chrome.exe,Medium
2026-08-15T18:24:54Z,AD-WS-14,carlos.mendez,1529,976,conhost.exe,C:\Windows\System32\conhost.exe,Medium
2026-08-15T18:25:59Z,AD-WS-14,carlos.mendez,1530,543,cmd.exe,C:\Windows\System32\cmd.exe,Medium
2026-08-15T18:26:56Z,AD-WS-14,carlos.mendez,1531,417,conhost.exe,C:\Windows\System32\conhost.exe,Medium
2026-08-15T18:27:32Z,AD-WS-14,carlos.mendez,1532,780,RuntimeBroker.exe,C:\Windows\System32\RuntimeBroker.exe,Medium
2026-08-15T18:28:28Z,AD-WS-14,carlos.mendez,1533,727,chrome.exe,C:\Windows\System32\chrome.exe,Medium
2026-08-15T18:29:21Z,AD-WS-14,carlos.mendez,1534,676,chrome.exe,C:\Windows\System32\chrome.exe,Medium
2026-08-15T18:29:47Z,AD-WS-14,carlos.mendez,1535,488,RuntimeBroker.exe,C:\Windows\System32\RuntimeBroker.exe,Medium
2026-08-15T18:30:17Z,AD-WS-14,carlos.mendez,1536,938,explorer.exe,C:\Windows\System32\explorer.exe,Medium
2026-08-15T18:30:17Z,AD-WS-14,carlos.mendez,1537,474,explorer.exe,C:\Windows\System32\explorer.exe,Medium
2026-08-15T18:30:40Z,AD-WS-14,carlos.mendez,1538,500,conhost.exe,C:\Windows\System32\conhost.exe,Medium
2026-08-15T18:30:59Z,AD-WS-14,carlos.mendez,1539,863,conhost.exe,C:\Windows\System32\conhost.exe,Medium
2026-08-15T18:31:06Z,AD-WS-14,carlos.mendez,1540,984,cmd.exe,C:\Windows\System32\cmd.exe,Medium
2026-08-15T18:31:16Z,AD-WS-14,carlos.mendez,1541,691,conhost.exe,C:\Windows\System32\conhost.exe,Medium
2026-08-15T18:31:46Z,AD-WS-14,carlos.mendez,1542,700,RuntimeBroker.exe,C:\Windows\System32\RuntimeBroker.exe,Medium
2026-08-15T18:32:06Z,AD-WS-14,carlos.mendez,1543,534,chrome.exe,C:\Windows\System32\chrome.exe,Medium
2026-08-15T18:32:28Z,AD-WS-14,carlos.mendez,1544,925,explorer.exe,C:\Windows\System32\explorer.exe,Medium
2026-08-15T18:33:00Z,AD-WS-14,carlos.mendez,1545,544,explorer.exe,C:\Windows\System32\explorer.exe,Medium
2026-08-15T18:33:03Z,AD-WS-14,carlos.mendez,1546,987,RuntimeBroker.exe,C:\Windows\System32\RuntimeBroker.exe,Medium
2026-08-15T18:33:05Z,AD-WS-14,carlos.mendez,1547,912,chrome.exe,C:\Windows\System32\chrome.exe,Medium
2026-08-15T18:33:23Z,AD-WS-14,carlos.mendez,1548,703,SearchApp.exe,C:\Windows\System32\SearchApp.exe,Medium
2026-08-15T18:35:07Z,AD-WS-14,carlos.mendez,1549,848,explorer.exe,C:\Windows\System32\explorer.exe,Medium
2026-08-15T18:35:08Z,AD-WS-14,carlos.mendez,1550,820,RuntimeBroker.exe,C:\Windows\System32\RuntimeBroker.exe,Medium
2026-08-15T18:35:23Z,AD-WS-14,carlos.mendez,1551,624,cmd.exe,C:\Windows\System32\cmd.exe,Medium
2026-08-15T18:35:27Z,AD-WS-14,carlos.mendez,1552,684,svchost.exe,C:\Windows\System32\svchost.exe,Medium
2026-08-15T18:35:45Z,AD-WS-14,carlos.mendez,1553,728,RuntimeBroker.exe,C:\Windows\System32\RuntimeBroker.exe,Medium
2026-08-15T18:35:56Z,AD-WS-14,carlos.mendez,1554,749,conhost.exe,C:\Windows\System32\conhost.exe,Medium
2026-08-15T18:36:09Z,AD-WS-14,carlos.mendez,1555,981,svchost.exe,C:\Windows\System32\svchost.exe,Medium
2026-08-15T18:36:50Z,AD-WS-14,carlos.mendez,1556,711,conhost.exe,C:\Windows\System32\conhost.exe,Medium
2026-08-15T18:37:44Z,AD-WS-14,carlos.mendez,1557,944,SearchApp.exe,C:\Windows\System32\SearchApp.exe,Medium
2026-08-15T18:37:45Z,AD-WS-14,carlos.mendez,1558,788,cmd.exe,C:\Windows\System32\cmd.exe,Medium
2026-08-15T18:37:47Z,AD-WS-14,carlos.mendez,1559,691,cmd.exe,C:\Windows\System32\cmd.exe,Medium
2026-08-15T18:37:55Z,AD-WS-14,carlos.mendez,1560,844,svchost.exe,C:\Windows\System32\svchost.exe,Medium
2026-08-15T18:38:21Z,AD-WS-14,carlos.mendez,1561,959,explorer.exe,C:\Windows\System32\explorer.exe,Medium
2026-08-15T18:40:10Z,AD-WS-14,carlos.mendez,1562,572,RuntimeBroker.exe,C:\Windows\System32\RuntimeBroker.exe,Medium
2026-08-15T18:40:25Z,AD-WS-14,carlos.mendez,1563,465,RuntimeBroker.exe,C:\Windows\System32\RuntimeBroker.exe,Medium
2026-08-15T18:40:46Z,AD-WS-14,carlos.mendez,1564,744,svchost.exe,C:\Windows\System32\svchost.exe,Medium
2026-08-15T18:42:09Z,AD-WS-14,carlos.mendez,1565,977,cmd.exe,C:\Windows\System32\cmd.exe,Medium
2026-08-15T18:42:17Z,AD-WS-14,carlos.mendez,1566,564,conhost.exe,C:\Windows\System32\conhost.exe,Medium
2026-08-15T18:43:00Z,AD-WS-14,carlos.mendez,1567,504,chrome.exe,C:\Windows\System32\chrome.exe,Medium
2026-08-15T18:43:30Z,AD-WS-14,carlos.mendez,1568,507,explorer.exe,C:\Windows\System32\explorer.exe,Medium
2026-08-15T18:44:01Z,AD-WS-14,carlos.mendez,1569,916,svchost.exe,C:\Windows\System32\svchost.exe,Medium
2026-08-15T18:45:05Z,AD-WS-14,carlos.mendez,1570,689,RuntimeBroker.exe,C:\Windows\System32\RuntimeBroker.exe,Medium
2026-08-15T18:45:38Z,AD-WS-14,carlos.mendez,1571,563,SearchApp.exe,C:\Windows\System32\SearchApp.exe,Medium
2026-08-15T18:45:53Z,AD-WS-14,carlos.mendez,1572,507,explorer.exe,C:\Windows\System32\explorer.exe,Medium
2026-08-15T18:46:58Z,AD-WS-14,carlos.mendez,1573,844,svchost.exe,C:\Windows\System32\svchost.exe,Medium
2026-08-15T18:47:25Z,AD-WS-14,carlos.mendez,1574,778,SearchApp.exe,C:\Windows\System32\SearchApp.exe,Medium
2026-08-15T18:47:39Z,AD-WS-14,carlos.mendez,1575,777,conhost.exe,C:\Windows\System32\conhost.exe,Medium
2026-08-15T18:48:43Z,AD-WS-14,carlos.mendez,1576,628,SearchApp.exe,C:\Windows\System32\SearchApp.exe,Medium
2026-08-15T18:49:02Z,AD-WS-14,carlos.mendez,1577,836,cmd.exe,C:\Windows\System32\cmd.exe,Medium
2026-08-15T18:49:23Z,AD-WS-14,carlos.mendez,1578,627,conhost.exe,C:\Windows\System32\conhost.exe,Medium
2026-08-15T18:49:48Z,AD-WS-14,carlos.mendez,1579,449,svchost.exe,C:\Windows\System32\svchost.exe,Medium
2026-08-15T18:50:08Z,AD-WS-14,carlos.mendez,1580,702,cmd.exe,C:\Windows\System32\cmd.exe,Medium
2026-08-15T18:50:14Z,AD-WS-14,carlos.mendez,1581,597,conhost.exe,C:\Windows\System32\conhost.exe,Medium
2026-08-15T18:50:20Z,AD-WS-14,carlos.mendez,1582,727,explorer.exe,C:\Windows\System32\explorer.exe,Medium
2026-08-15T18:50:23Z,AD-WS-14,carlos.mendez,1583,441,RuntimeBroker.exe,C:\Windows\System32\RuntimeBroker.exe,Medium
2026-08-15T18:50:32Z,AD-WS-14,carlos.mendez,1584,756,svchost.exe,C:\Windows\System32\svchost.exe,Medium
2026-08-15T18:51:37Z,AD-WS-14,carlos.mendez,1585,702,SearchApp.exe,C:\Windows\System32\SearchApp.exe,Medium
2026-08-15T18:52:05Z,AD-WS-14,carlos.mendez,1586,869,svchost.exe,C:\Windows\System32\svchost.exe,Medium
2026-08-15T18:52:13Z,AD-WS-14,carlos.mendez,1587,773,cmd.exe,C:\Windows\System32\cmd.exe,Medium
2026-08-15T18:52:13Z,AD-WS-14,carlos.mendez,1588,737,conhost.exe,C:\Windows\System32\conhost.exe,Medium
2026-08-15T18:52:57Z,AD-WS-14,carlos.mendez,1589,813,cmd.exe,C:\Windows\System32\cmd.exe,Medium
2026-08-15T18:53:35Z,AD-WS-14,carlos.mendez,1590,692,RuntimeBroker.exe,C:\Windows\System32\RuntimeBroker.exe,Medium
2026-08-15T18:54:48Z,AD-WS-14,carlos.mendez,1591,493,conhost.exe,C:\Windows\System32\conhost.exe,Medium
2026-08-15T18:55:10Z,AD-WS-14,carlos.mendez,1592,799,chrome.exe,C:\Windows\System32\chrome.exe,Medium
2026-08-15T18:56:31Z,AD-WS-14,carlos.mendez,1593,853,cmd.exe,C:\Windows\System32\cmd.exe,Medium
2026-08-15T18:56:57Z,AD-WS-14,carlos.mendez,1594,748,explorer.exe,C:\Windows\System32\explorer.exe,Medium
2026-08-15T18:57:09Z,AD-WS-14,carlos.mendez,1595,549,RuntimeBroker.exe,C:\Windows\System32\RuntimeBroker.exe,Medium
2026-08-15T18:57:36Z,AD-WS-14,carlos.mendez,1596,916,cmd.exe,C:\Windows\System32\cmd.exe,Medium
2026-08-15T18:57:47Z,AD-WS-14,carlos.mendez,1597,792,explorer.exe,C:\Windows\System32\explorer.exe,Medium
2026-08-15T18:58:07Z,AD-WS-14,carlos.mendez,1598,552,conhost.exe,C:\Windows\System32\conhost.exe,Medium
2026-08-15T18:58:23Z,AD-WS-14,carlos.mendez,1599,885,chrome.exe,C:\Windows\System32\chrome.exe,Medium
2026-08-15T18:58:52Z,AD-WS-14,carlos.mendez,1600,868,conhost.exe,C:\Windows\System32\conhost.exe,Medium
2026-08-15T18:58:56Z,AD-WS-14,carlos.mendez,1601,503,chrome.exe,C:\Windows\System32\chrome.exe,Medium
2026-08-15T18:59:07Z,AD-WS-14,carlos.mendez,1602,802,cmd.exe,C:\Windows\System32\cmd.exe,Medium
2026-08-15T18:59:13Z,AD-WS-14,carlos.mendez,1603,833,svchost.exe,C:\Windows\System32\svchost.exe,Medium
2026-08-15T19:00:20Z,AD-WS-14,carlos.mendez,1604,772,conhost.exe,C:\Windows\System32\conhost.exe,Medium
2026-08-15T19:00:34Z,AD-WS-14,carlos.mendez,1605,802,SearchApp.exe,C:\Windows\System32\SearchApp.exe,Medium
2026-08-15T19:00:36Z,AD-WS-14,carlos.mendez,1606,723,conhost.exe,C:\Windows\System32\conhost.exe,Medium
2026-08-15T19:01:04Z,AD-WS-14,carlos.mendez,1607,811,SearchApp.exe,C:\Windows\System32\SearchApp.exe,Medium
2026-08-15T19:01:16Z,AD-WS-14,carlos.mendez,1608,413,chrome.exe,C:\Windows\System32\chrome.exe,Medium
2026-08-15T19:01:17Z,AD-WS-14,carlos.mendez,1609,617,SearchApp.exe,C:\Windows\System32\SearchApp.exe,Medium
2026-08-15T19:01:29Z,AD-WS-14,carlos.mendez,1610,792,explorer.exe,C:\Windows\System32\explorer.exe,Medium
2026-08-15T19:02:12Z,AD-WS-14,carlos.mendez,1611,748,chrome.exe,C:\Windows\System32\chrome.exe,Medium
2026-08-15T19:02:46Z,AD-WS-14,carlos.mendez,1612,801,RuntimeBroker.exe,C:\Windows\System32\RuntimeBroker.exe,Medium
2026-08-15T19:02:47Z,AD-WS-14,carlos.mendez,1613,858,svchost.exe,C:\Windows\System32\svchost.exe,Medium
2026-08-15T19:03:37Z,AD-WS-14,carlos.mendez,1614,486,svchost.exe,C:\Windows\System32\svchost.exe,Medium
2026-08-15T19:04:53Z,AD-WS-14,carlos.mendez,1615,832,svchost.exe,C:\Windows\System32\svchost.exe,Medium
2026-08-15T19:05:29Z,AD-WS-14,carlos.mendez,1616,818,RuntimeBroker.exe,C:\Windows\System32\RuntimeBroker.exe,Medium
2026-08-15T19:07:07Z,AD-WS-14,carlos.mendez,1617,984,SearchApp.exe,C:\Windows\System32\SearchApp.exe,Medium
2026-08-15T19:07:24Z,AD-WS-14,carlos.mendez,1618,630,SearchApp.exe,C:\Windows\System32\SearchApp.exe,Medium
2026-08-15T19:08:39Z,AD-WS-14,carlos.mendez,1619,588,RuntimeBroker.exe,C:\Windows\System32\RuntimeBroker.exe,Medium
2026-08-15T19:09:07Z,AD-WS-14,carlos.mendez,1620,998,chrome.exe,C:\Windows\System32\chrome.exe,Medium
2026-08-15T19:10:20Z,AD-WS-14,carlos.mendez,1621,816,cmd.exe,C:\Windows\System32\cmd.exe,Medium
2026-08-15T19:10:30Z,AD-WS-14,carlos.mendez,1622,632,explorer.exe,C:\Windows\System32\explorer.exe,Medium
2026-08-15T19:10:35Z,AD-WS-14,carlos.mendez,1623,690,chrome.exe,C:\Windows\System32\chrome.exe,Medium
2026-08-15T19:10:48Z,AD-WS-14,carlos.mendez,1624,833,explorer.exe,C:\Windows\System32\explorer.exe,Medium
2026-08-15T19:10:49Z,AD-WS-14,carlos.mendez,1625,576,RuntimeBroker.exe,C:\Windows\System32\RuntimeBroker.exe,Medium
2026-08-15T19:10:55Z,AD-WS-14,carlos.mendez,1626,723,RuntimeBroker.exe,C:\Windows\System32\RuntimeBroker.exe,Medium
2026-08-15T19:11:55Z,AD-WS-14,carlos.mendez,1627,752,svchost.exe,C:\Windows\System32\svchost.exe,Medium
2026-08-15T19:12:04Z,AD-WS-14,carlos.mendez,1628,590,SearchApp.exe,C:\Windows\System32\SearchApp.exe,Medium
2026-08-15T19:12:21Z,AD-WS-14,carlos.mendez,1629,939,cmd.exe,C:\Windows\System32\cmd.exe,Medium
2026-08-15T19:12:54Z,AD-WS-14,carlos.mendez,1630,908,explorer.exe,C:\Windows\System32\explorer.exe,Medium
2026-08-15T19:13:20Z,AD-WS-14,carlos.mendez,1631,691,RuntimeBroker.exe,C:\Windows\System32\RuntimeBroker.exe,Medium
2026-08-15T19:13:36Z,AD-WS-14,carlos.mendez,1632,858,SearchApp.exe,C:\Windows\System32\SearchApp.exe,Medium
2026-08-15T19:13:55Z,AD-WS-14,carlos.mendez,1633,696,cmd.exe,C:\Windows\System32\cmd.exe,Medium
2026-08-15T19:14:44Z,AD-WS-14,carlos.mendez,1634,911,svchost.exe,C:\Windows\System32\svchost.exe,Medium
2026-08-15T19:14:52Z,AD-WS-14,carlos.mendez,1635,620,cmd.exe,C:\Windows\System32\cmd.exe,Medium
2026-08-15T19:15:18Z,AD-WS-14,carlos.mendez,1636,653,explorer.exe,C:\Windows\System32\explorer.exe,Medium
2026-08-15T19:15:21Z,AD-WS-14,carlos.mendez,1637,457,SearchApp.exe,C:\Windows\System32\SearchApp.exe,Medium
2026-08-15T19:15:46Z,AD-WS-14,carlos.mendez,1638,454,svchost.exe,C:\Windows\System32\svchost.exe,Medium
2026-08-15T19:16:07Z,AD-WS-14,carlos.mendez,1639,950,SearchApp.exe,C:\Windows\System32\SearchApp.exe,Medium
2026-08-15T19:16:37Z,AD-WS-14,carlos.mendez,1640,889,SearchApp.exe,C:\Windows\System32\SearchApp.exe,Medium
2026-08-15T19:16:46Z,AD-WS-14,carlos.mendez,1641,446,SearchApp.exe,C:\Windows\System32\SearchApp.exe,Medium
2026-08-15T19:17:47Z,AD-WS-14,carlos.mendez,1642,619,chrome.exe,C:\Windows\System32\chrome.exe,Medium
2026-08-15T19:18:11Z,AD-WS-14,carlos.mendez,1643,742,chrome.exe,C:\Windows\System32\chrome.exe,Medium
2026-08-15T19:18:59Z,AD-WS-14,carlos.mendez,1644,609,svchost.exe,C:\Windows\System32\svchost.exe,Medium
2026-08-15T19:19:21Z,AD-WS-14,carlos.mendez,1645,960,chrome.exe,C:\Windows\System32\chrome.exe,Medium
2026-08-15T19:19:26Z,AD-WS-14,carlos.mendez,1646,502,conhost.exe,C:\Windows\System32\conhost.exe,Medium
2026-08-15T19:19:50Z,AD-WS-14,carlos.mendez,1647,771,SearchApp.exe,C:\Windows\System32\SearchApp.exe,Medium
2026-08-15T19:20:13Z,AD-WS-14,carlos.mendez,1648,953,chrome.exe,C:\Windows\System32\chrome.exe,Medium
2026-08-15T19:20:23Z,AD-WS-14,carlos.mendez,1649,456,cmd.exe,C:\Windows\System32\cmd.exe,Medium
2026-08-15T19:20:35Z,AD-WS-14,carlos.mendez,1650,802,cmd.exe,C:\Windows\System32\cmd.exe,Medium
2026-08-15T19:21:46Z,AD-WS-14,carlos.mendez,1651,923,svchost.exe,C:\Windows\System32\svchost.exe,Medium
2026-08-15T19:21:47Z,AD-WS-14,carlos.mendez,1652,719,conhost.exe,C:\Windows\System32\conhost.exe,Medium
2026-08-15T19:22:02Z,AD-WS-14,carlos.mendez,1653,708,SearchApp.exe,C:\Windows\System32\SearchApp.exe,Medium
2026-08-15T19:22:41Z,AD-WS-14,carlos.mendez,1654,905,RuntimeBroker.exe,C:\Windows\System32\RuntimeBroker.exe,Medium
2026-08-15T19:23:56Z,AD-WS-14,carlos.mendez,1655,406,SearchApp.exe,C:\Windows\System32\SearchApp.exe,Medium
2026-08-15T19:25:44Z,AD-WS-14,carlos.mendez,1656,779,RuntimeBroker.exe,C:\Windows\System32\RuntimeBroker.exe,Medium
2026-08-15T19:26:13Z,AD-WS-14,carlos.mendez,1657,862,conhost.exe,C:\Windows\System32\conhost.exe,Medium
2026-08-15T19:26:38Z,AD-WS-14,carlos.mendez,1658,713,SearchApp.exe,C:\Windows\System32\SearchApp.exe,Medium
2026-08-15T19:27:11Z,AD-WS-14,carlos.mendez,1659,426,SearchApp.exe,C:\Windows\System32\SearchApp.exe,Medium
2026-08-15T19:27:21Z,AD-WS-14,carlos.mendez,1660,784,explorer.exe,C:\Windows\System32\explorer.exe,Medium
2026-08-15T19:27:41Z,AD-WS-14,carlos.mendez,1661,573,explorer.exe,C:\Windows\System32\explorer.exe,Medium
2026-08-15T19:27:50Z,AD-WS-14,carlos.mendez,1662,533,chrome.exe,C:\Windows\System32\chrome.exe,Medium
2026-08-15T19:28:43Z,AD-WS-14,carlos.mendez,1663,841,RuntimeBroker.exe,C:\Windows\System32\RuntimeBroker.exe,Medium
2026-08-15T19:28:46Z,AD-WS-14,carlos.mendez,1664,582,SearchApp.exe,C:\Windows\System32\SearchApp.exe,Medium
2026-08-15T19:29:16Z,AD-WS-14,carlos.mendez,1665,911,explorer.exe,C:\Windows\System32\explorer.exe,Medium
2026-08-15T19:29:23Z,AD-WS-14,carlos.mendez,1666,545,svchost.exe,C:\Windows\System32\svchost.exe,Medium
2026-08-15T19:29:57Z,AD-WS-14,carlos.mendez,1667,867,svchost.exe,C:\Windows\System32\svchost.exe,Medium
2026-08-15T19:30:02Z,AD-WS-14,carlos.mendez,1668,819,explorer.exe,C:\Windows\System32\explorer.exe,Medium
2026-08-15T19:30:27Z,AD-WS-14,carlos.mendez,1669,744,SearchApp.exe,C:\Windows\System32\SearchApp.exe,Medium
2026-08-15T19:30:40Z,AD-WS-14,carlos.mendez,1670,828,SearchApp.exe,C:\Windows\System32\SearchApp.exe,Medium
2026-08-15T19:31:06Z,AD-WS-14,carlos.mendez,1671,637,SearchApp.exe,C:\Windows\System32\SearchApp.exe,Medium
2026-08-15T19:32:08Z,AD-WS-14,carlos.mendez,1672,457,RuntimeBroker.exe,C:\Windows\System32\RuntimeBroker.exe,Medium
2026-08-15T19:32:44Z,AD-WS-14,carlos.mendez,1673,445,SearchApp.exe,C:\Windows\System32\SearchApp.exe,Medium
2026-08-15T19:33:18Z,AD-WS-14,carlos.mendez,1674,562,SearchApp.exe,C:\Windows\System32\SearchApp.exe,Medium
2026-08-15T19:33:23Z,AD-WS-14,carlos.mendez,1675,906,SearchApp.exe,C:\Windows\System32\SearchApp.exe,Medium
2026-08-15T19:33:25Z,AD-WS-14,carlos.mendez,1676,567,conhost.exe,C:\Windows\System32\conhost.exe,Medium
2026-08-15T19:34:18Z,AD-WS-14,carlos.mendez,1677,599,conhost.exe,C:\Windows\System32\conhost.exe,Medium
2026-08-15T19:34:20Z,AD-WS-14,carlos.mendez,1678,782,SearchApp.exe,C:\Windows\System32\SearchApp.exe,Medium
2026-08-15T19:34:56Z,AD-WS-14,carlos.mendez,1679,856,cmd.exe,C:\Windows\System32\cmd.exe,Medium
2026-08-15T19:35:03Z,AD-WS-14,carlos.mendez,1680,476,SearchApp.exe,C:\Windows\System32\SearchApp.exe,Medium
2026-08-15T19:35:16Z,AD-WS-14,carlos.mendez,1681,870,chrome.exe,C:\Windows\System32\chrome.exe,Medium
2026-08-15T19:35:18Z,AD-WS-14,carlos.mendez,1682,842,cmd.exe,C:\Windows\System32\cmd.exe,Medium
2026-08-15T19:37:33Z,AD-WS-14,carlos.mendez,1683,761,SearchApp.exe,C:\Windows\System32\SearchApp.exe,Medium
2026-08-15T19:38:14Z,AD-WS-14,carlos.mendez,1684,880,cmd.exe,C:\Windows\System32\cmd.exe,Medium
2026-08-15T19:38:36Z,AD-WS-14,carlos.mendez,1685,521,cmd.exe,C:\Windows\System32\cmd.exe,Medium
2026-08-15T19:38:51Z,AD-WS-14,carlos.mendez,1686,661,SearchApp.exe,C:\Windows\System32\SearchApp.exe,Medium
2026-08-15T19:40:09Z,AD-WS-14,carlos.mendez,1687,560,svchost.exe,C:\Windows\System32\svchost.exe,Medium
2026-08-15T19:41:10Z,AD-WS-14,carlos.mendez,1688,804,explorer.exe,C:\Windows\System32\explorer.exe,Medium
2026-08-15T19:41:32Z,AD-WS-14,carlos.mendez,1689,530,svchost.exe,C:\Windows\System32\svchost.exe,Medium
2026-08-15T19:41:34Z,AD-WS-14,carlos.mendez,1690,600,conhost.exe,C:\Windows\System32\conhost.exe,Medium
2026-08-15T19:41:56Z,AD-WS-14,carlos.mendez,1691,996,chrome.exe,C:\Windows\System32\chrome.exe,Medium
2026-08-15T19:43:10Z,AD-WS-14,carlos.mendez,1692,661,cmd.exe,C:\Windows\System32\cmd.exe,Medium
2026-08-15T19:43:19Z,AD-WS-14,carlos.mendez,1693,747,conhost.exe,C:\Windows\System32\conhost.exe,Medium
2026-08-15T19:44:05Z,AD-WS-14,carlos.mendez,1694,859,cmd.exe,C:\Windows\System32\cmd.exe,Medium
2026-08-15T19:44:13Z,AD-WS-14,carlos.mendez,1695,673,explorer.exe,C:\Windows\System32\explorer.exe,Medium
2026-08-15T19:44:41Z,AD-WS-14,carlos.mendez,1696,668,cmd.exe,C:\Windows\System32\cmd.exe,Medium
2026-08-15T19:44:50Z,AD-WS-14,carlos.mendez,1697,489,RuntimeBroker.exe,C:\Windows\System32\RuntimeBroker.exe,Medium
2026-08-15T19:44:59Z,AD-WS-14,carlos.mendez,1698,840,SearchApp.exe,C:\Windows\System32\SearchApp.exe,Medium
2026-08-15T19:45:17Z,AD-WS-14,carlos.mendez,1699,950,chrome.exe,C:\Windows\System32\chrome.exe,Medium
2026-08-15T19:45:28Z,AD-WS-14,carlos.mendez,1700,588,cmd.exe,C:\Windows\System32\cmd.exe,Medium
2026-08-15T19:45:29Z,AD-WS-14,carlos.mendez,1701,498,SearchApp.exe,C:\Windows\System32\SearchApp.exe,Medium
2026-08-15T19:45:58Z,AD-WS-14,carlos.mendez,1702,937,chrome.exe,C:\Windows\System32\chrome.exe,Medium
2026-08-15T19:46:03Z,AD-WS-14,carlos.mendez,1703,474,cmd.exe,C:\Windows\System32\cmd.exe,Medium
2026-08-15T19:46:28Z,AD-WS-14,carlos.mendez,1704,992,svchost.exe,C:\Windows\System32\svchost.exe,Medium
2026-08-15T19:46:48Z,AD-WS-14,carlos.mendez,1705,748,RuntimeBroker.exe,C:\Windows\System32\RuntimeBroker.exe,Medium
2026-08-15T19:46:52Z,AD-WS-14,carlos.mendez,1706,889,cmd.exe,C:\Windows\System32\cmd.exe,Medium
2026-08-15T19:47:06Z,AD-WS-14,carlos.mendez,1707,472,RuntimeBroker.exe,C:\Windows\System32\RuntimeBroker.exe,Medium
2026-08-15T19:47:12Z,AD-WS-14,carlos.mendez,1708,650,RuntimeBroker.exe,C:\Windows\System32\RuntimeBroker.exe,Medium
2026-08-15T19:47:16Z,AD-WS-14,carlos.mendez,1709,931,explorer.exe,C:\Windows\System32\explorer.exe,Medium
2026-08-15T19:48:36Z,AD-WS-14,carlos.mendez,1710,417,cmd.exe,C:\Windows\System32\cmd.exe,Medium
2026-08-15T19:48:48Z,AD-WS-14,carlos.mendez,1711,412,SearchApp.exe,C:\Windows\System32\SearchApp.exe,Medium
2026-08-15T19:48:52Z,AD-WS-14,carlos.mendez,1712,644,explorer.exe,C:\Windows\System32\explorer.exe,Medium
2026-08-15T19:49:37Z,AD-WS-14,carlos.mendez,1713,518,cmd.exe,C:\Windows\System32\cmd.exe,Medium
2026-08-15T19:49:52Z,AD-WS-14,carlos.mendez,1714,803,chrome.exe,C:\Windows\System32\chrome.exe,Medium
2026-08-15T19:49:58Z,AD-WS-14,carlos.mendez,1715,827,conhost.exe,C:\Windows\System32\conhost.exe,Medium
2026-08-15T19:50:33Z,AD-WS-14,carlos.mendez,1716,409,SearchApp.exe,C:\Windows\System32\SearchApp.exe,Medium
2026-08-15T19:50:44Z,AD-WS-14,carlos.mendez,1717,597,chrome.exe,C:\Windows\System32\chrome.exe,Medium
2026-08-15T19:51:23Z,AD-WS-14,carlos.mendez,1718,654,conhost.exe,C:\Windows\System32\conhost.exe,Medium
2026-08-15T19:52:11Z,AD-WS-14,carlos.mendez,1719,441,cmd.exe,C:\Windows\System32\cmd.exe,Medium
2026-08-15T19:52:19Z,AD-WS-14,carlos.mendez,1720,736,RuntimeBroker.exe,C:\Windows\System32\RuntimeBroker.exe,Medium
2026-08-15T19:52:57Z,AD-WS-14,carlos.mendez,1721,948,svchost.exe,C:\Windows\System32\svchost.exe,Medium
2026-08-15T19:53:20Z,AD-WS-14,carlos.mendez,1722,956,explorer.exe,C:\Windows\System32\explorer.exe,Medium
2026-08-15T19:53:37Z,AD-WS-14,carlos.mendez,1723,794,cmd.exe,C:\Windows\System32\cmd.exe,Medium
2026-08-15T19:53:39Z,AD-WS-14,carlos.mendez,1724,806,svchost.exe,C:\Windows\System32\svchost.exe,Medium
2026-08-15T19:56:11Z,AD-WS-14,carlos.mendez,1725,812,RuntimeBroker.exe,C:\Windows\System32\RuntimeBroker.exe,Medium
2026-08-15T19:56:20Z,AD-WS-14,carlos.mendez,1726,587,cmd.exe,C:\Windows\System32\cmd.exe,Medium
2026-08-15T19:56:32Z,AD-WS-14,carlos.mendez,1727,960,chrome.exe,C:\Windows\System32\chrome.exe,Medium
2026-08-15T19:56:48Z,AD-WS-14,carlos.mendez,1728,772,RuntimeBroker.exe,C:\Windows\System32\RuntimeBroker.exe,Medium
2026-08-15T19:57:11Z,AD-WS-14,carlos.mendez,1729,985,SearchApp.exe,C:\Windows\System32\SearchApp.exe,Medium
2026-08-15T19:57:41Z,AD-WS-14,carlos.mendez,1730,465,svchost.exe,C:\Windows\System32\svchost.exe,Medium
2026-08-15T19:58:43Z,AD-WS-14,carlos.mendez,1731,598,svchost.exe,C:\Windows\System32\svchost.exe,Medium
2026-08-15T19:58:54Z,AD-WS-14,carlos.mendez,1732,955,svchost.exe,C:\Windows\System32\svchost.exe,Medium
2026-08-15T19:59:24Z,AD-WS-14,carlos.mendez,1733,851,conhost.exe,C:\Windows\System32\conhost.exe,Medium
2026-08-15T19:59:42Z,AD-WS-14,carlos.mendez,1734,767,conhost.exe,C:\Windows\System32\conhost.exe,Medium
2026-08-15T20:00:02Z,AD-WS-14,carlos.mendez,1735,794,RuntimeBroker.exe,C:\Windows\System32\RuntimeBroker.exe,Medium
2026-08-15T20:00:19Z,AD-WS-14,carlos.mendez,1736,968,explorer.exe,C:\Windows\System32\explorer.exe,Medium
2026-08-15T20:01:07Z,AD-WS-14,carlos.mendez,1737,428,cmd.exe,C:\Windows\System32\cmd.exe,Medium
2026-08-15T20:01:22Z,AD-WS-14,carlos.mendez,1738,456,chrome.exe,C:\Windows\System32\chrome.exe,Medium
2026-08-15T20:01:32Z,AD-WS-14,carlos.mendez,1739,703,conhost.exe,C:\Windows\System32\conhost.exe,Medium
2026-08-15T20:01:44Z,AD-WS-14,carlos.mendez,1740,674,conhost.exe,C:\Windows\System32\conhost.exe,Medium
2026-08-15T20:02:14Z,AD-WS-14,carlos.mendez,1741,798,svchost.exe,C:\Windows\System32\svchost.exe,Medium
2026-08-15T20:02:17Z,AD-WS-14,carlos.mendez,1742,805,svchost.exe,C:\Windows\System32\svchost.exe,Medium
2026-08-15T20:02:25Z,AD-WS-14,carlos.mendez,1743,500,SearchApp.exe,C:\Windows\System32\SearchApp.exe,Medium
2026-08-15T20:02:35Z,AD-WS-14,carlos.mendez,1744,403,explorer.exe,C:\Windows\System32\explorer.exe,Medium
2026-08-15T20:02:58Z,AD-WS-14,carlos.mendez,1745,605,SearchApp.exe,C:\Windows\System32\SearchApp.exe,Medium
2026-08-15T20:03:05Z,AD-WS-14,carlos.mendez,1746,690,chrome.exe,C:\Windows\System32\chrome.exe,Medium
2026-08-15T20:03:11Z,AD-WS-14,carlos.mendez,1747,757,RuntimeBroker.exe,C:\Windows\System32\RuntimeBroker.exe,Medium
2026-08-15T20:03:25Z,AD-WS-14,carlos.mendez,1748,987,explorer.exe,C:\Windows\System32\explorer.exe,Medium
2026-08-15T20:03:31Z,AD-WS-14,carlos.mendez,1749,490,SearchApp.exe,C:\Windows\System32\SearchApp.exe,Medium
2026-08-15T20:03:38Z,AD-WS-14,carlos.mendez,1750,413,cmd.exe,C:\Windows\System32\cmd.exe,Medium
2026-08-15T20:03:47Z,AD-WS-14,carlos.mendez,1751,927,chrome.exe,C:\Windows\System32\chrome.exe,Medium
2026-08-15T20:03:54Z,AD-WS-14,carlos.mendez,1752,420,conhost.exe,C:\Windows\System32\conhost.exe,Medium
2026-08-15T20:04:16Z,AD-WS-14,carlos.mendez,1753,975,RuntimeBroker.exe,C:\Windows\System32\RuntimeBroker.exe,Medium
2026-08-15T20:04:31Z,AD-WS-14,carlos.mendez,1754,722,svchost.exe,C:\Windows\System32\svchost.exe,Medium
2026-08-15T20:04:37Z,AD-WS-14,carlos.mendez,1755,889,conhost.exe,C:\Windows\System32\conhost.exe,Medium
2026-08-15T20:04:55Z,AD-WS-14,carlos.mendez,1756,996,chrome.exe,C:\Windows\System32\chrome.exe,Medium
2026-08-15T20:05:01Z,AD-WS-14,carlos.mendez,1757,896,RuntimeBroker.exe,C:\Windows\System32\RuntimeBroker.exe,Medium
2026-08-15T20:05:11Z,AD-WS-14,carlos.mendez,1758,942,chrome.exe,C:\Windows\System32\chrome.exe,Medium
2026-08-15T20:07:01Z,AD-WS-14,carlos.mendez,1759,659,cmd.exe,C:\Windows\System32\cmd.exe,Medium
2026-08-15T20:07:27Z,AD-WS-14,carlos.mendez,1760,454,conhost.exe,C:\Windows\System32\conhost.exe,Medium
2026-08-15T20:09:05Z,AD-WS-14,carlos.mendez,1761,707,explorer.exe,C:\Windows\System32\explorer.exe,Medium
2026-08-15T20:10:02Z,AD-WS-14,carlos.mendez,1762,649,conhost.exe,C:\Windows\System32\conhost.exe,Medium
2026-08-15T20:10:29Z,AD-WS-14,carlos.mendez,1763,870,RuntimeBroker.exe,C:\Windows\System32\RuntimeBroker.exe,Medium
2026-08-15T20:11:06Z,AD-WS-14,carlos.mendez,1764,620,svchost.exe,C:\Windows\System32\svchost.exe,Medium
2026-08-15T20:11:41Z,AD-WS-14,carlos.mendez,1765,545,RuntimeBroker.exe,C:\Windows\System32\RuntimeBroker.exe,Medium
2026-08-15T20:12:24Z,AD-WS-14,carlos.mendez,1766,981,SearchApp.exe,C:\Windows\System32\SearchApp.exe,Medium
2026-08-15T20:12:42Z,AD-WS-14,carlos.mendez,1767,635,cmd.exe,C:\Windows\System32\cmd.exe,Medium
2026-08-15T20:12:45Z,AD-WS-14,carlos.mendez,1768,688,chrome.exe,C:\Windows\System32\chrome.exe,Medium
2026-08-15T20:13:19Z,AD-WS-14,carlos.mendez,1769,669,conhost.exe,C:\Windows\System32\conhost.exe,Medium
2026-08-15T20:13:30Z,AD-WS-14,carlos.mendez,1770,675,cmd.exe,C:\Windows\System32\cmd.exe,Medium
2026-08-15T20:13:32Z,AD-WS-14,carlos.mendez,1771,954,chrome.exe,C:\Windows\System32\chrome.exe,Medium
2026-08-15T20:13:44Z,AD-WS-14,carlos.mendez,1772,423,cmd.exe,C:\Windows\System32\cmd.exe,Medium
2026-08-15T20:14:06Z,AD-WS-14,carlos.mendez,1773,848,chrome.exe,C:\Windows\System32\chrome.exe,Medium
2026-08-15T20:15:21Z,AD-WS-14,carlos.mendez,1774,607,conhost.exe,C:\Windows\System32\conhost.exe,Medium
2026-08-15T20:15:41Z,AD-WS-14,carlos.mendez,1775,463,cmd.exe,C:\Windows\System32\cmd.exe,Medium
2026-08-15T20:16:41Z,AD-WS-14,carlos.mendez,1776,730,svchost.exe,C:\Windows\System32\svchost.exe,Medium
2026-08-15T20:17:19Z,AD-WS-14,carlos.mendez,1777,805,explorer.exe,C:\Windows\System32\explorer.exe,Medium
2026-08-15T20:18:03Z,AD-WS-14,carlos.mendez,1778,683,svchost.exe,C:\Windows\System32\svchost.exe,Medium
2026-08-15T20:18:31Z,AD-WS-14,carlos.mendez,1779,761,cmd.exe,C:\Windows\System32\cmd.exe,Medium
2026-08-15T20:19:11Z,AD-WS-14,carlos.mendez,1780,855,conhost.exe,C:\Windows\System32\conhost.exe,Medium
2026-08-15T20:20:24Z,AD-WS-14,carlos.mendez,1781,930,cmd.exe,C:\Windows\System32\cmd.exe,Medium
2026-08-15T20:21:20Z,AD-WS-14,carlos.mendez,1782,702,explorer.exe,C:\Windows\System32\explorer.exe,Medium
2026-08-15T20:21:42Z,AD-WS-14,carlos.mendez,1783,811,chrome.exe,C:\Windows\System32\chrome.exe,Medium
2026-08-15T20:21:54Z,AD-WS-14,carlos.mendez,1784,633,SearchApp.exe,C:\Windows\System32\SearchApp.exe,Medium
2026-08-15T20:22:12Z,AD-WS-14,carlos.mendez,1785,619,SearchApp.exe,C:\Windows\System32\SearchApp.exe,Medium
2026-08-15T20:22:14Z,AD-WS-14,carlos.mendez,1786,767,svchost.exe,C:\Windows\System32\svchost.exe,Medium
2026-08-15T20:22:34Z,AD-WS-14,carlos.mendez,1787,541,svchost.exe,C:\Windows\System32\svchost.exe,Medium
2026-08-15T20:22:52Z,AD-WS-14,carlos.mendez,1788,485,RuntimeBroker.exe,C:\Windows\System32\RuntimeBroker.exe,Medium
2026-08-15T20:24:04Z,AD-WS-14,carlos.mendez,1789,600,SearchApp.exe,C:\Windows\System32\SearchApp.exe,Medium
2026-08-15T20:24:12Z,AD-WS-14,carlos.mendez,1790,848,conhost.exe,C:\Windows\System32\conhost.exe,Medium
2026-08-15T20:24:23Z,AD-WS-14,carlos.mendez,1791,999,RuntimeBroker.exe,C:\Windows\System32\RuntimeBroker.exe,Medium
2026-08-15T20:24:33Z,AD-WS-14,carlos.mendez,1792,634,SearchApp.exe,C:\Windows\System32\SearchApp.exe,Medium
2026-08-15T20:25:13Z,AD-WS-14,carlos.mendez,1793,871,svchost.exe,C:\Windows\System32\svchost.exe,Medium
2026-08-15T20:25:16Z,AD-WS-14,carlos.mendez,1794,601,explorer.exe,C:\Windows\System32\explorer.exe,Medium
2026-08-15T20:25:23Z,AD-WS-14,carlos.mendez,1795,603,conhost.exe,C:\Windows\System32\conhost.exe,Medium
2026-08-15T20:25:48Z,AD-WS-14,carlos.mendez,1796,973,conhost.exe,C:\Windows\System32\conhost.exe,Medium
2026-08-15T20:26:02Z,AD-WS-14,carlos.mendez,1797,760,conhost.exe,C:\Windows\System32\conhost.exe,Medium
2026-08-15T20:26:47Z,AD-WS-14,carlos.mendez,1798,964,SearchApp.exe,C:\Windows\System32\SearchApp.exe,Medium
2026-08-15T20:26:57Z,AD-WS-14,carlos.mendez,1799,655,cmd.exe,C:\Windows\System32\cmd.exe,Medium
2026-08-15T20:27:01Z,AD-WS-14,carlos.mendez,1800,984,SearchApp.exe,C:\Windows\System32\SearchApp.exe,Medium
2026-08-15T20:27:14Z,AD-WS-14,carlos.mendez,1801,741,conhost.exe,C:\Windows\System32\conhost.exe,Medium
2026-08-15T20:28:06Z,AD-WS-14,carlos.mendez,1802,440,SearchApp.exe,C:\Windows\System32\SearchApp.exe,Medium
2026-08-15T20:28:15Z,AD-WS-14,carlos.mendez,1803,461,cmd.exe,C:\Windows\System32\cmd.exe,Medium
2026-08-15T20:28:47Z,AD-WS-14,carlos.mendez,1804,517,conhost.exe,C:\Windows\System32\conhost.exe,Medium
2026-08-15T20:29:04Z,AD-WS-14,carlos.mendez,1805,434,chrome.exe,C:\Windows\System32\chrome.exe,Medium
2026-08-15T20:29:15Z,AD-WS-14,carlos.mendez,1806,648,conhost.exe,C:\Windows\System32\conhost.exe,Medium
2026-08-15T20:29:20Z,AD-WS-14,carlos.mendez,1807,609,chrome.exe,C:\Windows\System32\chrome.exe,Medium
2026-08-15T20:29:21Z,AD-WS-14,carlos.mendez,1808,838,svchost.exe,C:\Windows\System32\svchost.exe,Medium
2026-08-15T20:30:09Z,AD-WS-14,carlos.mendez,1809,581,explorer.exe,C:\Windows\System32\explorer.exe,Medium
2026-08-15T20:30:13Z,AD-WS-14,carlos.mendez,1810,729,explorer.exe,C:\Windows\System32\explorer.exe,Medium
2026-08-15T20:31:05Z,AD-WS-14,carlos.mendez,1811,588,SearchApp.exe,C:\Windows\System32\SearchApp.exe,Medium
2026-08-15T20:31:49Z,AD-WS-14,carlos.mendez,1812,644,svchost.exe,C:\Windows\System32\svchost.exe,Medium
2026-08-15T20:32:15Z,AD-WS-14,carlos.mendez,1813,599,chrome.exe,C:\Windows\System32\chrome.exe,Medium
2026-08-15T20:32:25Z,AD-WS-14,carlos.mendez,1814,778,explorer.exe,C:\Windows\System32\explorer.exe,Medium
2026-08-15T20:32:35Z,AD-WS-14,carlos.mendez,1815,490,SearchApp.exe,C:\Windows\System32\SearchApp.exe,Medium
2026-08-15T20:32:35Z,AD-WS-14,carlos.mendez,1816,577,conhost.exe,C:\Windows\System32\conhost.exe,Medium
2026-08-15T20:32:41Z,AD-WS-14,carlos.mendez,1817,730,svchost.exe,C:\Windows\System32\svchost.exe,Medium
2026-08-15T20:32:44Z,AD-WS-14,carlos.mendez,1818,717,SearchApp.exe,C:\Windows\System32\SearchApp.exe,Medium
2026-08-15T20:33:03Z,AD-WS-14,carlos.mendez,1819,531,RuntimeBroker.exe,C:\Windows\System32\RuntimeBroker.exe,Medium
2026-08-15T20:33:08Z,AD-WS-14,carlos.mendez,1820,470,conhost.exe,C:\Windows\System32\conhost.exe,Medium
2026-08-15T20:33:42Z,AD-WS-14,carlos.mendez,1821,947,explorer.exe,C:\Windows\System32\explorer.exe,Medium
2026-08-15T20:36:03Z,AD-WS-14,carlos.mendez,1822,402,SearchApp.exe,C:\Windows\System32\SearchApp.exe,Medium
2026-08-15T20:36:33Z,AD-WS-14,carlos.mendez,1823,916,SearchApp.exe,C:\Windows\System32\SearchApp.exe,Medium
2026-08-15T20:36:43Z,AD-WS-14,carlos.mendez,1824,943,explorer.exe,C:\Windows\System32\explorer.exe,Medium
2026-08-15T20:37:09Z,AD-WS-14,carlos.mendez,1825,861,RuntimeBroker.exe,C:\Windows\System32\RuntimeBroker.exe,Medium
2026-08-15T20:37:23Z,AD-WS-14,carlos.mendez,1826,536,conhost.exe,C:\Windows\System32\conhost.exe,Medium
2026-08-15T20:37:37Z,AD-WS-14,carlos.mendez,1827,923,conhost.exe,C:\Windows\System32\conhost.exe,Medium
2026-08-15T20:38:17Z,AD-WS-14,carlos.mendez,1828,434,SearchApp.exe,C:\Windows\System32\SearchApp.exe,Medium
2026-08-15T20:38:47Z,AD-WS-14,carlos.mendez,1829,658,explorer.exe,C:\Windows\System32\explorer.exe,Medium
2026-08-15T20:38:51Z,AD-WS-14,carlos.mendez,1830,811,chrome.exe,C:\Windows\System32\chrome.exe,Medium
2026-08-15T20:39:45Z,AD-WS-14,carlos.mendez,1831,735,chrome.exe,C:\Windows\System32\chrome.exe,Medium
2026-08-15T20:39:51Z,AD-WS-14,carlos.mendez,1832,638,conhost.exe,C:\Windows\System32\conhost.exe,Medium
2026-08-15T20:40:40Z,AD-WS-14,carlos.mendez,1833,451,svchost.exe,C:\Windows\System32\svchost.exe,Medium
2026-08-15T20:40:50Z,AD-WS-14,carlos.mendez,1834,807,SearchApp.exe,C:\Windows\System32\SearchApp.exe,Medium
2026-08-15T20:40:50Z,AD-WS-14,carlos.mendez,1835,998,cmd.exe,C:\Windows\System32\cmd.exe,Medium
2026-08-15T20:41:14Z,AD-WS-14,carlos.mendez,1836,456,cmd.exe,C:\Windows\System32\cmd.exe,Medium
2026-08-15T20:41:18Z,AD-WS-14,carlos.mendez,1837,430,SearchApp.exe,C:\Windows\System32\SearchApp.exe,Medium
2026-08-15T20:41:36Z,AD-WS-14,carlos.mendez,1838,991,svchost.exe,C:\Windows\System32\svchost.exe,Medium
2026-08-15T20:41:50Z,AD-WS-14,carlos.mendez,1839,441,SearchApp.exe,C:\Windows\System32\SearchApp.exe,Medium
2026-08-15T20:43:38Z,AD-WS-14,carlos.mendez,1840,987,RuntimeBroker.exe,C:\Windows\System32\RuntimeBroker.exe,Medium
2026-08-15T20:43:53Z,AD-WS-14,carlos.mendez,1841,876,SearchApp.exe,C:\Windows\System32\SearchApp.exe,Medium
2026-08-15T20:46:00Z,AD-WS-14,carlos.mendez,1842,670,chrome.exe,C:\Windows\System32\chrome.exe,Medium
2026-08-15T20:46:06Z,AD-WS-14,carlos.mendez,1843,730,explorer.exe,C:\Windows\System32\explorer.exe,Medium
2026-08-15T20:46:28Z,AD-WS-14,carlos.mendez,1844,631,conhost.exe,C:\Windows\System32\conhost.exe,Medium
2026-08-15T20:46:35Z,AD-WS-14,carlos.mendez,1845,772,chrome.exe,C:\Windows\System32\chrome.exe,Medium
2026-08-15T20:46:50Z,AD-WS-14,carlos.mendez,1846,904,cmd.exe,C:\Windows\System32\cmd.exe,Medium
2026-08-15T20:47:20Z,AD-WS-14,carlos.mendez,1847,816,svchost.exe,C:\Windows\System32\svchost.exe,Medium
2026-08-15T20:47:22Z,AD-WS-14,carlos.mendez,1848,515,cmd.exe,C:\Windows\System32\cmd.exe,Medium
2026-08-15T20:47:35Z,AD-WS-14,carlos.mendez,1849,771,conhost.exe,C:\Windows\System32\conhost.exe,Medium
2026-08-15T20:47:37Z,AD-WS-14,carlos.mendez,1850,835,cmd.exe,C:\Windows\System32\cmd.exe,Medium
2026-08-15T20:47:52Z,AD-WS-14,carlos.mendez,1851,651,explorer.exe,C:\Windows\System32\explorer.exe,Medium
2026-08-15T20:48:06Z,AD-WS-14,carlos.mendez,1852,419,SearchApp.exe,C:\Windows\System32\SearchApp.exe,Medium
2026-08-15T20:48:16Z,AD-WS-14,carlos.mendez,1853,483,SearchApp.exe,C:\Windows\System32\SearchApp.exe,Medium
2026-08-15T20:48:32Z,AD-WS-14,carlos.mendez,1854,480,svchost.exe,C:\Windows\System32\svchost.exe,Medium
2026-08-15T20:48:44Z,AD-WS-14,carlos.mendez,1855,648,conhost.exe,C:\Windows\System32\conhost.exe,Medium
2026-08-15T20:49:14Z,AD-WS-14,carlos.mendez,1856,567,cmd.exe,C:\Windows\System32\cmd.exe,Medium
2026-08-15T20:49:21Z,AD-WS-14,carlos.mendez,1857,471,explorer.exe,C:\Windows\System32\explorer.exe,Medium
2026-08-15T20:49:43Z,AD-WS-14,carlos.mendez,1858,594,explorer.exe,C:\Windows\System32\explorer.exe,Medium
2026-08-15T20:50:13Z,AD-WS-14,carlos.mendez,1859,633,svchost.exe,C:\Windows\System32\svchost.exe,Medium
2026-08-15T20:50:37Z,AD-WS-14,carlos.mendez,1860,908,SearchApp.exe,C:\Windows\System32\SearchApp.exe,Medium
2026-08-15T20:50:44Z,AD-WS-14,carlos.mendez,1861,837,explorer.exe,C:\Windows\System32\explorer.exe,Medium
2026-08-15T20:51:05Z,AD-WS-14,carlos.mendez,1862,689,RuntimeBroker.exe,C:\Windows\System32\RuntimeBroker.exe,Medium
2026-08-15T20:51:54Z,AD-WS-14,carlos.mendez,1863,634,SearchApp.exe,C:\Windows\System32\SearchApp.exe,Medium
2026-08-15T20:52:04Z,AD-WS-14,carlos.mendez,1864,955,svchost.exe,C:\Windows\System32\svchost.exe,Medium
2026-08-15T20:52:18Z,AD-WS-14,carlos.mendez,1865,820,svchost.exe,C:\Windows\System32\svchost.exe,Medium
2026-08-15T20:52:20Z,AD-WS-14,carlos.mendez,1866,443,RuntimeBroker.exe,C:\Windows\System32\RuntimeBroker.exe,Medium
2026-08-15T20:52:43Z,AD-WS-14,carlos.mendez,1867,750,explorer.exe,C:\Windows\System32\explorer.exe,Medium
2026-08-15T20:52:50Z,AD-WS-14,carlos.mendez,1868,612,svchost.exe,C:\Windows\System32\svchost.exe,Medium
2026-08-15T20:52:51Z,AD-WS-14,carlos.mendez,1869,678,cmd.exe,C:\Windows\System32\cmd.exe,Medium
2026-08-15T20:53:18Z,AD-WS-14,carlos.mendez,1870,444,explorer.exe,C:\Windows\System32\explorer.exe,Medium
2026-08-15T20:53:36Z,AD-WS-14,carlos.mendez,1871,549,SearchApp.exe,C:\Windows\System32\SearchApp.exe,Medium
2026-08-15T20:53:43Z,AD-WS-14,carlos.mendez,1872,751,RuntimeBroker.exe,C:\Windows\System32\RuntimeBroker.exe,Medium
2026-08-15T20:53:54Z,AD-WS-14,carlos.mendez,1873,939,cmd.exe,C:\Windows\System32\cmd.exe,Medium
2026-08-15T20:54:04Z,AD-WS-14,carlos.mendez,1874,409,cmd.exe,C:\Windows\System32\cmd.exe,Medium
2026-08-15T20:54:53Z,AD-WS-14,carlos.mendez,1875,539,chrome.exe,C:\Windows\System32\chrome.exe,Medium
2026-08-15T20:55:50Z,AD-WS-14,carlos.mendez,1876,967,chrome.exe,C:\Windows\System32\chrome.exe,Medium
2026-08-15T20:56:00Z,AD-WS-14,carlos.mendez,1877,502,chrome.exe,C:\Windows\System32\chrome.exe,Medium
2026-08-15T20:56:14Z,AD-WS-14,carlos.mendez,1878,478,cmd.exe,C:\Windows\System32\cmd.exe,Medium
2026-08-15T20:56:22Z,AD-WS-14,carlos.mendez,1879,841,cmd.exe,C:\Windows\System32\cmd.exe,Medium
2026-08-15T20:56:37Z,AD-WS-14,carlos.mendez,1880,971,RuntimeBroker.exe,C:\Windows\System32\RuntimeBroker.exe,Medium
2026-08-15T20:56:39Z,AD-WS-14,carlos.mendez,1881,628,cmd.exe,C:\Windows\System32\cmd.exe,Medium
2026-08-15T20:56:43Z,AD-WS-14,carlos.mendez,1882,563,RuntimeBroker.exe,C:\Windows\System32\RuntimeBroker.exe,Medium
2026-08-15T20:57:10Z,AD-WS-14,carlos.mendez,1883,466,svchost.exe,C:\Windows\System32\svchost.exe,Medium
2026-08-15T20:57:46Z,AD-WS-14,carlos.mendez,1884,652,chrome.exe,C:\Windows\System32\chrome.exe,Medium
2026-08-15T20:57:50Z,AD-WS-14,carlos.mendez,1885,786,cmd.exe,C:\Windows\System32\cmd.exe,Medium
2026-08-15T20:58:26Z,AD-WS-14,carlos.mendez,1886,963,SearchApp.exe,C:\Windows\System32\SearchApp.exe,Medium
2026-08-15T20:58:27Z,AD-WS-14,carlos.mendez,1887,940,chrome.exe,C:\Windows\System32\chrome.exe,Medium
2026-08-15T20:59:10Z,AD-WS-14,carlos.mendez,1888,639,SearchApp.exe,C:\Windows\System32\SearchApp.exe,Medium
2026-08-15T20:59:45Z,AD-WS-14,carlos.mendez,1889,670,explorer.exe,C:\Windows\System32\explorer.exe,Medium
2026-08-15T21:00:00Z,AD-WS-14,carlos.mendez,1890,787,SearchApp.exe,C:\Windows\System32\SearchApp.exe,Medium
2026-08-15T21:00:05Z,AD-WS-14,carlos.mendez,1891,838,SearchApp.exe,C:\Windows\System32\SearchApp.exe,Medium
2026-08-15T21:01:02Z,AD-WS-14,carlos.mendez,1892,808,cmd.exe,C:\Windows\System32\cmd.exe,Medium
2026-08-15T21:01:37Z,AD-WS-14,carlos.mendez,1893,531,RuntimeBroker.exe,C:\Windows\System32\RuntimeBroker.exe,Medium
2026-08-15T21:01:47Z,AD-WS-14,carlos.mendez,1894,612,RuntimeBroker.exe,C:\Windows\System32\RuntimeBroker.exe,Medium
2026-08-15T21:01:51Z,AD-WS-14,carlos.mendez,1895,426,svchost.exe,C:\Windows\System32\svchost.exe,Medium
2026-08-15T21:01:56Z,AD-WS-14,carlos.mendez,1896,899,cmd.exe,C:\Windows\System32\cmd.exe,Medium
2026-08-15T21:01:57Z,AD-WS-14,carlos.mendez,1897,883,explorer.exe,C:\Windows\System32\explorer.exe,Medium
2026-08-15T21:02:02Z,AD-WS-14,carlos.mendez,1898,645,svchost.exe,C:\Windows\System32\svchost.exe,Medium
2026-08-15T21:02:58Z,AD-WS-14,carlos.mendez,1899,863,RuntimeBroker.exe,C:\Windows\System32\RuntimeBroker.exe,Medium
2026-08-15T21:03:28Z,AD-WS-14,carlos.mendez,1900,905,conhost.exe,C:\Windows\System32\conhost.exe,Medium
2026-08-15T21:04:31Z,AD-WS-14,carlos.mendez,1901,842,chrome.exe,C:\Windows\System32\chrome.exe,Medium
2026-08-15T21:05:20Z,AD-WS-14,carlos.mendez,1902,675,conhost.exe,C:\Windows\System32\conhost.exe,Medium
2026-08-15T21:05:36Z,AD-WS-14,carlos.mendez,1903,919,explorer.exe,C:\Windows\System32\explorer.exe,Medium
2026-08-15T21:06:13Z,AD-WS-14,carlos.mendez,1904,749,cmd.exe,C:\Windows\System32\cmd.exe,Medium
2026-08-15T21:06:47Z,AD-WS-14,carlos.mendez,1905,937,svchost.exe,C:\Windows\System32\svchost.exe,Medium
2026-08-15T21:07:01Z,AD-WS-14,carlos.mendez,1906,571,RuntimeBroker.exe,C:\Windows\System32\RuntimeBroker.exe,Medium
2026-08-15T21:07:20Z,AD-WS-14,carlos.mendez,1907,861,chrome.exe,C:\Windows\System32\chrome.exe,Medium
2026-08-15T21:08:46Z,AD-WS-14,carlos.mendez,1908,689,svchost.exe,C:\Windows\System32\svchost.exe,Medium
2026-08-15T21:08:48Z,AD-WS-14,carlos.mendez,1909,745,chrome.exe,C:\Windows\System32\chrome.exe,Medium
2026-08-15T21:10:00Z,AD-WS-14,carlos.mendez,1910,756,conhost.exe,C:\Windows\System32\conhost.exe,Medium
2026-08-15T21:10:25Z,AD-WS-14,carlos.mendez,1911,567,chrome.exe,C:\Windows\System32\chrome.exe,Medium
2026-08-15T21:10:29Z,AD-WS-14,carlos.mendez,1912,651,RuntimeBroker.exe,C:\Windows\System32\RuntimeBroker.exe,Medium
2026-08-15T21:10:36Z,AD-WS-14,carlos.mendez,1913,924,chrome.exe,C:\Windows\System32\chrome.exe,Medium
2026-08-15T21:12:08Z,AD-WS-14,carlos.mendez,1914,890,RuntimeBroker.exe,C:\Windows\System32\RuntimeBroker.exe,Medium
2026-08-15T21:12:39Z,AD-WS-14,carlos.mendez,1915,660,cmd.exe,C:\Windows\System32\cmd.exe,Medium
2026-08-15T21:12:46Z,AD-WS-14,carlos.mendez,1916,499,explorer.exe,C:\Windows\System32\explorer.exe,Medium
2026-08-15T21:12:47Z,AD-WS-14,carlos.mendez,1917,995,svchost.exe,C:\Windows\System32\svchost.exe,Medium
2026-08-15T21:12:52Z,AD-WS-14,carlos.mendez,1918,639,chrome.exe,C:\Windows\System32\chrome.exe,Medium
2026-08-15T21:14:40Z,AD-WS-14,carlos.mendez,1919,956,conhost.exe,C:\Windows\System32\conhost.exe,Medium
2026-08-15T21:14:41Z,AD-WS-14,carlos.mendez,1920,756,svchost.exe,C:\Windows\System32\svchost.exe,Medium
2026-08-15T21:14:47Z,AD-WS-14,carlos.mendez,1921,688,conhost.exe,C:\Windows\System32\conhost.exe,Medium
2026-08-15T21:15:34Z,AD-WS-14,carlos.mendez,1922,866,cmd.exe,C:\Windows\System32\cmd.exe,Medium
2026-08-15T21:16:09Z,AD-WS-14,carlos.mendez,1923,670,conhost.exe,C:\Windows\System32\conhost.exe,Medium
2026-08-15T21:16:16Z,AD-WS-14,carlos.mendez,1924,923,cmd.exe,C:\Windows\System32\cmd.exe,Medium
2026-08-15T21:16:23Z,AD-WS-14,carlos.mendez,1925,923,RuntimeBroker.exe,C:\Windows\System32\RuntimeBroker.exe,Medium
2026-08-15T21:16:58Z,AD-WS-14,carlos.mendez,1926,406,explorer.exe,C:\Windows\System32\explorer.exe,Medium
2026-08-15T21:17:46Z,AD-WS-14,carlos.mendez,1927,933,svchost.exe,C:\Windows\System32\svchost.exe,Medium
2026-08-15T21:18:15Z,AD-WS-14,carlos.mendez,1928,835,conhost.exe,C:\Windows\System32\conhost.exe,Medium
2026-08-15T21:18:32Z,AD-WS-14,carlos.mendez,1929,450,conhost.exe,C:\Windows\System32\conhost.exe,Medium
2026-08-15T21:18:59Z,AD-WS-14,carlos.mendez,1930,429,RuntimeBroker.exe,C:\Windows\System32\RuntimeBroker.exe,Medium
2026-08-15T21:19:08Z,AD-WS-14,carlos.mendez,1931,879,conhost.exe,C:\Windows\System32\conhost.exe,Medium
2026-08-15T21:19:08Z,AD-WS-14,carlos.mendez,1932,625,chrome.exe,C:\Windows\System32\chrome.exe,Medium
2026-08-15T21:19:45Z,AD-WS-14,carlos.mendez,1933,634,RuntimeBroker.exe,C:\Windows\System32\RuntimeBroker.exe,Medium
2026-08-15T21:21:06Z,AD-WS-14,carlos.mendez,1934,965,cmd.exe,C:\Windows\System32\cmd.exe,Medium
2026-08-15T21:21:14Z,AD-WS-14,carlos.mendez,1935,769,conhost.exe,C:\Windows\System32\conhost.exe,Medium
2026-08-15T21:21:23Z,AD-WS-14,carlos.mendez,1936,784,conhost.exe,C:\Windows\System32\conhost.exe,Medium
2026-08-15T21:21:25Z,AD-WS-14,carlos.mendez,1937,833,SearchApp.exe,C:\Windows\System32\SearchApp.exe,Medium
2026-08-15T21:21:33Z,AD-WS-14,carlos.mendez,1938,409,conhost.exe,C:\Windows\System32\conhost.exe,Medium
2026-08-15T21:21:46Z,AD-WS-14,carlos.mendez,1939,658,svchost.exe,C:\Windows\System32\svchost.exe,Medium
2026-08-15T21:21:51Z,AD-WS-14,carlos.mendez,1940,890,explorer.exe,C:\Windows\System32\explorer.exe,Medium
2026-08-15T21:21:52Z,AD-WS-14,carlos.mendez,1941,927,svchost.exe,C:\Windows\System32\svchost.exe,Medium
2026-08-15T21:22:33Z,AD-WS-14,carlos.mendez,1942,821,explorer.exe,C:\Windows\System32\explorer.exe,Medium
2026-08-15T21:22:35Z,AD-WS-14,carlos.mendez,1943,743,conhost.exe,C:\Windows\System32\conhost.exe,Medium
2026-08-15T21:22:46Z,AD-WS-14,carlos.mendez,1944,938,chrome.exe,C:\Windows\System32\chrome.exe,Medium
2026-08-15T21:22:49Z,AD-WS-14,carlos.mendez,1945,998,cmd.exe,C:\Windows\System32\cmd.exe,Medium
2026-08-15T21:23:11Z,AD-WS-14,carlos.mendez,1946,601,chrome.exe,C:\Windows\System32\chrome.exe,Medium
2026-08-15T21:23:36Z,AD-WS-14,carlos.mendez,1947,621,cmd.exe,C:\Windows\System32\cmd.exe,Medium
2026-08-15T21:23:41Z,AD-WS-14,carlos.mendez,1948,926,conhost.exe,C:\Windows\System32\conhost.exe,Medium
2026-08-15T21:24:09Z,AD-WS-14,carlos.mendez,1949,408,cmd.exe,C:\Windows\System32\cmd.exe,Medium
2026-08-15T21:24:22Z,AD-WS-14,carlos.mendez,1950,775,cmd.exe,C:\Windows\System32\cmd.exe,Medium
2026-08-15T21:24:25Z,AD-WS-14,carlos.mendez,1951,820,explorer.exe,C:\Windows\System32\explorer.exe,Medium
2026-08-15T21:24:49Z,AD-WS-14,carlos.mendez,1952,657,explorer.exe,C:\Windows\System32\explorer.exe,Medium
2026-08-15T21:24:54Z,AD-WS-14,carlos.mendez,1953,481,SearchApp.exe,C:\Windows\System32\SearchApp.exe,Medium
2026-08-15T21:24:57Z,AD-WS-14,carlos.mendez,1954,796,cmd.exe,C:\Windows\System32\cmd.exe,Medium
2026-08-15T21:25:17Z,AD-WS-14,carlos.mendez,1955,914,SearchApp.exe,C:\Windows\System32\SearchApp.exe,Medium
2026-08-15T21:25:32Z,AD-WS-14,carlos.mendez,1956,663,svchost.exe,C:\Windows\System32\svchost.exe,Medium
2026-08-15T21:25:39Z,AD-WS-14,carlos.mendez,1957,854,conhost.exe,C:\Windows\System32\conhost.exe,Medium
2026-08-15T21:25:59Z,AD-WS-14,carlos.mendez,1958,967,cmd.exe,C:\Windows\System32\cmd.exe,Medium
2026-08-15T21:26:01Z,AD-WS-14,carlos.mendez,1959,752,svchost.exe,C:\Windows\System32\svchost.exe,Medium
2026-08-15T21:26:10Z,AD-WS-14,carlos.mendez,1960,717,cmd.exe,C:\Windows\System32\cmd.exe,Medium
2026-08-15T21:27:36Z,AD-WS-14,carlos.mendez,1961,756,chrome.exe,C:\Windows\System32\chrome.exe,Medium
2026-08-15T21:28:05Z,AD-WS-14,carlos.mendez,1962,534,conhost.exe,C:\Windows\System32\conhost.exe,Medium
2026-08-15T21:29:20Z,AD-WS-14,carlos.mendez,1963,575,RuntimeBroker.exe,C:\Windows\System32\RuntimeBroker.exe,Medium
2026-08-15T21:30:08Z,AD-WS-14,carlos.mendez,1964,927,chrome.exe,C:\Windows\System32\chrome.exe,Medium
2026-08-15T21:30:17Z,AD-WS-14,carlos.mendez,1965,668,explorer.exe,C:\Windows\System32\explorer.exe,Medium
2026-08-15T21:30:42Z,AD-WS-14,carlos.mendez,1966,510,RuntimeBroker.exe,C:\Windows\System32\RuntimeBroker.exe,Medium
2026-08-15T21:31:00Z,AD-WS-14,carlos.mendez,1967,959,chrome.exe,C:\Windows\System32\chrome.exe,Medium
2026-08-15T21:31:24Z,AD-WS-14,carlos.mendez,1968,971,svchost.exe,C:\Windows\System32\svchost.exe,Medium
2026-08-15T21:31:30Z,AD-WS-14,carlos.mendez,1969,665,SearchApp.exe,C:\Windows\System32\SearchApp.exe,Medium
2026-08-15T21:31:39Z,AD-WS-14,carlos.mendez,1970,985,chrome.exe,C:\Windows\System32\chrome.exe,Medium
2026-08-15T21:31:40Z,AD-WS-14,carlos.mendez,1971,499,explorer.exe,C:\Windows\System32\explorer.exe,Medium
2026-08-15T21:32:19Z,AD-WS-14,carlos.mendez,1972,918,cmd.exe,C:\Windows\System32\cmd.exe,Medium
2026-08-15T21:32:30Z,AD-WS-14,carlos.mendez,1973,607,RuntimeBroker.exe,C:\Windows\System32\RuntimeBroker.exe,Medium
2026-08-15T21:32:34Z,AD-WS-14,carlos.mendez,1974,440,svchost.exe,C:\Windows\System32\svchost.exe,Medium
2026-08-15T21:33:02Z,AD-WS-14,carlos.mendez,1975,933,chrome.exe,C:\Windows\System32\chrome.exe,Medium
2026-08-15T21:33:41Z,AD-WS-14,carlos.mendez,1976,798,SearchApp.exe,C:\Windows\System32\SearchApp.exe,Medium
2026-08-15T21:34:15Z,AD-WS-14,carlos.mendez,1977,933,conhost.exe,C:\Windows\System32\conhost.exe,Medium
2026-08-15T21:34:28Z,AD-WS-14,carlos.mendez,1978,663,SearchApp.exe,C:\Windows\System32\SearchApp.exe,Medium
2026-08-15T21:35:35Z,AD-WS-14,carlos.mendez,1979,789,conhost.exe,C:\Windows\System32\conhost.exe,Medium
2026-08-15T21:38:40Z,AD-WS-14,carlos.mendez,1980,962,svchost.exe,C:\Windows\System32\svchost.exe,Medium
2026-08-15T21:39:01Z,AD-WS-14,carlos.mendez,1981,484,chrome.exe,C:\Windows\System32\chrome.exe,Medium
2026-08-15T21:39:16Z,AD-WS-14,carlos.mendez,1982,730,SearchApp.exe,C:\Windows\System32\SearchApp.exe,Medium
2026-08-15T21:39:41Z,AD-WS-14,carlos.mendez,1983,910,cmd.exe,C:\Windows\System32\cmd.exe,Medium
2026-08-15T21:40:06Z,AD-WS-14,carlos.mendez,1984,666,svchost.exe,C:\Windows\System32\svchost.exe,Medium
2026-08-15T21:40:20Z,AD-WS-14,carlos.mendez,1985,910,svchost.exe,C:\Windows\System32\svchost.exe,Medium
2026-08-15T21:40:31Z,AD-WS-14,carlos.mendez,1986,863,RuntimeBroker.exe,C:\Windows\System32\RuntimeBroker.exe,Medium
2026-08-15T21:40:48Z,AD-WS-14,carlos.mendez,1987,719,conhost.exe,C:\Windows\System32\conhost.exe,Medium
2026-08-15T21:40:49Z,AD-WS-14,carlos.mendez,1988,521,conhost.exe,C:\Windows\System32\conhost.exe,Medium
2026-08-15T21:41:13Z,AD-WS-14,carlos.mendez,1989,734,svchost.exe,C:\Windows\System32\svchost.exe,Medium
2026-08-15T21:41:22Z,AD-WS-14,carlos.mendez,1990,821,SearchApp.exe,C:\Windows\System32\SearchApp.exe,Medium
2026-08-15T21:42:06Z,AD-WS-14,carlos.mendez,1991,532,explorer.exe,C:\Windows\System32\explorer.exe,Medium
2026-08-15T21:42:28Z,AD-WS-14,carlos.mendez,1992,582,SearchApp.exe,C:\Windows\System32\SearchApp.exe,Medium
2026-08-15T21:45:36Z,AD-WS-14,carlos.mendez,1993,683,conhost.exe,C:\Windows\System32\conhost.exe,Medium
2026-08-15T21:45:37Z,AD-WS-14,carlos.mendez,1994,623,SearchApp.exe,C:\Windows\System32\SearchApp.exe,Medium
2026-08-15T21:45:46Z,AD-WS-14,carlos.mendez,1995,584,svchost.exe,C:\Windows\System32\svchost.exe,Medium
2026-08-15T21:46:04Z,AD-WS-14,carlos.mendez,1996,748,conhost.exe,C:\Windows\System32\conhost.exe,Medium
2026-08-15T21:46:17Z,AD-WS-14,carlos.mendez,1997,904,conhost.exe,C:\Windows\System32\conhost.exe,Medium
2026-08-15T21:46:40Z,AD-WS-14,carlos.mendez,1998,824,RuntimeBroker.exe,C:\Windows\System32\RuntimeBroker.exe,Medium
2026-08-15T21:46:58Z,AD-WS-14,carlos.mendez,1999,638,chrome.exe,C:\Windows\System32\chrome.exe,Medium
2026-08-15T21:47:11Z,AD-WS-14,carlos.mendez,2000,892,chrome.exe,C:\Windows\System32\chrome.exe,Medium
2026-08-15T21:47:28Z,AD-WS-14,carlos.mendez,2001,792,RuntimeBroker.exe,C:\Windows\System32\RuntimeBroker.exe,Medium
2026-08-15T21:47:36Z,AD-WS-14,carlos.mendez,2002,800,SearchApp.exe,C:\Windows\System32\SearchApp.exe,Medium
2026-08-15T21:48:13Z,AD-WS-14,carlos.mendez,2003,618,SearchApp.exe,C:\Windows\System32\SearchApp.exe,Medium
2026-08-15T21:49:15Z,AD-WS-14,carlos.mendez,2004,428,SearchApp.exe,C:\Windows\System32\SearchApp.exe,Medium
2026-08-15T21:50:01Z,AD-WS-14,carlos.mendez,2005,548,explorer.exe,C:\Windows\System32\explorer.exe,Medium
2026-08-15T21:51:00Z,AD-WS-14,carlos.mendez,2006,498,conhost.exe,C:\Windows\System32\conhost.exe,Medium
2026-08-15T21:51:39Z,AD-WS-14,carlos.mendez,2007,570,svchost.exe,C:\Windows\System32\svchost.exe,Medium
2026-08-15T21:51:55Z,AD-WS-14,carlos.mendez,2008,729,chrome.exe,C:\Windows\System32\chrome.exe,Medium
2026-08-15T21:52:09Z,AD-WS-14,carlos.mendez,2009,839,RuntimeBroker.exe,C:\Windows\System32\RuntimeBroker.exe,Medium
2026-08-15T21:52:35Z,AD-WS-14,carlos.mendez,2010,766,svchost.exe,C:\Windows\System32\svchost.exe,Medium
2026-08-15T21:52:48Z,AD-WS-14,carlos.mendez,2011,894,chrome.exe,C:\Windows\System32\chrome.exe,Medium
2026-08-15T21:52:48Z,AD-WS-14,carlos.mendez,2012,991,RuntimeBroker.exe,C:\Windows\System32\RuntimeBroker.exe,Medium
2026-08-15T21:52:55Z,AD-WS-14,carlos.mendez,2013,705,RuntimeBroker.exe,C:\Windows\System32\RuntimeBroker.exe,Medium
2026-08-15T21:53:48Z,AD-WS-14,carlos.mendez,2014,503,chrome.exe,C:\Windows\System32\chrome.exe,Medium
2026-08-15T21:54:26Z,AD-WS-14,carlos.mendez,2015,756,RuntimeBroker.exe,C:\Windows\System32\RuntimeBroker.exe,Medium
2026-08-15T21:54:36Z,AD-WS-14,carlos.mendez,2016,820,svchost.exe,C:\Windows\System32\svchost.exe,Medium
2026-08-15T21:55:18Z,AD-WS-14,carlos.mendez,2017,608,RuntimeBroker.exe,C:\Windows\System32\RuntimeBroker.exe,Medium
2026-08-15T21:55:20Z,AD-WS-14,carlos.mendez,2018,562,cmd.exe,C:\Windows\System32\cmd.exe,Medium
2026-08-15T21:56:11Z,AD-WS-14,carlos.mendez,2019,829,SearchApp.exe,C:\Windows\System32\SearchApp.exe,Medium
2026-08-15T21:56:13Z,AD-WS-14,carlos.mendez,2020,945,explorer.exe,C:\Windows\System32\explorer.exe,Medium
2026-08-15T21:56:16Z,AD-WS-14,carlos.mendez,2021,459,RuntimeBroker.exe,C:\Windows\System32\RuntimeBroker.exe,Medium
2026-08-15T21:56:38Z,AD-WS-14,carlos.mendez,2022,547,RuntimeBroker.exe,C:\Windows\System32\RuntimeBroker.exe,Medium
2026-08-15T21:56:49Z,AD-WS-14,carlos.mendez,2023,896,explorer.exe,C:\Windows\System32\explorer.exe,Medium
2026-08-15T21:57:02Z,AD-WS-14,carlos.mendez,2024,428,svchost.exe,C:\Windows\System32\svchost.exe,Medium
2026-08-15T21:57:08Z,AD-WS-14,carlos.mendez,2025,828,chrome.exe,C:\Windows\System32\chrome.exe,Medium
2026-08-15T21:57:23Z,AD-WS-14,carlos.mendez,2026,568,svchost.exe,C:\Windows\System32\svchost.exe,Medium
2026-08-15T21:58:52Z,AD-WS-14,carlos.mendez,2027,631,explorer.exe,C:\Windows\System32\explorer.exe,Medium
2026-08-15T21:59:12Z,AD-WS-14,carlos.mendez,2028,921,cmd.exe,C:\Windows\System32\cmd.exe,Medium
2026-08-15T21:59:25Z,AD-WS-14,carlos.mendez,2029,683,svchost.exe,C:\Windows\System32\svchost.exe,Medium
2026-08-15T22:00:53Z,AD-WS-14,carlos.mendez,2030,651,SearchApp.exe,C:\Windows\System32\SearchApp.exe,Medium
2026-08-15T22:01:25Z,AD-WS-14,carlos.mendez,2031,902,explorer.exe,C:\Windows\System32\explorer.exe,Medium
2026-08-15T22:01:36Z,AD-WS-14,carlos.mendez,2032,587,conhost.exe,C:\Windows\System32\conhost.exe,Medium
2026-08-15T22:02:09Z,AD-WS-14,carlos.mendez,2033,679,explorer.exe,C:\Windows\System32\explorer.exe,Medium
2026-08-15T22:02:42Z,AD-WS-14,carlos.mendez,2034,901,explorer.exe,C:\Windows\System32\explorer.exe,Medium
2026-08-15T22:02:54Z,AD-WS-14,carlos.mendez,2035,953,chrome.exe,C:\Windows\System32\chrome.exe,Medium
2026-08-15T22:03:43Z,AD-WS-14,carlos.mendez,2036,500,cmd.exe,C:\Windows\System32\cmd.exe,Medium
2026-08-15T22:04:35Z,AD-WS-14,carlos.mendez,2037,836,svchost.exe,C:\Windows\System32\svchost.exe,Medium
2026-08-15T22:04:51Z,AD-WS-14,carlos.mendez,2038,752,explorer.exe,C:\Windows\System32\explorer.exe,Medium
2026-08-15T22:05:59Z,AD-WS-14,carlos.mendez,2039,799,RuntimeBroker.exe,C:\Windows\System32\RuntimeBroker.exe,Medium
2026-08-15T22:06:12Z,AD-WS-14,carlos.mendez,2040,856,cmd.exe,C:\Windows\System32\cmd.exe,Medium
2026-08-15T22:06:38Z,AD-WS-14,carlos.mendez,2041,915,svchost.exe,C:\Windows\System32\svchost.exe,Medium
2026-08-15T22:06:40Z,AD-WS-14,carlos.mendez,2042,472,chrome.exe,C:\Windows\System32\chrome.exe,Medium
2026-08-15T22:07:02Z,AD-WS-14,carlos.mendez,2043,674,svchost.exe,C:\Windows\System32\svchost.exe,Medium
2026-08-15T22:07:22Z,AD-WS-14,carlos.mendez,2044,852,cmd.exe,C:\Windows\System32\cmd.exe,Medium
2026-08-15T22:08:44Z,AD-WS-14,carlos.mendez,2045,876,SearchApp.exe,C:\Windows\System32\SearchApp.exe,Medium
2026-08-15T22:08:46Z,AD-WS-14,carlos.mendez,2046,522,conhost.exe,C:\Windows\System32\conhost.exe,Medium
2026-08-15T22:09:33Z,AD-WS-14,carlos.mendez,2047,607,SearchApp.exe,C:\Windows\System32\SearchApp.exe,Medium
2026-08-15T22:09:47Z,AD-WS-14,carlos.mendez,2048,723,svchost.exe,C:\Windows\System32\svchost.exe,Medium
2026-08-15T22:09:55Z,AD-WS-14,carlos.mendez,2049,603,RuntimeBroker.exe,C:\Windows\System32\RuntimeBroker.exe,Medium
2026-08-15T22:10:07Z,AD-WS-14,carlos.mendez,2050,451,RuntimeBroker.exe,C:\Windows\System32\RuntimeBroker.exe,Medium
2026-08-15T22:10:10Z,AD-WS-14,carlos.mendez,2051,811,RuntimeBroker.exe,C:\Windows\System32\RuntimeBroker.exe,Medium
2026-08-15T22:10:23Z,AD-WS-14,carlos.mendez,2052,875,explorer.exe,C:\Windows\System32\explorer.exe,Medium
2026-08-15T22:10:48Z,AD-WS-14,carlos.mendez,2053,803,RuntimeBroker.exe,C:\Windows\System32\RuntimeBroker.exe,Medium
2026-08-15T22:11:11Z,AD-WS-14,carlos.mendez,2054,513,conhost.exe,C:\Windows\System32\conhost.exe,Medium
2026-08-15T22:12:51Z,AD-WS-14,carlos.mendez,2055,930,svchost.exe,C:\Windows\System32\svchost.exe,Medium
2026-08-15T22:13:00Z,AD-WS-14,carlos.mendez,2056,987,cmd.exe,C:\Windows\System32\cmd.exe,Medium
2026-08-15T22:14:36Z,AD-WS-14,carlos.mendez,2057,979,svchost.exe,C:\Windows\System32\svchost.exe,Medium
2026-08-15T22:14:42Z,AD-WS-14,carlos.mendez,2058,971,explorer.exe,C:\Windows\System32\explorer.exe,Medium
2026-08-15T22:14:48Z,AD-WS-14,carlos.mendez,2059,687,explorer.exe,C:\Windows\System32\explorer.exe,Medium
2026-08-15T22:14:49Z,AD-WS-14,carlos.mendez,2060,674,conhost.exe,C:\Windows\System32\conhost.exe,Medium
2026-08-15T22:14:50Z,AD-WS-14,carlos.mendez,2061,533,svchost.exe,C:\Windows\System32\svchost.exe,Medium
2026-08-15T22:15:03Z,AD-WS-14,carlos.mendez,2062,446,SearchApp.exe,C:\Windows\System32\SearchApp.exe,Medium
2026-08-15T22:15:15Z,AD-WS-14,carlos.mendez,2063,925,cmd.exe,C:\Windows\System32\cmd.exe,Medium
2026-08-15T22:15:17Z,AD-WS-14,carlos.mendez,2064,740,explorer.exe,C:\Windows\System32\explorer.exe,Medium
2026-08-15T22:15:43Z,AD-WS-14,carlos.mendez,2065,968,cmd.exe,C:\Windows\System32\cmd.exe,Medium
2026-08-15T22:15:52Z,AD-WS-14,carlos.mendez,2066,955,cmd.exe,C:\Windows\System32\cmd.exe,Medium
2026-08-15T22:16:06Z,AD-WS-14,carlos.mendez,2067,980,cmd.exe,C:\Windows\System32\cmd.exe,Medium
2026-08-15T22:16:56Z,AD-WS-14,carlos.mendez,2068,688,SearchApp.exe,C:\Windows\System32\SearchApp.exe,Medium
2026-08-15T22:16:59Z,AD-WS-14,carlos.mendez,2069,617,cmd.exe,C:\Windows\System32\cmd.exe,Medium
2026-08-15T22:17:09Z,AD-WS-14,carlos.mendez,2070,712,chrome.exe,C:\Windows\System32\chrome.exe,Medium
2026-08-15T22:17:25Z,AD-WS-14,carlos.mendez,2071,921,svchost.exe,C:\Windows\System32\svchost.exe,Medium
2026-08-15T22:17:41Z,AD-WS-14,carlos.mendez,2072,722,conhost.exe,C:\Windows\System32\conhost.exe,Medium
2026-08-15T22:17:54Z,AD-WS-14,carlos.mendez,2073,961,conhost.exe,C:\Windows\System32\conhost.exe,Medium
2026-08-15T22:18:09Z,AD-WS-14,carlos.mendez,2074,562,chrome.exe,C:\Windows\System32\chrome.exe,Medium
2026-08-15T22:18:18Z,AD-WS-14,carlos.mendez,2075,401,conhost.exe,C:\Windows\System32\conhost.exe,Medium
2026-08-15T22:18:23Z,AD-WS-14,carlos.mendez,2076,771,chrome.exe,C:\Windows\System32\chrome.exe,Medium
2026-08-15T22:18:39Z,AD-WS-14,carlos.mendez,2077,657,cmd.exe,C:\Windows\System32\cmd.exe,Medium
2026-08-15T22:18:40Z,AD-WS-14,carlos.mendez,2078,583,RuntimeBroker.exe,C:\Windows\System32\RuntimeBroker.exe,Medium
2026-08-15T22:18:42Z,AD-WS-14,carlos.mendez,2079,907,RuntimeBroker.exe,C:\Windows\System32\RuntimeBroker.exe,Medium
2026-08-15T22:19:05Z,AD-WS-14,carlos.mendez,2080,878,SearchApp.exe,C:\Windows\System32\SearchApp.exe,Medium
2026-08-15T22:19:34Z,AD-WS-14,carlos.mendez,2081,747,cmd.exe,C:\Windows\System32\cmd.exe,Medium
2026-08-15T22:20:10Z,AD-WS-14,carlos.mendez,2082,862,SearchApp.exe,C:\Windows\System32\SearchApp.exe,Medium
2026-08-15T22:20:50Z,AD-WS-14,carlos.mendez,2083,632,chrome.exe,C:\Windows\System32\chrome.exe,Medium
2026-08-15T22:22:55Z,AD-WS-14,carlos.mendez,2084,933,conhost.exe,C:\Windows\System32\conhost.exe,Medium
2026-08-15T22:22:59Z,AD-WS-14,carlos.mendez,2085,818,SearchApp.exe,C:\Windows\System32\SearchApp.exe,Medium
2026-08-15T22:23:31Z,AD-WS-14,carlos.mendez,2086,929,RuntimeBroker.exe,C:\Windows\System32\RuntimeBroker.exe,Medium
2026-08-15T22:23:48Z,AD-WS-14,carlos.mendez,2087,719,svchost.exe,C:\Windows\System32\svchost.exe,Medium
2026-08-15T22:24:25Z,AD-WS-14,carlos.mendez,2088,617,chrome.exe,C:\Windows\System32\chrome.exe,Medium
2026-08-15T22:25:24Z,AD-WS-14,carlos.mendez,2089,533,conhost.exe,C:\Windows\System32\conhost.exe,Medium
2026-08-15T22:25:37Z,AD-WS-14,carlos.mendez,2090,714,cmd.exe,C:\Windows\System32\cmd.exe,Medium
2026-08-15T22:25:40Z,AD-WS-14,carlos.mendez,2091,489,conhost.exe,C:\Windows\System32\conhost.exe,Medium
2026-08-15T22:26:44Z,AD-WS-14,carlos.mendez,2092,604,conhost.exe,C:\Windows\System32\conhost.exe,Medium
2026-08-15T22:26:45Z,AD-WS-14,carlos.mendez,2093,607,cmd.exe,C:\Windows\System32\cmd.exe,Medium
2026-08-15T22:27:53Z,AD-WS-14,carlos.mendez,2094,608,SearchApp.exe,C:\Windows\System32\SearchApp.exe,Medium
2026-08-15T22:28:44Z,AD-WS-14,carlos.mendez,2095,577,explorer.exe,C:\Windows\System32\explorer.exe,Medium
2026-08-15T22:28:45Z,AD-WS-14,carlos.mendez,2096,710,SearchApp.exe,C:\Windows\System32\SearchApp.exe,Medium
2026-08-15T22:28:46Z,AD-WS-14,carlos.mendez,2097,453,conhost.exe,C:\Windows\System32\conhost.exe,Medium
2026-08-15T22:29:15Z,AD-WS-14,carlos.mendez,2098,498,RuntimeBroker.exe,C:\Windows\System32\RuntimeBroker.exe,Medium
2026-08-15T22:29:27Z,AD-WS-14,carlos.mendez,2099,706,RuntimeBroker.exe,C:\Windows\System32\RuntimeBroker.exe,Medium
2026-08-16T00:54:30Z,AD-WS-14,carlos.mendez,4520,3412,wordview.exe,"C:\Users\carlos.mendez\AppData\Local\Temp\invoice_doc.exe",Medium
2026-08-16T00:59:15Z,AD-WS-14,carlos.mendez,5104,4520,dns-tunnel.exe,"C:\Users\carlos.mendez\AppData\Roaming\dns-agent.exe -domain adversary-ops.example -interval 5s",Medium
