# Corporate Workstation Physical, Console & Endpoint Activity Log
# Host: SQ-LT-03 (Assigned to Nora Singh, Senior Deployment Engineer)
2026-07-31T09:33:35Z host=SQ-LT-03 event=SYSTEM_BOOT boot_id=094d6904c9 status=SUCCESS
2026-07-31T09:37:53Z user=nora.singh host=SQ-LT-03 event=LOGIN session=189fa258e2 method=password+fido2 status=SUCCESS
2026-07-31T09:41:19Z user=nora.singh host=SQ-LT-03 event=VPN_CONNECT session=189fa258e2 profile=corp-vpn gateway=vpn-blr-02 status=SUCCESS
2026-07-31T09:45:11Z user=nora.singh host=SQ-LT-03 event=NETWORK_CONNECT session=189fa258e2 process=chrome destination=jira.silverquill.internal dest_ip=10.18.1.21 dest_port=443 protocol=tcp status=SUCCESS
2026-07-31T09:51:01Z user=nora.singh host=SQ-LT-03 event=HEARTBEAT session=189fa258e2 agent=edr-7.4.2 status=SUCCESS
2026-07-31T10:01:10Z user=nora.singh host=SQ-LT-03 event=PACKAGE_UPDATE session=189fa258e2 package=nodejs status=SUCCESS
2026-07-31T10:02:24Z user=nora.singh host=SQ-LT-03 event=USB_MOUNT session=189fa258e2 device=YubiKey-5C-NFC status=SUCCESS
2026-07-31T10:05:59Z user=nora.singh host=SQ-LT-03 event=PRINT_JOB session=189fa258e2 printer=sq-floor3-mfp pages=8 status=SUCCESS
2026-07-31T10:08:05Z user=nora.singh host=SQ-LT-03 event=NETWORK_CONNECT session=189fa258e2 process=node destination=ci.silverquill.internal dest_ip=10.18.5.9 dest_port=443 protocol=tcp status=SUCCESS
2026-07-31T10:12:51Z user=nora.singh host=SQ-LT-03 event=IDLE_CHECK session=189fa258e2 status=SUCCESS
2026-07-31T10:15:03Z user=nora.singh host=SQ-LT-03 event=PROCESS_START session=189fa258e2 pid=41853 process=chrome executable=/opt/google/chrome/chrome cwd='~/src/quill-api' status=SUCCESS
2026-07-31T10:24:21Z user=nora.singh host=SQ-LT-03 event=FILE_OPEN session=189fa258e2 path='~/src/quill-admin/src/routes/status.ts' process=code status=SUCCESS
2026-07-31T10:25:05Z user=nora.singh host=SQ-LT-03 event=FILE_SYNC session=189fa258e2 target=settings-roam status=SUCCESS
2026-07-31T10:32:04Z user=nora.singh host=SQ-LT-03 event=SCREEN_LOCK session=189fa258e2 status=SUCCESS
2026-07-31T10:35:24Z user=nora.singh host=SQ-LT-03 event=HEARTBEAT session=189fa258e2 agent=edr-7.4.2 status=SUCCESS
2026-07-31T10:36:33Z user=nora.singh host=SQ-LT-03 event=EDR_HEALTH session=189fa258e2 sensor=healthy status=SUCCESS
2026-07-31T10:36:35Z user=nora.singh host=SQ-LT-03 event=SCREEN_UNLOCK session=189fa258e2 method=fido2 status=SUCCESS
2026-07-31T10:39:39Z user=nora.singh host=SQ-LT-03 event=FILE_OPEN session=189fa258e2 path='~/src/deploy-scripts/package.json' process=python3 status=SUCCESS
2026-07-31T10:46:38Z user=nora.singh host=SQ-LT-03 event=FILE_OPEN session=189fa258e2 path='~/src/observability/Dockerfile' process=node status=SUCCESS
2026-07-31T10:50:07Z user=nora.singh host=SQ-LT-03 event=PROCESS_START session=189fa258e2 pid=41548 process=chrome executable=/opt/google/chrome/chrome cwd='~/Downloads' status=SUCCESS
2026-07-31T10:50:14Z user=nora.singh host=SQ-LT-03 event=FILE_WRITE session=189fa258e2 path='~/src/quill-api/src/services/metrics.ts' process=python3 status=SUCCESS
2026-07-31T10:57:08Z user=nora.singh host=SQ-LT-03 event=ANTIVIRUS_SCAN session=189fa258e2 engine=defender mode=quick status=SUCCESS
2026-07-31T11:05:55Z user=nora.singh host=SQ-LT-03 event=PROCESS_START session=189fa258e2 pid=14388 process=chrome executable=/opt/google/chrome/chrome cwd='~/Downloads' status=SUCCESS
2026-07-31T11:10:26Z user=nora.singh host=SQ-LT-03 event=PROCESS_START session=189fa258e2 pid=8480 process=npm executable=/usr/bin/npm cwd='~/src/quill-admin' command='npm run lint' status=SUCCESS
2026-07-31T11:13:09Z user=nora.singh host=SQ-LT-03 event=FILE_SYNC session=189fa258e2 target=corp-drive status=SUCCESS
2026-07-31T11:14:11Z user=nora.singh host=SQ-LT-03 event=EDR_HEALTH session=189fa258e2 sensor=healthy status=SUCCESS
2026-07-31T11:15:34Z user=nora.singh host=SQ-LT-03 event=FILE_WRITE session=189fa258e2 path='~/src/quill-api/src/routes/status.ts' process=npm status=SUCCESS
2026-07-31T11:16:25Z user=nora.singh host=SQ-LT-03 event=HEARTBEAT session=189fa258e2 agent=edr-7.4.2 status=SUCCESS
2026-07-31T11:17:57Z user=nora.singh host=SQ-LT-03 event=ANTIVIRUS_SCAN session=189fa258e2 engine=defender mode=quick status=SUCCESS
2026-07-31T11:18:50Z user=nora.singh host=SQ-LT-03 event=POLICY_REFRESH session=189fa258e2 policy=endpoint-standard-v6 status=SUCCESS
2026-07-31T11:19:21Z user=nora.singh host=SQ-LT-03 event=FILE_WRITE session=189fa258e2 path='~/src/observability/package.json' process=npm status=SUCCESS
2026-07-31T11:19:24Z user=nora.singh host=SQ-LT-03 event=FILE_OPEN session=189fa258e2 path='~/src/quill-admin/src/config.ts' process=npm status=SUCCESS
2026-07-31T11:19:50Z user=nora.singh host=SQ-LT-03 event=NETWORK_CONNECT session=189fa258e2 process=python3 destination=registry.silverquill.internal dest_ip=10.18.3.12 dest_port=443 protocol=tcp status=SUCCESS
2026-07-31T11:24:20Z user=nora.singh host=SQ-LT-03 event=FILE_WRITE session=189fa258e2 path='~/src/quill-api/package-lock.json' process=python3 status=SUCCESS
2026-07-31T11:25:12Z user=nora.singh host=SQ-LT-03 event=IDLE_CHECK session=189fa258e2 status=SUCCESS
2026-07-31T11:29:24Z user=nora.singh host=SQ-LT-03 event=PROCESS_START session=189fa258e2 pid=59451 process=chrome executable=/opt/google/chrome/chrome cwd='~' status=SUCCESS
2026-07-31T11:37:19Z user=nora.singh host=SQ-LT-03 event=PROCESS_START session=189fa258e2 pid=46007 process=node executable=/usr/bin/node cwd='~' command='node ./scripts/validate-schema.js' status=SUCCESS
2026-07-31T11:39:13Z user=nora.singh host=SQ-LT-03 event=FILE_OPEN session=189fa258e2 path='~/src/observability/package.json' process=code status=SUCCESS
2026-07-31T11:39:15Z user=nora.singh host=SQ-LT-03 event=FILE_SYNC session=189fa258e2 target=settings-roam status=SUCCESS
2026-07-31T11:42:48Z user=nora.singh host=SQ-LT-03 event=PROCESS_START session=189fa258e2 pid=53442 process=slack executable=/usr/bin/slack cwd='~/src/deploy-scripts' status=SUCCESS
2026-07-31T11:44:00Z user=nora.singh host=SQ-LT-03 event=PROCESS_START session=189fa258e2 pid=35025 process=code executable=/usr/share/code/code cwd='~/src/observability' status=SUCCESS
2026-07-31T11:46:05Z user=nora.singh host=SQ-LT-03 event=IDLE_CHECK session=189fa258e2 status=SUCCESS
2026-07-31T11:46:47Z user=nora.singh host=SQ-LT-03 event=PROCESS_START session=189fa258e2 pid=44876 process=node executable=/usr/bin/node cwd='~/src/platform-tools' command='node ./scripts/check-config.js' status=SUCCESS
2026-07-31T11:50:40Z user=nora.singh host=SQ-LT-03 event=NETWORK_CONNECT session=189fa258e2 process=npm destination=registry.silverquill.internal dest_ip=10.18.3.12 dest_port=443 protocol=tcp status=SUCCESS
2026-07-31T11:51:08Z user=nora.singh host=SQ-LT-03 event=PACKAGE_UPDATE session=189fa258e2 package=code status=SUCCESS
2026-07-31T11:53:48Z user=nora.singh host=SQ-LT-03 event=EDR_HEALTH session=189fa258e2 sensor=healthy status=SUCCESS
2026-07-31T11:53:59Z user=nora.singh host=SQ-LT-03 event=TIME_SYNC session=189fa258e2 source=ntp.silverquill.internal status=SUCCESS
2026-07-31T11:54:33Z user=nora.singh host=SQ-LT-03 event=FILE_OPEN session=189fa258e2 path='~/src/deploy-scripts/package-lock.json' process=npm status=SUCCESS
2026-07-31T12:09:06Z user=nora.singh host=SQ-LT-03 event=PROCESS_START session=189fa258e2 pid=58134 process=node executable=/usr/bin/node cwd='~/Downloads' command='node ./scripts/check-config.js' status=SUCCESS
2026-07-31T12:09:52Z user=nora.singh host=SQ-LT-03 event=FILE_OPEN session=189fa258e2 path='~/src/deploy-scripts/package-lock.json' process=python3 status=SUCCESS
2026-07-31T12:11:43Z user=nora.singh host=SQ-LT-03 event=FILE_OPEN session=189fa258e2 path='~/src/platform-tools/scripts/release.sh' process=python3 status=SUCCESS
2026-07-31T12:12:03Z user=nora.singh host=SQ-LT-03 event=FILE_WRITE session=189fa258e2 path='~/src/deploy-scripts/README.md' process=npm status=SUCCESS
2026-07-31T12:20:48Z user=nora.singh host=SQ-LT-03 event=PROCESS_START session=189fa258e2 pid=59095 process=bash executable=/usr/bin/bash cwd='~/src/quill-admin' command='bash scripts/test-health.sh' status=SUCCESS
2026-07-31T12:24:30Z user=nora.singh host=SQ-LT-03 event=PROCESS_START session=189fa258e2 pid=30345 process=bash executable=/usr/bin/bash cwd='~/Downloads' command='bash scripts/test-health.sh' status=SUCCESS
2026-07-31T12:24:50Z user=nora.singh host=SQ-LT-03 event=PROCESS_START session=189fa258e2 pid=44787 process=python3 executable=/usr/bin/python3 cwd='~/src/deploy-scripts' command='python3 scripts/report_health.py' status=SUCCESS
2026-07-31T12:27:43Z user=nora.singh host=SQ-LT-03 event=FILE_WRITE session=189fa258e2 path='~/src/platform-tools/src/services/deploy.ts' process=npm status=SUCCESS
2026-07-31T12:32:52Z user=nora.singh host=SQ-LT-03 event=IDLE_CHECK session=189fa258e2 status=SUCCESS
2026-07-31T12:33:48Z user=nora.singh host=SQ-LT-03 event=FILE_OPEN session=189fa258e2 path='~/src/quill-api/src/routes/health.ts' process=python3 status=SUCCESS
2026-07-31T12:33:54Z user=nora.singh host=SQ-LT-03 event=NETWORK_CONNECT session=189fa258e2 process=chrome destination=jira.silverquill.internal dest_ip=10.18.1.21 dest_port=443 protocol=tcp status=SUCCESS
2026-07-31T12:34:41Z user=nora.singh host=SQ-LT-03 event=FILE_WRITE session=189fa258e2 path='~/src/platform-tools/src/services/metrics.ts' process=node status=SUCCESS
2026-07-31T12:36:03Z user=nora.singh host=SQ-LT-03 event=FILE_WRITE session=189fa258e2 path='~/src/platform-tools/src/services/deploy.ts' process=npm status=SUCCESS
2026-07-31T12:37:04Z user=nora.singh host=SQ-LT-03 event=NETWORK_CONNECT session=189fa258e2 process=npm destination=registry.silverquill.internal dest_ip=10.18.3.12 dest_port=443 protocol=tcp status=SUCCESS
2026-07-31T12:39:07Z user=nora.singh host=SQ-LT-03 event=PROCESS_START session=189fa258e2 pid=27633 process=python3 executable=/usr/bin/python3 cwd='~/src/platform-tools' command='python3 scripts/check_release.py' status=SUCCESS
2026-07-31T12:42:19Z user=nora.singh host=SQ-LT-03 event=ANTIVIRUS_SCAN session=189fa258e2 engine=defender mode=realtime status=SUCCESS
2026-07-31T12:44:08Z user=nora.singh host=SQ-LT-03 event=PROCESS_START session=189fa258e2 pid=12306 process=npm executable=/usr/bin/npm cwd='~/src/platform-tools' command='npm run build' status=SUCCESS
2026-07-31T12:51:47Z user=nora.singh host=SQ-LT-03 event=PROCESS_START session=189fa258e2 pid=20316 process=node executable=/usr/bin/node cwd='~/src/observability' command='node ./dist/server.js' status=SUCCESS
2026-07-31T12:56:23Z user=nora.singh host=SQ-LT-03 event=PROCESS_START session=189fa258e2 pid=39222 process=slack executable=/usr/bin/slack cwd='~/src/quill-api' status=SUCCESS
2026-07-31T13:00:04Z user=nora.singh host=SQ-LT-03 event=HEARTBEAT session=189fa258e2 agent=edr-7.4.2 status=SUCCESS
2026-07-31T13:01:44Z user=nora.singh host=SQ-LT-03 event=PROCESS_START session=189fa258e2 pid=13602 process=slack executable=/usr/bin/slack cwd='~' status=SUCCESS
2026-07-31T13:03:04Z user=nora.singh host=SQ-LT-03 event=NETWORK_CONNECT session=189fa258e2 process=npm destination=registry.silverquill.internal dest_ip=10.18.3.12 dest_port=443 protocol=tcp status=SUCCESS
2026-07-31T13:03:37Z user=nora.singh host=SQ-LT-03 event=FILE_SYNC session=189fa258e2 target=corp-drive status=SUCCESS
2026-07-31T13:03:44Z user=nora.singh host=SQ-LT-03 event=NETWORK_CONNECT session=189fa258e2 process=chrome destination=docs.silverquill.internal dest_ip=10.18.6.14 dest_port=443 protocol=tcp status=SUCCESS
2026-07-31T13:03:46Z user=nora.singh host=SQ-LT-03 event=USB_UNMOUNT session=189fa258e2 device=YubiKey-5C-NFC status=SUCCESS
2026-07-31T13:06:10Z user=nora.singh host=SQ-LT-03 event=ANTIVIRUS_SCAN session=189fa258e2 engine=defender mode=quick status=SUCCESS
2026-07-31T13:09:41Z user=nora.singh host=SQ-LT-03 event=PROCESS_START session=189fa258e2 pid=19078 process=code executable=/usr/share/code/code cwd='~/src/quill-api' status=SUCCESS
2026-07-31T13:10:06Z user=nora.singh host=SQ-LT-03 event=EDR_HEALTH session=189fa258e2 sensor=healthy status=SUCCESS
2026-07-31T13:11:47Z user=nora.singh host=SQ-LT-03 event=FILE_OPEN session=189fa258e2 path='~/src/quill-admin/README.md' process=python3 status=SUCCESS
2026-07-31T13:12:54Z user=nora.singh host=SQ-LT-03 event=PROCESS_START session=189fa258e2 pid=61957 process=slack executable=/usr/bin/slack cwd='~/src/platform-tools' status=SUCCESS
2026-07-31T13:13:24Z user=nora.singh host=SQ-LT-03 event=NETWORK_CONNECT session=189fa258e2 process=python3 destination=packages.silverquill.internal dest_ip=10.18.2.7 dest_port=443 protocol=tcp status=SUCCESS
2026-07-31T13:19:46Z user=nora.singh host=SQ-LT-03 event=NETWORK_CONNECT session=189fa258e2 process=node destination=jira.silverquill.internal dest_ip=10.18.1.21 dest_port=443 protocol=tcp status=SUCCESS
2026-07-31T13:21:29Z user=nora.singh host=SQ-LT-03 event=FILE_OPEN session=189fa258e2 path='~/src/platform-tools/scripts/release.sh' process=npm status=SUCCESS
2026-07-31T13:21:37Z user=nora.singh host=SQ-LT-03 event=PROCESS_START session=189fa258e2 pid=58919 process=npm executable=/usr/bin/npm cwd='~/src/platform-tools' command='npm run build' status=SUCCESS
2026-07-31T13:22:11Z user=nora.singh host=SQ-LT-03 event=ANTIVIRUS_SCAN session=189fa258e2 engine=defender mode=realtime status=SUCCESS
2026-07-31T13:23:54Z user=nora.singh host=SQ-LT-03 event=NETWORK_CONNECT session=189fa258e2 process=npm destination=ci.silverquill.internal dest_ip=10.18.5.9 dest_port=443 protocol=tcp status=SUCCESS
2026-07-31T13:27:25Z user=nora.singh host=SQ-LT-03 event=POLICY_REFRESH session=189fa258e2 policy=endpoint-standard-v6 status=SUCCESS
2026-07-31T13:31:27Z user=nora.singh host=SQ-LT-03 event=PROCESS_START session=189fa258e2 pid=11252 process=python3 executable=/usr/bin/python3 cwd='~/src/quill-api' command='python3 scripts/report_health.py' status=SUCCESS
2026-07-31T13:31:34Z user=nora.singh host=SQ-LT-03 event=PROCESS_START session=189fa258e2 pid=63516 process=code executable=/usr/share/code/code cwd='~/src/deploy-scripts' status=SUCCESS
2026-07-31T13:37:19Z user=nora.singh host=SQ-LT-03 event=POLICY_REFRESH session=189fa258e2 policy=endpoint-standard-v6 status=SUCCESS
2026-07-31T13:43:23Z user=nora.singh host=SQ-LT-03 event=FILE_WRITE session=189fa258e2 path='~/src/quill-admin/src/services/deploy.ts' process=python3 status=SUCCESS
2026-07-31T13:44:02Z user=nora.singh host=SQ-LT-03 event=USB_MOUNT session=189fa258e2 device=Logitech-Receiver status=SUCCESS
2026-07-31T13:48:25Z user=nora.singh host=SQ-LT-03 event=POLICY_REFRESH session=189fa258e2 policy=endpoint-standard-v6 status=SUCCESS
2026-07-31T13:50:22Z user=nora.singh host=SQ-LT-03 event=FILE_OPEN session=189fa258e2 path='~/src/quill-admin/README.md' process=node status=SUCCESS
2026-07-31T13:52:39Z user=nora.singh host=SQ-LT-03 event=FILE_OPEN session=189fa258e2 path='~/src/quill-admin/scripts/release.sh' process=npm status=SUCCESS
2026-07-31T14:02:24Z user=nora.singh host=SQ-LT-03 event=FILE_SYNC session=189fa258e2 target=corp-drive status=SUCCESS
2026-07-31T14:03:00Z user=nora.singh host=SQ-LT-03 event=PROCESS_START session=189fa258e2 pid=47576 process=node executable=/usr/bin/node cwd='~' command='node ./scripts/validate-schema.js' status=SUCCESS
2026-07-31T14:04:53Z user=nora.singh host=SQ-LT-03 event=PROCESS_START session=189fa258e2 pid=55527 process=slack executable=/usr/bin/slack cwd='~/src/observability' status=SUCCESS
2026-07-31T14:05:36Z user=nora.singh host=SQ-LT-03 event=POLICY_REFRESH session=189fa258e2 policy=endpoint-standard-v6 status=SUCCESS
2026-07-31T14:06:55Z user=nora.singh host=SQ-LT-03 event=PROCESS_START session=189fa258e2 pid=49527 process=chrome executable=/opt/google/chrome/chrome cwd='~/src/quill-api' status=SUCCESS
2026-07-31T14:08:36Z user=nora.singh host=SQ-LT-03 event=TIME_SYNC session=189fa258e2 source=ntp.silverquill.internal status=SUCCESS
2026-07-31T14:12:25Z user=nora.singh host=SQ-LT-03 event=POLICY_REFRESH session=189fa258e2 policy=endpoint-standard-v6 status=SUCCESS
2026-07-31T14:16:06Z user=nora.singh host=SQ-LT-03 event=PROCESS_START session=189fa258e2 pid=11223 process=node executable=/usr/bin/node cwd='~/src/deploy-scripts' command='node ./scripts/check-config.js' status=SUCCESS
2026-07-31T14:16:12Z user=nora.singh host=SQ-LT-03 event=FILE_WRITE session=189fa258e2 path='~/src/platform-tools/src/services/deploy.ts' process=npm status=SUCCESS
2026-07-31T14:17:04Z user=nora.singh host=SQ-LT-03 event=TIME_SYNC session=189fa258e2 source=ntp.silverquill.internal status=SUCCESS
2026-07-31T14:17:33Z user=nora.singh host=SQ-LT-03 event=NETWORK_CONNECT session=189fa258e2 process=python3 destination=ci.silverquill.internal dest_ip=10.18.5.9 dest_port=443 protocol=tcp status=SUCCESS
2026-07-31T14:19:42Z user=nora.singh host=SQ-LT-03 event=USB_UNMOUNT session=189fa258e2 device=Logitech-Receiver status=SUCCESS
2026-07-31T14:21:18Z user=nora.singh host=SQ-LT-03 event=HEARTBEAT session=189fa258e2 agent=edr-7.4.2 status=SUCCESS
2026-07-31T14:27:15Z user=nora.singh host=SQ-LT-03 event=NETWORK_CONNECT session=189fa258e2 process=node destination=ci.silverquill.internal dest_ip=10.18.5.9 dest_port=443 protocol=tcp status=SUCCESS
2026-07-31T14:29:03Z user=nora.singh host=SQ-LT-03 event=NETWORK_CONNECT session=189fa258e2 process=chrome destination=sso.silverquill.internal dest_ip=10.18.7.11 dest_port=443 protocol=tcp status=SUCCESS
2026-07-31T14:31:42Z user=nora.singh host=SQ-LT-03 event=NETWORK_CONNECT session=189fa258e2 process=python3 destination=registry.silverquill.internal dest_ip=10.18.3.12 dest_port=443 protocol=tcp status=SUCCESS
2026-07-31T14:33:31Z user=nora.singh host=SQ-LT-03 event=ANTIVIRUS_SCAN session=189fa258e2 engine=defender mode=realtime status=SUCCESS
2026-07-31T14:37:13Z user=nora.singh host=SQ-LT-03 event=NETWORK_CONNECT session=189fa258e2 process=chrome destination=sso.silverquill.internal dest_ip=10.18.7.11 dest_port=443 protocol=tcp status=SUCCESS
2026-07-31T14:37:14Z user=nora.singh host=SQ-LT-03 event=TIME_SYNC session=189fa258e2 source=ntp.silverquill.internal status=SUCCESS
2026-07-31T14:38:48Z user=nora.singh host=SQ-LT-03 event=POLICY_REFRESH session=189fa258e2 policy=endpoint-standard-v6 status=SUCCESS
2026-07-31T14:40:19Z user=nora.singh host=SQ-LT-03 event=ANTIVIRUS_SCAN session=189fa258e2 engine=defender mode=quick status=SUCCESS
2026-07-31T14:45:26Z user=nora.singh host=SQ-LT-03 event=FILE_SYNC session=189fa258e2 target=settings-roam status=SUCCESS
2026-07-31T14:48:27Z user=nora.singh host=SQ-LT-03 event=NETWORK_CONNECT session=189fa258e2 process=node destination=sso.silverquill.internal dest_ip=10.18.7.11 dest_port=443 protocol=tcp status=SUCCESS
2026-07-31T14:50:57Z user=nora.singh host=SQ-LT-03 event=FILE_WRITE session=189fa258e2 path='~/src/deploy-scripts/package.json' process=node status=SUCCESS
2026-07-31T14:51:03Z user=nora.singh host=SQ-LT-03 event=PROCESS_START session=189fa258e2 pid=27242 process=python3 executable=/usr/bin/python3 cwd='~/src/quill-api' command='python3 scripts/report_health.py' status=SUCCESS
2026-07-31T14:59:18Z user=nora.singh host=SQ-LT-03 event=POLICY_REFRESH session=189fa258e2 policy=endpoint-standard-v6 status=SUCCESS
2026-07-31T15:04:36Z user=nora.singh host=SQ-LT-03 event=PROCESS_START session=189fa258e2 pid=28635 process=slack executable=/usr/bin/slack cwd='~/src/quill-api' status=SUCCESS
2026-07-31T15:04:52Z user=nora.singh host=SQ-LT-03 event=NETWORK_CONNECT session=189fa258e2 process=npm destination=jira.silverquill.internal dest_ip=10.18.1.21 dest_port=443 protocol=tcp status=SUCCESS
2026-07-31T15:07:48Z user=nora.singh host=SQ-LT-03 event=SCREEN_LOCK session=189fa258e2 status=SUCCESS
2026-07-31T15:11:32Z user=nora.singh host=SQ-LT-03 event=PROCESS_START session=189fa258e2 pid=50635 process=chrome executable=/opt/google/chrome/chrome cwd='~/src/quill-api' status=SUCCESS
2026-07-31T15:20:23Z user=nora.singh host=SQ-LT-03 event=SCREEN_UNLOCK session=189fa258e2 method=fido2 status=SUCCESS
2026-07-31T15:29:06Z user=nora.singh host=SQ-LT-03 event=EDR_HEALTH session=189fa258e2 sensor=healthy status=SUCCESS
2026-07-31T15:29:26Z user=nora.singh host=SQ-LT-03 event=ANTIVIRUS_SCAN session=189fa258e2 engine=defender mode=quick status=SUCCESS
2026-07-31T15:30:05Z user=nora.singh host=SQ-LT-03 event=EDR_HEALTH session=189fa258e2 sensor=healthy status=SUCCESS
2026-07-31T15:33:31Z user=nora.singh host=SQ-LT-03 event=NETWORK_CONNECT session=189fa258e2 process=npm destination=registry.silverquill.internal dest_ip=10.18.3.12 dest_port=443 protocol=tcp status=SUCCESS
2026-07-31T15:34:37Z user=nora.singh host=SQ-LT-03 event=NETWORK_CONNECT session=189fa258e2 process=node destination=packages.silverquill.internal dest_ip=10.18.2.7 dest_port=443 protocol=tcp status=SUCCESS
2026-07-31T15:39:05Z user=nora.singh host=SQ-LT-03 event=NETWORK_CONNECT session=189fa258e2 process=python3 destination=grafana.silverquill.internal dest_ip=10.18.4.18 dest_port=443 protocol=tcp status=SUCCESS
2026-07-31T15:39:12Z user=nora.singh host=SQ-LT-03 event=PROCESS_START session=189fa258e2 pid=32017 process=node executable=/usr/bin/node cwd='~/src/platform-tools' command='node ./scripts/validate-schema.js' status=SUCCESS
2026-07-31T15:42:15Z user=nora.singh host=SQ-LT-03 event=FILE_OPEN session=189fa258e2 path='~/src/deploy-scripts/src/routes/status.ts' process=python3 status=SUCCESS
2026-07-31T15:44:17Z user=nora.singh host=SQ-LT-03 event=NETWORK_CONNECT session=189fa258e2 process=npm destination=sso.silverquill.internal dest_ip=10.18.7.11 dest_port=443 protocol=tcp status=SUCCESS
2026-07-31T15:49:31Z user=nora.singh host=SQ-LT-03 event=PROCESS_START session=189fa258e2 pid=36988 process=chrome executable=/opt/google/chrome/chrome cwd='~/src/platform-tools' status=SUCCESS
2026-07-31T15:50:34Z user=nora.singh host=SQ-LT-03 event=PROCESS_START session=189fa258e2 pid=9160 process=bash executable=/usr/bin/bash cwd='~/src/quill-api' command='bash scripts/run-local.sh' status=SUCCESS
2026-07-31T16:06:26Z user=nora.singh host=SQ-LT-03 event=NETWORK_CONNECT session=189fa258e2 process=node destination=packages.silverquill.internal dest_ip=10.18.2.7 dest_port=443 protocol=tcp status=SUCCESS
2026-07-31T16:07:48Z user=nora.singh host=SQ-LT-03 event=ANTIVIRUS_SCAN session=189fa258e2 engine=defender mode=realtime status=SUCCESS
2026-07-31T16:10:36Z user=nora.singh host=SQ-LT-03 event=FILE_WRITE session=189fa258e2 path='~/src/deploy-scripts/src/services/deploy.ts' process=node status=SUCCESS
2026-07-31T16:12:40Z user=nora.singh host=SQ-LT-03 event=POLICY_REFRESH session=189fa258e2 policy=endpoint-standard-v6 status=SUCCESS
2026-07-31T16:12:51Z user=nora.singh host=SQ-LT-03 event=FILE_OPEN session=189fa258e2 path='~/src/quill-admin/scripts/release.sh' process=npm status=SUCCESS
2026-07-31T16:13:03Z user=nora.singh host=SQ-LT-03 event=HEARTBEAT session=189fa258e2 agent=edr-7.4.2 status=SUCCESS
2026-07-31T16:13:20Z user=nora.singh host=SQ-LT-03 event=PROCESS_START session=189fa258e2 pid=29376 process=bash executable=/usr/bin/bash cwd='~/src/quill-api' command='bash scripts/run-local.sh' status=SUCCESS
2026-07-31T16:13:56Z user=nora.singh host=SQ-LT-03 event=NETWORK_CONNECT session=189fa258e2 process=npm destination=sso.silverquill.internal dest_ip=10.18.7.11 dest_port=443 protocol=tcp status=SUCCESS
2026-07-31T16:14:50Z user=nora.singh host=SQ-LT-03 event=ANTIVIRUS_SCAN session=189fa258e2 engine=defender mode=quick status=SUCCESS
2026-07-31T16:16:37Z user=nora.singh host=SQ-LT-03 event=EDR_HEALTH session=189fa258e2 sensor=healthy status=SUCCESS
2026-07-31T16:19:46Z user=nora.singh host=SQ-LT-03 event=FILE_OPEN session=189fa258e2 path='~/src/deploy-scripts/Dockerfile' process=npm status=SUCCESS
2026-07-31T16:20:24Z user=nora.singh host=SQ-LT-03 event=PROCESS_START session=189fa258e2 pid=18858 process=code executable=/usr/share/code/code cwd='~/src/quill-admin' status=SUCCESS
2026-07-31T16:21:02Z user=nora.singh host=SQ-LT-03 event=PROCESS_START session=189fa258e2 pid=56827 process=python3 executable=/usr/bin/python3 cwd='~/src/deploy-scripts' command='python3 scripts/report_health.py' status=SUCCESS
2026-07-31T16:33:41Z user=nora.singh host=SQ-LT-03 event=FILE_OPEN session=189fa258e2 path='~/src/observability/package.json' process=code status=SUCCESS
2026-07-31T16:35:54Z user=nora.singh host=SQ-LT-03 event=FILE_WRITE session=189fa258e2 path='~/src/deploy-scripts/src/services/metrics.ts' process=npm status=SUCCESS
2026-07-31T16:36:28Z user=nora.singh host=SQ-LT-03 event=PROCESS_START session=189fa258e2 pid=43040 process=bash executable=/usr/bin/bash cwd='~/Downloads' command='bash scripts/test-health.sh' status=SUCCESS
2026-07-31T16:49:22Z user=nora.singh host=SQ-LT-03 event=PROCESS_START session=189fa258e2 pid=21832 process=code executable=/usr/share/code/code cwd='~/src/deploy-scripts' status=SUCCESS
2026-07-31T16:50:17Z user=nora.singh host=SQ-LT-03 event=IDLE_CHECK session=189fa258e2 status=SUCCESS
2026-07-31T16:52:55Z user=nora.singh host=SQ-LT-03 event=NETWORK_CONNECT session=189fa258e2 process=chrome destination=sso.silverquill.internal dest_ip=10.18.7.11 dest_port=443 protocol=tcp status=SUCCESS
2026-07-31T16:54:13Z user=nora.singh host=SQ-LT-03 event=FILE_OPEN session=189fa258e2 path='~/src/quill-admin/src/services/deploy.ts' process=code status=SUCCESS
2026-07-31T16:58:42Z user=nora.singh host=SQ-LT-03 event=ANTIVIRUS_SCAN session=189fa258e2 engine=defender mode=quick status=SUCCESS
2026-07-31T17:04:57Z user=nora.singh host=SQ-LT-03 event=PROCESS_START session=189fa258e2 pid=51721 process=code executable=/usr/share/code/code cwd='~/src/deploy-scripts' status=SUCCESS
2026-07-31T17:07:16Z user=nora.singh host=SQ-LT-03 event=NETWORK_CONNECT session=189fa258e2 process=node destination=registry.silverquill.internal dest_ip=10.18.3.12 dest_port=443 protocol=tcp status=SUCCESS
2026-07-31T17:08:36Z user=nora.singh host=SQ-LT-03 event=PROCESS_START session=189fa258e2 pid=2755 process=code executable=/usr/share/code/code cwd='~/src/platform-tools' status=SUCCESS
2026-07-31T17:18:58Z user=nora.singh host=SQ-LT-03 event=ANTIVIRUS_SCAN session=189fa258e2 engine=defender mode=quick status=SUCCESS
2026-07-31T17:19:18Z user=nora.singh host=SQ-LT-03 event=PROCESS_START session=189fa258e2 pid=22976 process=npm executable=/usr/bin/npm cwd='~' command='npm audit --omit=dev' status=SUCCESS
2026-07-31T17:19:39Z user=nora.singh host=SQ-LT-03 event=PROCESS_START session=189fa258e2 pid=21686 process=slack executable=/usr/bin/slack cwd='~/src/quill-api' status=SUCCESS
2026-07-31T17:20:00Z user=nora.singh host=SQ-LT-03 event=FILE_WRITE session=189fa258e2 path='~/src/platform-tools/src/config.ts' process=node status=SUCCESS
2026-07-31T17:27:20Z user=nora.singh host=SQ-LT-03 event=FILE_WRITE session=189fa258e2 path='~/src/platform-tools/package.json' process=code status=SUCCESS
2026-07-31T17:30:45Z user=nora.singh host=SQ-LT-03 event=FILE_WRITE session=189fa258e2 path='~/src/quill-admin/src/services/deploy.ts' process=node status=SUCCESS
2026-07-31T17:32:14Z user=nora.singh host=SQ-LT-03 event=USB_UNMOUNT session=189fa258e2 device=Logitech-Receiver status=SUCCESS
2026-07-31T17:36:49Z user=nora.singh host=SQ-LT-03 event=EDR_HEALTH session=189fa258e2 sensor=healthy status=SUCCESS
2026-07-31T17:43:18Z user=nora.singh host=SQ-LT-03 event=POLICY_REFRESH session=189fa258e2 policy=endpoint-standard-v6 status=SUCCESS
2026-07-31T17:45:11Z user=nora.singh host=SQ-LT-03 event=EDR_HEALTH session=189fa258e2 sensor=healthy status=SUCCESS
2026-07-31T17:47:57Z user=nora.singh host=SQ-LT-03 event=PRINT_JOB session=189fa258e2 printer=sq-floor3-mfp pages=1 status=SUCCESS
2026-07-31T17:51:09Z user=nora.singh host=SQ-LT-03 event=POLICY_REFRESH session=189fa258e2 policy=endpoint-standard-v6 status=SUCCESS
2026-07-31T17:52:32Z user=nora.singh host=SQ-LT-03 event=PROCESS_START session=189fa258e2 pid=48402 process=bash executable=/usr/bin/bash cwd='~' command='bash scripts/test-health.sh' status=SUCCESS
2026-07-31T17:52:54Z user=nora.singh host=SQ-LT-03 event=POLICY_REFRESH session=189fa258e2 policy=endpoint-standard-v6 status=SUCCESS
2026-07-31T17:59:48Z user=nora.singh host=SQ-LT-03 event=PROCESS_START session=189fa258e2 pid=45618 process=bash executable=/usr/bin/bash cwd='~/src/deploy-scripts' command='bash scripts/run-local.sh' status=SUCCESS
2026-07-31T18:03:18Z user=nora.singh host=SQ-LT-03 event=FILE_OPEN session=189fa258e2 path='~/src/observability/src/config.ts' process=npm status=SUCCESS
2026-07-31T18:03:18Z user=nora.singh host=SQ-LT-03 event=FILE_WRITE session=189fa258e2 path='~/src/quill-admin/src/services/metrics.ts' process=code status=SUCCESS
2026-07-31T18:09:05Z user=nora.singh host=SQ-LT-03 event=PRINT_JOB session=189fa258e2 printer=sq-floor3-mfp pages=2 status=SUCCESS
2026-07-31T18:13:59Z user=nora.singh host=SQ-LT-03 event=IDLE_CHECK session=189fa258e2 status=SUCCESS
2026-07-31T18:16:44Z user=nora.singh host=SQ-LT-03 event=EDR_HEALTH session=189fa258e2 sensor=healthy status=SUCCESS
2026-07-31T18:17:35Z user=nora.singh host=SQ-LT-03 event=PROCESS_START session=189fa258e2 pid=16551 process=slack executable=/usr/bin/slack cwd='~/src/deploy-scripts' status=SUCCESS
2026-07-31T18:22:59Z user=nora.singh host=SQ-LT-03 event=PROCESS_START session=189fa258e2 pid=30844 process=npm executable=/usr/bin/npm cwd='~/Downloads' command='npm audit --omit=dev' status=SUCCESS
2026-07-31T18:23:47Z user=nora.singh host=SQ-LT-03 event=FILE_WRITE session=189fa258e2 path='~/src/deploy-scripts/package.json' process=code status=SUCCESS
2026-07-31T18:29:40Z user=nora.singh host=SQ-LT-03 event=FILE_OPEN session=189fa258e2 path='~/src/observability/.github/workflows/ci.yml' process=npm status=SUCCESS
2026-07-31T18:29:54Z user=nora.singh host=SQ-LT-03 event=ANTIVIRUS_SCAN session=189fa258e2 engine=defender mode=realtime status=SUCCESS
2026-07-31T18:30:58Z user=nora.singh host=SQ-LT-03 event=PROCESS_START session=189fa258e2 pid=50379 process=chrome executable=/opt/google/chrome/chrome cwd='~/src/deploy-scripts' status=SUCCESS
2026-07-31T18:32:42Z user=nora.singh host=SQ-LT-03 event=NETWORK_CONNECT session=189fa258e2 process=python3 destination=packages.silverquill.internal dest_ip=10.18.2.7 dest_port=443 protocol=tcp status=SUCCESS
2026-07-31T18:34:44Z user=nora.singh host=SQ-LT-03 event=FILE_OPEN session=189fa258e2 path='~/src/observability/src/routes/status.ts' process=node status=SUCCESS
2026-07-31T18:34:51Z user=nora.singh host=SQ-LT-03 event=NETWORK_CONNECT session=189fa258e2 process=code destination=sso.silverquill.internal dest_ip=10.18.7.11 dest_port=443 protocol=tcp status=SUCCESS
2026-07-31T18:40:51Z user=nora.singh host=SQ-LT-03 event=POLICY_REFRESH session=189fa258e2 status=SUCCESS
2026-07-31T18:46:56Z user=nora.singh host=SQ-LT-03 event=PROCESS_START session=189fa258e2 pid=57765 process=bash executable=/usr/bin/bash cwd='~' command='bash scripts/check-env.sh' status=SUCCESS
2026-07-31T18:52:31Z user=nora.singh host=SQ-LT-03 event=NETWORK_CONNECT session=189fa258e2 process=python3 destination=docs.silverquill.internal dest_ip=10.18.6.14 dest_port=443 protocol=tcp status=SUCCESS
2026-07-31T18:52:40Z user=nora.singh host=SQ-LT-03 event=HEARTBEAT session=189fa258e2 agent=edr-7.4.2 status=SUCCESS
2026-07-31T18:57:02Z user=nora.singh host=SQ-LT-03 event=POLICY_REFRESH session=189fa258e2 policy=endpoint-standard-v6 status=SUCCESS
2026-07-31T18:59:32Z user=nora.singh host=SQ-LT-03 event=USB_MOUNT session=189fa258e2 device=Logitech-Receiver status=SUCCESS
2026-07-31T19:00:55Z user=nora.singh host=SQ-LT-03 event=FILE_OPEN session=189fa258e2 path='~/src/observability/Dockerfile' process=npm status=SUCCESS
2026-07-31T19:08:02Z user=nora.singh host=SQ-LT-03 event=ANTIVIRUS_SCAN session=189fa258e2 engine=defender mode=realtime status=SUCCESS
2026-07-31T19:15:25Z user=nora.singh host=SQ-LT-03 event=FILE_OPEN session=189fa258e2 path='~/src/platform-tools/src/routes/health.ts' process=node status=SUCCESS
2026-07-31T19:16:47Z user=nora.singh host=SQ-LT-03 event=PROCESS_START session=189fa258e2 pid=15649 process=chrome executable=/opt/google/chrome/chrome cwd='~' status=SUCCESS
2026-07-31T19:19:11Z user=nora.singh host=SQ-LT-03 event=ANTIVIRUS_SCAN session=189fa258e2 engine=defender mode=realtime status=SUCCESS
2026-07-31T19:20:13Z user=nora.singh host=SQ-LT-03 event=USB_MOUNT session=189fa258e2 device=YubiKey-5C-NFC status=SUCCESS
2026-07-31T19:22:43Z user=nora.singh host=SQ-LT-03 event=PROCESS_START session=189fa258e2 pid=11955 process=node executable=/usr/bin/node cwd='~/src/deploy-scripts' command='node ./scripts/check-config.js' status=SUCCESS
2026-07-31T19:24:16Z user=nora.singh host=SQ-LT-03 event=USB_MOUNT session=189fa258e2 device=Logitech-Receiver status=SUCCESS
2026-07-31T19:24:42Z user=nora.singh host=SQ-LT-03 event=FILE_OPEN session=189fa258e2 path='~/src/platform-tools/package-lock.json' process=npm status=SUCCESS
2026-07-31T19:30:13Z user=nora.singh host=SQ-LT-03 event=PROCESS_START session=189fa258e2 pid=11982 process=code executable=/usr/share/code/code cwd='~/src/quill-admin' status=SUCCESS
2026-07-31T19:31:33Z user=nora.singh host=SQ-LT-03 event=PROCESS_START session=189fa258e2 pid=24414 process=python3 executable=/usr/bin/python3 cwd='~/src/quill-admin' command='python3 scripts/audit_config.py' status=SUCCESS
2026-07-31T19:33:50Z user=nora.singh host=SQ-LT-03 event=FILE_OPEN session=189fa258e2 path='~/src/deploy-scripts/README.md' process=python3 status=SUCCESS
2026-07-31T19:35:13Z user=nora.singh host=SQ-LT-03 event=FILE_WRITE session=189fa258e2 path='~/src/quill-api/src/services/metrics.ts' process=python3 status=SUCCESS
2026-07-31T19:37:03Z user=nora.singh host=SQ-LT-03 event=PROCESS_START session=189fa258e2 pid=27853 process=slack executable=/usr/bin/slack cwd='~/src/deploy-scripts' status=SUCCESS
2026-07-31T19:37:13Z user=nora.singh host=SQ-LT-03 event=FILE_OPEN session=189fa258e2 path='~/src/observability/src/config.ts' process=npm status=SUCCESS
2026-07-31T19:37:55Z user=nora.singh host=SQ-LT-03 event=VPN_DISCONNECT session=189fa258e2 profile=corp-vpn status=SUCCESS
2026-07-31T19:38:28Z user=nora.singh host=SQ-LT-03 event=ANTIVIRUS_SCAN session=189fa258e2 engine=defender mode=realtime status=SUCCESS
2026-07-31T19:39:18Z user=nora.singh host=SQ-LT-03 event=PROCESS_START session=189fa258e2 pid=9052 process=python3 executable=/usr/bin/python3 cwd='~/src/quill-api' command='python3 scripts/report_health.py' status=SUCCESS
2026-07-31T19:40:59Z user=nora.singh host=SQ-LT-03 event=LOGOUT session=189fa258e2 status=SUCCESS
2026-07-31T19:46:42Z host=SQ-LT-03 event=POWER_OFF login=none status=SUCCESS
2026-08-03T07:42:34Z host=SQ-LT-03 event=SYSTEM_BOOT boot_id=985bb0fcca status=SUCCESS
2026-08-03T07:44:28Z user=nora.singh host=SQ-LT-03 event=LOGIN session=269e203890 method=password+fido2 status=SUCCESS
2026-08-03T07:45:28Z user=nora.singh host=SQ-LT-03 event=TIME_SYNC session=269e203890 source=ntp.silverquill.internal status=SUCCESS
2026-08-03T07:46:05Z user=nora.singh host=SQ-LT-03 event=FILE_WRITE session=269e203890 path='~/src/quill-admin/src/config.ts' process=npm status=SUCCESS
2026-08-03T07:46:35Z user=nora.singh host=SQ-LT-03 event=HEARTBEAT session=269e203890 agent=edr-7.4.2 status=SUCCESS
2026-08-03T07:46:54Z user=nora.singh host=SQ-LT-03 event=FILE_OPEN session=269e203890 path='~/src/quill-api/.github/workflows/ci.yml' process=code status=SUCCESS
2026-08-03T07:47:54Z user=nora.singh host=SQ-LT-03 event=VPN_CONNECT session=269e203890 profile=corp-vpn gateway=vpn-blr-02 status=SUCCESS
2026-08-03T07:52:27Z user=nora.singh host=SQ-LT-03 event=HEARTBEAT session=269e203890 agent=edr-7.4.2 status=SUCCESS
2026-08-03T07:53:49Z user=nora.singh host=SQ-LT-03 event=NETWORK_CONNECT session=269e203890 process=npm destination=grafana.silverquill.internal dest_ip=10.18.4.18 dest_port=443 protocol=tcp status=SUCCESS
2026-08-03T07:57:13Z user=nora.singh host=SQ-LT-03 event=PROCESS_START session=269e203890 pid=34386 process=code executable=/usr/share/code/code cwd='~/src/deploy-scripts' status=SUCCESS
2026-08-03T07:59:37Z user=nora.singh host=SQ-LT-03 event=POLICY_REFRESH session=269e203890 policy=endpoint-standard-v6 status=SUCCESS
2026-08-03T07:59:58Z user=nora.singh host=SQ-LT-03 event=PROCESS_START session=269e203890 pid=48211 process=npm executable=/usr/bin/npm cwd='~/Downloads' command='npm run lint' status=SUCCESS
2026-08-03T08:00:27Z user=nora.singh host=SQ-LT-03 event=IDLE_CHECK session=269e203890 status=SUCCESS
2026-08-03T08:02:29Z user=nora.singh host=SQ-LT-03 event=TIME_SYNC session=269e203890 source=ntp.silverquill.internal status=SUCCESS
2026-08-03T08:03:37Z user=nora.singh host=SQ-LT-03 event=TIME_SYNC session=269e203890 source=ntp.silverquill.internal status=SUCCESS
2026-08-03T08:04:32Z user=nora.singh host=SQ-LT-03 event=TIME_SYNC session=269e203890 source=ntp.silverquill.internal status=SUCCESS
2026-08-03T08:04:53Z user=nora.singh host=SQ-LT-03 event=USB_UNMOUNT session=269e203890 device=YubiKey-5C-NFC status=SUCCESS
2026-08-03T08:05:33Z user=nora.singh host=SQ-LT-03 event=PROCESS_START session=269e203890 pid=8084 process=node executable=/usr/bin/node cwd='~/src/quill-admin' command='node ./scripts/check-config.js' status=SUCCESS
2026-08-03T08:07:12Z user=nora.singh host=SQ-LT-03 event=PROCESS_START session=269e203890 pid=15854 process=code executable=/usr/share/code/code cwd='~' status=SUCCESS
2026-08-03T08:12:13Z user=nora.singh host=SQ-LT-03 event=ANTIVIRUS_SCAN session=269e203890 engine=defender mode=quick status=SUCCESS
2026-08-03T08:15:49Z user=nora.singh host=SQ-LT-03 event=USB_MOUNT session=269e203890 device=Logitech-Receiver status=SUCCESS
2026-08-03T08:21:34Z user=nora.singh host=SQ-LT-03 event=FILE_OPEN session=269e203890 path='~/src/platform-tools/Dockerfile' process=python3 status=SUCCESS
2026-08-03T08:23:59Z user=nora.singh host=SQ-LT-03 event=EDR_HEALTH session=269e203890 sensor=healthy status=SUCCESS
2026-08-03T08:32:13Z user=nora.singh host=SQ-LT-03 event=IDLE_CHECK session=269e203890 status=SUCCESS
2026-08-03T08:33:48Z user=nora.singh host=SQ-LT-03 event=FILE_OPEN session=269e203890 path='~/src/quill-admin/.github/workflows/ci.yml' process=npm status=SUCCESS
2026-08-03T08:37:45Z user=nora.singh host=SQ-LT-03 event=POLICY_REFRESH session=269e203890 policy=endpoint-standard-v6 status=SUCCESS
2026-08-03T08:40:44Z user=nora.singh host=SQ-LT-03 event=TIME_SYNC session=269e203890 source=ntp.silverquill.internal status=SUCCESS
2026-08-03T08:41:23Z user=nora.singh host=SQ-LT-03 event=TIME_SYNC session=269e203890 source=ntp.silverquill.internal status=SUCCESS
2026-08-03T08:44:15Z user=nora.singh host=SQ-LT-03 event=NETWORK_CONNECT session=269e203890 process=node destination=grafana.silverquill.internal dest_ip=10.18.4.18 dest_port=443 protocol=tcp status=SUCCESS
2026-08-03T08:44:43Z user=nora.singh host=SQ-LT-03 event=HEARTBEAT session=269e203890 agent=edr-7.4.2 status=SUCCESS
2026-08-03T08:47:09Z user=nora.singh host=SQ-LT-03 event=PROCESS_START session=269e203890 pid=55618 process=npm executable=/usr/bin/npm cwd='~/src/quill-api' command='npm ci' status=SUCCESS
2026-08-03T08:48:46Z user=nora.singh host=SQ-LT-03 event=FILE_WRITE session=269e203890 path='~/src/platform-tools/Dockerfile' process=npm status=SUCCESS
2026-08-03T09:03:23Z user=nora.singh host=SQ-LT-03 event=TIME_SYNC session=269e203890 source=ntp.silverquill.internal status=SUCCESS
2026-08-03T09:05:58Z user=nora.singh host=SQ-LT-03 event=EDR_HEALTH session=269e203890 sensor=healthy status=SUCCESS
2026-08-03T09:06:55Z user=nora.singh host=SQ-LT-03 event=PROCESS_START session=269e203890 pid=8451 process=slack executable=/usr/bin/slack cwd='~/src/quill-api' status=SUCCESS
2026-08-03T09:07:13Z user=nora.singh host=SQ-LT-03 event=ANTIVIRUS_SCAN session=269e203890 engine=defender mode=quick status=SUCCESS
2026-08-03T09:10:14Z user=nora.singh host=SQ-LT-03 event=PROCESS_START session=269e203890 pid=57646 process=code executable=/usr/share/code/code cwd='~/src/observability' status=SUCCESS
2026-08-03T09:10:31Z user=nora.singh host=SQ-LT-03 event=PROCESS_START session=269e203890 pid=48242 process=python3 executable=/usr/bin/python3 cwd='~/Downloads' command='python3 scripts/audit_config.py' status=SUCCESS
2026-08-03T09:10:55Z user=nora.singh host=SQ-LT-03 event=SCREEN_LOCK session=269e203890 status=SUCCESS
2026-08-03T09:22:03Z user=nora.singh host=SQ-LT-03 event=SCREEN_UNLOCK session=269e203890 method=fido2 status=SUCCESS
2026-08-03T09:28:26Z user=nora.singh host=SQ-LT-03 event=POLICY_REFRESH session=269e203890 policy=endpoint-standard-v6 status=SUCCESS
2026-08-03T09:29:36Z user=nora.singh host=SQ-LT-03 event=PROCESS_START session=269e203890 pid=58765 process=code executable=/usr/share/code/code cwd='~' status=SUCCESS
2026-08-03T09:33:52Z user=nora.singh host=SQ-LT-03 event=NETWORK_CONNECT session=269e203890 process=npm destination=docs.silverquill.internal dest_ip=10.18.6.14 dest_port=443 protocol=tcp status=SUCCESS
2026-08-03T09:36:17Z user=nora.singh host=SQ-LT-03 event=NETWORK_CONNECT session=269e203890 process=chrome destination=ci.silverquill.internal dest_ip=10.18.5.9 dest_port=443 protocol=tcp status=SUCCESS
2026-08-03T09:44:11Z user=nora.singh host=SQ-LT-03 event=FILE_WRITE session=269e203890 path='~/src/platform-tools/src/routes/health.ts' process=npm status=SUCCESS
2026-08-03T09:44:41Z user=nora.singh host=SQ-LT-03 event=NETWORK_CONNECT session=269e203890 process=code destination=packages.silverquill.internal dest_ip=10.18.2.7 dest_port=443 protocol=tcp status=SUCCESS
2026-08-03T09:46:54Z user=nora.singh host=SQ-LT-03 event=PROCESS_START session=269e203890 pid=23592 process=npm executable=/usr/bin/npm cwd='~' command='npm run lint' status=SUCCESS
2026-08-03T09:47:28Z user=nora.singh host=SQ-LT-03 event=FILE_OPEN session=269e203890 path='~/src/observability/README.md' process=code status=SUCCESS
2026-08-03T09:47:47Z user=nora.singh host=SQ-LT-03 event=NETWORK_CONNECT session=269e203890 process=chrome destination=jira.silverquill.internal dest_ip=10.18.1.21 dest_port=443 protocol=tcp status=SUCCESS
2026-08-03T09:48:24Z user=nora.singh host=SQ-LT-03 event=ANTIVIRUS_SCAN session=269e203890 engine=defender mode=quick status=SUCCESS
2026-08-03T09:57:29Z user=nora.singh host=SQ-LT-03 event=ANTIVIRUS_SCAN session=269e203890 engine=defender mode=quick status=SUCCESS
2026-08-03T10:00:29Z user=nora.singh host=SQ-LT-03 event=POLICY_REFRESH session=269e203890 policy=endpoint-standard-v6 status=SUCCESS
2026-08-03T10:00:49Z user=nora.singh host=SQ-LT-03 event=FILE_OPEN session=269e203890 path='~/src/observability/package.json' process=node status=SUCCESS
2026-08-03T10:01:53Z user=nora.singh host=SQ-LT-03 event=PROCESS_START session=269e203890 pid=31392 process=npm executable=/usr/bin/npm cwd='~/Downloads' command='npm run build' status=SUCCESS
2026-08-03T10:05:16Z user=nora.singh host=SQ-LT-03 event=PROCESS_START session=269e203890 pid=50905 process=chrome executable=/opt/google/chrome/chrome cwd='~/src/platform-tools' status=SUCCESS
2026-08-03T10:06:27Z user=nora.singh host=SQ-LT-03 event=FILE_OPEN session=269e203890 path='~/src/deploy-scripts/src/routes/status.ts' process=python3 status=SUCCESS
2026-08-03T10:07:21Z user=nora.singh host=SQ-LT-03 event=FILE_OPEN session=269e203890 path='~/src/platform-tools/.github/workflows/ci.yml' process=npm status=SUCCESS
2026-08-03T10:07:28Z user=nora.singh host=SQ-LT-03 event=NETWORK_CONNECT session=269e203890 process=python3 destination=ci.silverquill.internal dest_ip=10.18.5.9 dest_port=443 protocol=tcp status=SUCCESS
2026-08-03T10:22:52Z user=nora.singh host=SQ-LT-03 event=PROCESS_START session=269e203890 pid=13578 process=npm executable=/usr/bin/npm cwd='~/src/quill-admin' command='npm ci' status=SUCCESS
2026-08-03T10:23:44Z user=nora.singh host=SQ-LT-03 event=POLICY_REFRESH session=269e203890 policy=endpoint-standard-v6 status=SUCCESS
2026-08-03T10:32:47Z user=nora.singh host=SQ-LT-03 event=PRINT_JOB session=269e203890 printer=sq-floor3-mfp pages=9 status=SUCCESS
2026-08-03T10:34:18Z user=nora.singh host=SQ-LT-03 event=FILE_WRITE session=269e203890 path='~/src/quill-api/.github/workflows/ci.yml' process=python3 status=SUCCESS
2026-08-03T10:42:09Z user=nora.singh host=SQ-LT-03 event=NETWORK_CONNECT session=269e203890 process=code destination=registry.silverquill.internal dest_ip=10.18.3.12 dest_port=443 protocol=tcp status=SUCCESS
2026-08-03T10:53:42Z user=nora.singh host=SQ-LT-03 event=FILE_OPEN session=269e203890 path='~/src/observability/src/routes/health.ts' process=npm status=SUCCESS
2026-08-03T10:58:47Z user=nora.singh host=SQ-LT-03 event=FILE_OPEN session=269e203890 path='~/src/quill-api/src/services/metrics.ts' process=python3 status=SUCCESS
2026-08-03T11:01:01Z user=nora.singh host=SQ-LT-03 event=PROCESS_START session=269e203890 pid=13304 process=bash executable=/usr/bin/bash cwd='~/Downloads' command='bash scripts/check-env.sh' status=SUCCESS
2026-08-03T11:04:45Z user=nora.singh host=SQ-LT-03 event=FILE_OPEN session=269e203890 path='~/src/observability/src/routes/health.ts' process=python3 status=SUCCESS
2026-08-03T11:07:30Z user=nora.singh host=SQ-LT-03 event=NETWORK_CONNECT session=269e203890 process=python3 destination=ci.silverquill.internal dest_ip=10.18.5.9 dest_port=443 protocol=tcp status=SUCCESS
2026-08-03T11:14:26Z user=nora.singh host=SQ-LT-03 event=EDR_HEALTH session=269e203890 sensor=healthy status=SUCCESS
2026-08-03T11:14:27Z user=nora.singh host=SQ-LT-03 event=NETWORK_CONNECT session=269e203890 process=npm destination=registry.silverquill.internal dest_ip=10.18.3.12 dest_port=443 protocol=tcp status=SUCCESS
2026-08-03T11:15:34Z user=nora.singh host=SQ-LT-03 event=ANTIVIRUS_SCAN session=269e203890 engine=defender mode=realtime status=SUCCESS
2026-08-03T11:16:05Z user=nora.singh host=SQ-LT-03 event=EDR_HEALTH session=269e203890 sensor=healthy status=SUCCESS
2026-08-03T11:23:09Z user=nora.singh host=SQ-LT-03 event=IDLE_CHECK session=269e203890 status=SUCCESS
2026-08-03T11:26:50Z user=nora.singh host=SQ-LT-03 event=NETWORK_CONNECT session=269e203890 process=python3 destination=ci.silverquill.internal dest_ip=10.18.5.9 dest_port=443 protocol=tcp status=SUCCESS
2026-08-03T11:28:52Z user=nora.singh host=SQ-LT-03 event=FILE_WRITE session=269e203890 path='~/src/quill-api/src/routes/health.ts' process=code status=SUCCESS
2026-08-03T11:29:48Z user=nora.singh host=SQ-LT-03 event=FILE_WRITE session=269e203890 path='~/src/quill-api/scripts/release.sh' process=python3 status=SUCCESS
2026-08-03T11:32:37Z user=nora.singh host=SQ-LT-03 event=NETWORK_CONNECT session=269e203890 process=npm destination=packages.silverquill.internal dest_ip=10.18.2.7 dest_port=443 protocol=tcp status=SUCCESS
2026-08-03T11:33:16Z user=nora.singh host=SQ-LT-03 event=PRINT_JOB session=269e203890 printer=sq-floor3-mfp pages=8 status=SUCCESS
2026-08-03T11:33:24Z user=nora.singh host=SQ-LT-03 event=FILE_WRITE session=269e203890 path='~/src/quill-admin/Dockerfile' process=code status=SUCCESS
2026-08-03T11:34:16Z user=nora.singh host=SQ-LT-03 event=FILE_SYNC session=269e203890 target=settings-roam status=SUCCESS
2026-08-03T11:43:01Z user=nora.singh host=SQ-LT-03 event=NETWORK_CONNECT session=269e203890 process=python3 destination=sso.silverquill.internal dest_ip=10.18.7.11 dest_port=443 protocol=tcp status=SUCCESS
2026-08-03T11:43:25Z user=nora.singh host=SQ-LT-03 event=POLICY_REFRESH session=269e203890 policy=endpoint-standard-v6 status=SUCCESS
2026-08-03T11:44:02Z user=nora.singh host=SQ-LT-03 event=FILE_OPEN session=269e203890 path='~/src/quill-admin/scripts/check-config.js' process=node status=SUCCESS
2026-08-03T11:47:06Z user=nora.singh host=SQ-LT-03 event=IDLE_CHECK session=269e203890 status=SUCCESS
2026-08-03T11:49:40Z user=nora.singh host=SQ-LT-03 event=EDR_HEALTH session=269e203890 status=SUCCESS
2026-08-03T11:52:02Z user=nora.singh host=SQ-LT-03 event=EDR_HEALTH session=269e203890 sensor=healthy status=SUCCESS
2026-08-03T11:52:10Z user=nora.singh host=SQ-LT-03 event=IDLE_CHECK session=269e203890 status=SUCCESS
2026-08-03T11:52:37Z user=nora.singh host=SQ-LT-03 event=PROCESS_START session=269e203890 pid=53169 process=npm executable=/usr/bin/npm cwd='~' command='npm run lint' status=SUCCESS
2026-08-03T11:55:58Z user=nora.singh host=SQ-LT-03 event=FILE_WRITE session=269e203890 path='~/src/platform-tools/scripts/check-config.js' process=node status=SUCCESS
2026-08-03T12:03:14Z user=nora.singh host=SQ-LT-03 event=ANTIVIRUS_SCAN session=269e203890 engine=defender mode=quick status=SUCCESS
2026-08-03T12:03:53Z user=nora.singh host=SQ-LT-03 event=PROCESS_START session=269e203890 pid=61415 process=npm executable=/usr/bin/npm cwd='~' command='npm run lint' status=SUCCESS
2026-08-03T12:04:31Z user=nora.singh host=SQ-LT-03 event=PROCESS_START session=269e203890 pid=7583 process=code executable=/usr/share/code/code cwd='~/src/quill-admin' status=SUCCESS
2026-08-03T12:11:06Z user=nora.singh host=SQ-LT-03 event=ANTIVIRUS_SCAN session=269e203890 engine=defender mode=quick status=SUCCESS
2026-08-03T12:12:14Z user=nora.singh host=SQ-LT-03 event=PRINT_JOB session=269e203890 printer=sq-floor3-mfp pages=6 status=SUCCESS
2026-08-03T12:22:18Z user=nora.singh host=SQ-LT-03 event=NETWORK_CONNECT session=269e203890 process=python3 destination=docs.silverquill.internal dest_ip=10.18.6.14 dest_port=443 protocol=tcp status=SUCCESS
2026-08-03T12:24:17Z user=nora.singh host=SQ-LT-03 event=IDLE_CHECK session=269e203890 status=SUCCESS
2026-08-03T12:31:28Z user=nora.singh host=SQ-LT-03 event=NETWORK_CONNECT session=269e203890 process=code destination=docs.silverquill.internal dest_ip=10.18.6.14 dest_port=443 protocol=tcp status=SUCCESS
2026-08-03T12:40:42Z user=nora.singh host=SQ-LT-03 event=FILE_WRITE session=269e203890 path='~/src/deploy-scripts/Dockerfile' process=node status=SUCCESS
2026-08-03T12:44:05Z user=nora.singh host=SQ-LT-03 event=IDLE_CHECK session=269e203890 status=SUCCESS
2026-08-03T12:44:10Z user=nora.singh host=SQ-LT-03 event=HEARTBEAT session=269e203890 agent=edr-7.4.2 status=SUCCESS
2026-08-03T12:46:24Z user=nora.singh host=SQ-LT-03 event=PROCESS_START session=269e203890 pid=3648 process=node executable=/usr/bin/node cwd='~/Downloads' command='node ./scripts/validate-schema.js' status=SUCCESS
2026-08-03T12:47:38Z user=nora.singh host=SQ-LT-03 event=NETWORK_CONNECT session=269e203890 process=chrome destination=sso.silverquill.internal dest_ip=10.18.7.11 dest_port=443 protocol=tcp status=SUCCESS
2026-08-03T12:48:04Z user=nora.singh host=SQ-LT-03 event=FILE_WRITE session=269e203890 path='~/src/deploy-scripts/scripts/release.sh' process=npm status=SUCCESS
2026-08-03T12:48:40Z user=nora.singh host=SQ-LT-03 event=NETWORK_CONNECT session=269e203890 process=node destination=ci.silverquill.internal dest_ip=10.18.5.9 dest_port=443 protocol=tcp status=SUCCESS
2026-08-03T12:50:20Z user=nora.singh host=SQ-LT-03 event=NETWORK_CONNECT session=269e203890 process=node destination=sso.silverquill.internal dest_ip=10.18.7.11 dest_port=443 protocol=tcp status=SUCCESS
2026-08-03T12:51:27Z user=nora.singh host=SQ-LT-03 event=HEARTBEAT session=269e203890 agent=edr-7.4.2 status=SUCCESS
2026-08-03T12:58:19Z user=nora.singh host=SQ-LT-03 event=FILE_WRITE session=269e203890 path='~/src/quill-admin/package.json' process=node status=SUCCESS
2026-08-03T13:00:03Z user=nora.singh host=SQ-LT-03 event=FILE_WRITE session=269e203890 path='~/src/deploy-scripts/README.md' process=npm status=SUCCESS
2026-08-03T13:00:53Z user=nora.singh host=SQ-LT-03 event=PROCESS_START session=269e203890 pid=63341 process=python3 executable=/usr/bin/python3 cwd='~/Downloads' command='python3 scripts/audit_config.py' status=SUCCESS
2026-08-03T13:01:35Z user=nora.singh host=SQ-LT-03 event=SCREEN_LOCK session=269e203890 status=SUCCESS
2026-08-03T13:05:28Z user=nora.singh host=SQ-LT-03 event=POLICY_REFRESH session=269e203890 policy=endpoint-standard-v6 status=SUCCESS
2026-08-03T13:05:47Z user=nora.singh host=SQ-LT-03 event=FILE_WRITE session=269e203890 path='~/src/observability/.github/workflows/ci.yml' process=npm status=SUCCESS
2026-08-03T13:05:56Z user=nora.singh host=SQ-LT-03 event=PROCESS_START session=269e203890 pid=5048 process=code executable=/usr/share/code/code cwd='~/src/observability' status=SUCCESS
2026-08-03T13:12:36Z user=nora.singh host=SQ-LT-03 event=USB_MOUNT session=269e203890 device=YubiKey-5C-NFC status=SUCCESS
2026-08-03T13:17:22Z user=nora.singh host=SQ-LT-03 event=HEARTBEAT session=269e203890 agent=edr-7.4.2 status=SUCCESS
2026-08-03T13:18:15Z user=nora.singh host=SQ-LT-03 event=SCREEN_UNLOCK session=269e203890 method=fido2 status=SUCCESS
2026-08-03T13:20:15Z user=nora.singh host=SQ-LT-03 event=NETWORK_CONNECT session=269e203890 process=python3 destination=registry.silverquill.internal dest_ip=10.18.3.12 dest_port=443 protocol=tcp status=SUCCESS
2026-08-03T13:21:47Z user=nora.singh host=SQ-LT-03 event=FILE_SYNC session=269e203890 target=settings-roam status=SUCCESS
2026-08-03T13:22:29Z user=nora.singh host=SQ-LT-03 event=HEARTBEAT session=269e203890 agent=edr-7.4.2 status=SUCCESS
2026-08-03T13:24:09Z user=nora.singh host=SQ-LT-03 event=HEARTBEAT session=269e203890 agent=edr-7.4.2 status=SUCCESS
2026-08-03T13:26:05Z user=nora.singh host=SQ-LT-03 event=FILE_OPEN session=269e203890 path='~/src/quill-admin/scripts/release.sh' process=node status=SUCCESS
2026-08-03T13:28:55Z user=nora.singh host=SQ-LT-03 event=PROCESS_START session=269e203890 pid=27325 process=bash executable=/usr/bin/bash cwd='~' command='bash scripts/run-local.sh' status=SUCCESS
2026-08-03T13:31:09Z user=nora.singh host=SQ-LT-03 event=EDR_HEALTH session=269e203890 sensor=healthy status=SUCCESS
2026-08-03T13:34:58Z user=nora.singh host=SQ-LT-03 event=EDR_HEALTH session=269e203890 sensor=healthy status=SUCCESS
2026-08-03T13:35:06Z user=nora.singh host=SQ-LT-03 event=TIME_SYNC session=269e203890 source=ntp.silverquill.internal status=SUCCESS
2026-08-03T13:36:35Z user=nora.singh host=SQ-LT-03 event=FILE_WRITE session=269e203890 path='~/src/quill-api/package-lock.json' process=code status=SUCCESS
2026-08-03T13:36:52Z user=nora.singh host=SQ-LT-03 event=IDLE_CHECK session=269e203890 status=SUCCESS
2026-08-03T13:38:24Z user=nora.singh host=SQ-LT-03 event=PROCESS_START session=269e203890 pid=28727 process=slack executable=/usr/bin/slack cwd='~/src/observability' status=SUCCESS
2026-08-03T13:38:56Z user=nora.singh host=SQ-LT-03 event=ANTIVIRUS_SCAN session=269e203890 engine=defender mode=quick status=SUCCESS
2026-08-03T13:42:47Z user=nora.singh host=SQ-LT-03 event=PROCESS_START session=269e203890 pid=23549 process=bash executable=/usr/bin/bash cwd='~' command='bash scripts/run-local.sh' status=SUCCESS
2026-08-03T13:54:08Z user=nora.singh host=SQ-LT-03 event=FILE_OPEN session=269e203890 path='~/src/quill-api/README.md' process=npm status=SUCCESS
2026-08-03T13:54:19Z user=nora.singh host=SQ-LT-03 event=FILE_OPEN session=269e203890 path='~/src/observability/src/services/deploy.ts' process=node status=SUCCESS
2026-08-03T13:55:58Z user=nora.singh host=SQ-LT-03 event=TIME_SYNC session=269e203890 source=ntp.silverquill.internal status=SUCCESS
2026-08-03T13:58:01Z user=nora.singh host=SQ-LT-03 event=USB_MOUNT session=269e203890 device=YubiKey-5C-NFC status=SUCCESS
2026-08-03T13:58:11Z user=nora.singh host=SQ-LT-03 event=EDR_HEALTH session=269e203890 sensor=healthy status=SUCCESS
2026-08-03T13:59:45Z user=nora.singh host=SQ-LT-03 event=NETWORK_CONNECT session=269e203890 process=code destination=sso.silverquill.internal dest_ip=10.18.7.11 dest_port=443 protocol=tcp status=SUCCESS
2026-08-03T14:02:17Z user=nora.singh host=SQ-LT-03 event=PACKAGE_UPDATE session=269e203890 package=chrome status=SUCCESS
2026-08-03T14:07:31Z user=nora.singh host=SQ-LT-03 event=FILE_WRITE session=269e203890 path='~/src/platform-tools/src/config.ts' process=code status=SUCCESS
2026-08-03T14:10:58Z user=nora.singh host=SQ-LT-03 event=PROCESS_START session=269e203890 pid=20417 process=code executable=/usr/share/code/code cwd='~/src/quill-api' status=SUCCESS
2026-08-03T14:15:14Z user=nora.singh host=SQ-LT-03 event=PROCESS_START session=269e203890 pid=12499 process=python3 executable=/usr/bin/python3 cwd='~/src/quill-api' command='python3 scripts/report_health.py' status=SUCCESS
2026-08-03T14:16:08Z user=nora.singh host=SQ-LT-03 event=TIME_SYNC session=269e203890 source=ntp.silverquill.internal status=SUCCESS
2026-08-03T14:21:10Z user=nora.singh host=SQ-LT-03 event=HEARTBEAT session=269e203890 agent=edr-7.4.2 status=SUCCESS
2026-08-03T14:36:32Z user=nora.singh host=SQ-LT-03 event=USB_MOUNT session=269e203890 device=Logitech-Receiver status=SUCCESS
2026-08-03T14:39:01Z user=nora.singh host=SQ-LT-03 event=POLICY_REFRESH session=269e203890 policy=endpoint-standard-v6 status=SUCCESS
2026-08-03T14:44:02Z user=nora.singh host=SQ-LT-03 event=FILE_OPEN session=269e203890 path='~/src/deploy-scripts/src/routes/status.ts' process=node status=SUCCESS
2026-08-03T14:47:30Z user=nora.singh host=SQ-LT-03 event=PROCESS_START session=269e203890 pid=57206 process=slack executable=/usr/bin/slack cwd='~' status=SUCCESS
2026-08-03T14:52:47Z user=nora.singh host=SQ-LT-03 event=USB_UNMOUNT session=269e203890 device=YubiKey-5C-NFC status=SUCCESS
2026-08-03T14:54:16Z user=nora.singh host=SQ-LT-03 event=ANTIVIRUS_SCAN session=269e203890 engine=defender mode=realtime status=SUCCESS
2026-08-03T14:55:11Z user=nora.singh host=SQ-LT-03 event=FILE_OPEN session=269e203890 path='~/src/platform-tools/.github/workflows/ci.yml' process=node status=SUCCESS
2026-08-03T14:57:15Z user=nora.singh host=SQ-LT-03 event=NETWORK_CONNECT session=269e203890 process=chrome destination=grafana.silverquill.internal dest_ip=10.18.4.18 dest_port=443 protocol=tcp status=SUCCESS
2026-08-03T14:58:26Z user=nora.singh host=SQ-LT-03 event=FILE_OPEN session=269e203890 path='~/src/platform-tools/package.json' process=node status=SUCCESS
2026-08-03T14:59:16Z user=nora.singh host=SQ-LT-03 event=FILE_WRITE session=269e203890 path='~/src/observability/scripts/check-config.js' process=npm status=SUCCESS
2026-08-03T14:59:29Z user=nora.singh host=SQ-LT-03 event=PROCESS_START session=269e203890 pid=14855 process=python3 executable=/usr/bin/python3 cwd='~/src/quill-admin' command='python3 scripts/audit_config.py' status=SUCCESS
2026-08-03T15:05:19Z user=nora.singh host=SQ-LT-03 event=TIME_SYNC session=269e203890 source=ntp.silverquill.internal status=SUCCESS
2026-08-03T15:05:25Z user=nora.singh host=SQ-LT-03 event=FILE_WRITE session=269e203890 path='~/src/deploy-scripts/src/routes/status.ts' process=npm status=SUCCESS
2026-08-03T15:13:06Z user=nora.singh host=SQ-LT-03 event=IDLE_CHECK session=269e203890 status=SUCCESS
2026-08-03T15:15:51Z user=nora.singh host=SQ-LT-03 event=PROCESS_START session=269e203890 pid=39376 process=python3 executable=/usr/bin/python3 cwd='~/src/platform-tools' command='python3 scripts/report_health.py' status=SUCCESS
2026-08-03T15:16:19Z user=nora.singh host=SQ-LT-03 event=FILE_OPEN session=269e203890 path='~/src/quill-api/package-lock.json' process=node status=SUCCESS
2026-08-03T15:17:13Z user=nora.singh host=SQ-LT-03 event=FILE_WRITE session=269e203890 path='~/src/deploy-scripts/package-lock.json' process=python3 status=SUCCESS
2026-08-03T15:19:36Z user=nora.singh host=SQ-LT-03 event=FILE_WRITE session=269e203890 path='~/src/platform-tools/src/routes/status.ts' process=code status=SUCCESS
2026-08-03T15:19:48Z user=nora.singh host=SQ-LT-03 event=PROCESS_START session=269e203890 pid=29980 process=code executable=/usr/share/code/code cwd='~/src/observability' status=SUCCESS
2026-08-03T15:21:47Z user=nora.singh host=SQ-LT-03 event=PROCESS_START session=269e203890 pid=6689 process=python3 executable=/usr/bin/python3 cwd='~/src/quill-admin' command='python3 scripts/audit_config.py' status=SUCCESS
2026-08-03T15:22:29Z user=nora.singh host=SQ-LT-03 event=TIME_SYNC session=269e203890 source=ntp.silverquill.internal status=SUCCESS
2026-08-03T15:25:58Z user=nora.singh host=SQ-LT-03 event=PROCESS_START session=269e203890 pid=49455 process=npm executable=/usr/bin/npm cwd='~/src/platform-tools' command='npm audit --omit=dev' status=SUCCESS
2026-08-03T15:26:49Z user=nora.singh host=SQ-LT-03 event=FILE_OPEN session=269e203890 path='~/src/observability/src/routes/status.ts' process=npm status=SUCCESS
2026-08-03T15:29:28Z user=nora.singh host=SQ-LT-03 event=USB_MOUNT session=269e203890 device=Logitech-Receiver status=SUCCESS
2026-08-03T15:29:56Z user=nora.singh host=SQ-LT-03 event=FILE_SYNC session=269e203890 target=settings-roam status=SUCCESS
2026-08-03T15:29:59Z user=nora.singh host=SQ-LT-03 event=FILE_OPEN session=269e203890 path='~/src/deploy-scripts/src/routes/health.ts' process=npm status=SUCCESS
2026-08-03T15:34:20Z user=nora.singh host=SQ-LT-03 event=PACKAGE_UPDATE session=269e203890 package=code status=SUCCESS
2026-08-03T15:34:37Z user=nora.singh host=SQ-LT-03 event=USB_UNMOUNT session=269e203890 device=Logitech-Receiver status=SUCCESS
2026-08-03T15:36:39Z user=nora.singh host=SQ-LT-03 event=ANTIVIRUS_SCAN session=269e203890 engine=defender mode=quick status=SUCCESS
2026-08-03T15:36:52Z user=nora.singh host=SQ-LT-03 event=FILE_OPEN session=269e203890 path='~/src/quill-api/README.md' process=npm status=SUCCESS
2026-08-03T15:37:26Z user=nora.singh host=SQ-LT-03 event=FILE_WRITE session=269e203890 path='~/src/quill-admin/src/services/deploy.ts' process=npm status=SUCCESS
2026-08-03T15:43:56Z user=nora.singh host=SQ-LT-03 event=HEARTBEAT session=269e203890 agent=edr-7.4.2 status=SUCCESS
2026-08-03T15:45:25Z user=nora.singh host=SQ-LT-03 event=NETWORK_CONNECT session=269e203890 process=python3 destination=registry.silverquill.internal dest_ip=10.18.3.12 dest_port=443 protocol=tcp status=SUCCESS
2026-08-03T15:52:45Z user=nora.singh host=SQ-LT-03 event=ANTIVIRUS_SCAN session=269e203890 engine=defender mode=realtime status=SUCCESS
2026-08-03T15:53:05Z user=nora.singh host=SQ-LT-03 event=HEARTBEAT session=269e203890 agent=edr-7.4.2 status=SUCCESS
2026-08-03T15:59:03Z user=nora.singh host=SQ-LT-03 event=POLICY_REFRESH session=269e203890 policy=endpoint-standard-v6 status=SUCCESS
2026-08-03T16:06:57Z user=nora.singh host=SQ-LT-03 event=FILE_SYNC session=269e203890 target=corp-drive status=SUCCESS
2026-08-03T16:08:47Z user=nora.singh host=SQ-LT-03 event=PROCESS_START session=269e203890 pid=40332 process=bash executable=/usr/bin/bash cwd='~/src/deploy-scripts' command='bash scripts/test-health.sh' status=SUCCESS
2026-08-03T16:09:25Z user=nora.singh host=SQ-LT-03 event=FILE_WRITE session=269e203890 path='~/src/quill-admin/.github/workflows/ci.yml' process=python3 status=SUCCESS
2026-08-03T16:10:51Z user=nora.singh host=SQ-LT-03 event=FILE_WRITE session=269e203890 path='~/src/platform-tools/.github/workflows/ci.yml' process=python3 status=SUCCESS
2026-08-03T16:13:31Z user=nora.singh host=SQ-LT-03 event=FILE_WRITE session=269e203890 path='~/src/observability/package.json' process=node status=SUCCESS
2026-08-03T16:14:05Z user=nora.singh host=SQ-LT-03 event=FILE_SYNC session=269e203890 target=corp-drive status=SUCCESS
2026-08-03T16:17:05Z user=nora.singh host=SQ-LT-03 event=IDLE_CHECK session=269e203890 status=SUCCESS
2026-08-03T16:18:22Z user=nora.singh host=SQ-LT-03 event=PROCESS_START session=269e203890 pid=20341 process=bash executable=/usr/bin/bash cwd='~/src/deploy-scripts' command='bash scripts/run-local.sh' status=SUCCESS
2026-08-03T16:18:44Z user=nora.singh host=SQ-LT-03 event=PROCESS_START session=269e203890 pid=63254 process=node executable=/usr/bin/node cwd='~/src/quill-admin' command='node ./scripts/check-config.js' status=SUCCESS
2026-08-03T16:27:37Z user=nora.singh host=SQ-LT-03 event=PROCESS_START session=269e203890 pid=31759 process=chrome executable=/opt/google/chrome/chrome cwd='~/src/platform-tools' status=SUCCESS
2026-08-03T16:36:25Z user=nora.singh host=SQ-LT-03 event=VPN_DISCONNECT session=269e203890 profile=corp-vpn status=SUCCESS
2026-08-03T16:37:27Z user=nora.singh host=SQ-LT-03 event=EDR_HEALTH session=269e203890 sensor=healthy status=SUCCESS
2026-08-03T16:41:44Z user=nora.singh host=SQ-LT-03 event=LOGOUT session=269e203890 status=SUCCESS
2026-08-03T16:45:16Z host=SQ-LT-03 event=POWER_OFF login=none status=SUCCESS
2026-08-04T08:41:08Z host=SQ-LT-03 event=SYSTEM_BOOT boot_id=326369192a status=SUCCESS
2026-08-04T08:45:09Z user=nora.singh host=SQ-LT-03 event=LOGIN session=7a41958b21 method=password+fido2 status=SUCCESS
2026-08-04T08:47:27Z user=nora.singh host=SQ-LT-03 event=PACKAGE_UPDATE session=7a41958b21 package=chrome status=SUCCESS
2026-08-04T08:49:56Z user=nora.singh host=SQ-LT-03 event=NETWORK_CONNECT session=7a41958b21 process=chrome destination=jira.silverquill.internal dest_ip=10.18.1.21 dest_port=443 protocol=tcp status=SUCCESS
2026-08-04T08:50:13Z user=nora.singh host=SQ-LT-03 event=VPN_CONNECT session=7a41958b21 profile=corp-vpn gateway=vpn-blr-02 status=SUCCESS
2026-08-04T08:50:56Z user=nora.singh host=SQ-LT-03 event=FILE_OPEN session=7a41958b21 path='~/src/observability/package.json' process=code status=SUCCESS
2026-08-04T08:52:09Z user=nora.singh host=SQ-LT-03 event=USB_UNMOUNT session=7a41958b21 device=YubiKey-5C-NFC status=SUCCESS
2026-08-04T08:53:03Z user=nora.singh host=SQ-LT-03 event=USB_MOUNT session=7a41958b21 device=YubiKey-5C-NFC status=SUCCESS
2026-08-04T08:59:53Z user=nora.singh host=SQ-LT-03 event=HEARTBEAT session=7a41958b21 agent=edr-7.4.2 status=SUCCESS
2026-08-04T09:03:59Z user=nora.singh host=SQ-LT-03 event=IDLE_CHECK session=7a41958b21 status=SUCCESS
2026-08-04T09:04:02Z user=nora.singh host=SQ-LT-03 event=USB_MOUNT session=7a41958b21 device=YubiKey-5C-NFC status=SUCCESS
2026-08-04T09:05:04Z user=nora.singh host=SQ-LT-03 event=HEARTBEAT session=7a41958b21 agent=edr-7.4.2 status=SUCCESS
2026-08-04T09:05:18Z user=nora.singh host=SQ-LT-03 event=NETWORK_CONNECT session=7a41958b21 process=npm destination=sso.silverquill.internal dest_ip=10.18.7.11 dest_port=443 protocol=tcp status=SUCCESS
2026-08-04T09:05:36Z user=nora.singh host=SQ-LT-03 event=PROCESS_START session=7a41958b21 pid=27646 process=node executable=/usr/bin/node cwd='~/src/deploy-scripts' command='node ./scripts/validate-schema.js' status=SUCCESS
2026-08-04T09:13:33Z user=nora.singh host=SQ-LT-03 event=HEARTBEAT session=7a41958b21 status=SUCCESS
2026-08-04T09:13:38Z user=nora.singh host=SQ-LT-03 event=IDLE_CHECK session=7a41958b21 status=SUCCESS
2026-08-04T09:19:35Z user=nora.singh host=SQ-LT-03 event=SCREEN_LOCK session=7a41958b21 status=SUCCESS
2026-08-04T09:20:11Z user=nora.singh host=SQ-LT-03 event=EDR_HEALTH session=7a41958b21 sensor=healthy status=SUCCESS
2026-08-04T09:22:17Z user=nora.singh host=SQ-LT-03 event=FILE_OPEN session=7a41958b21 path='~/src/quill-api/Dockerfile' process=node status=SUCCESS
2026-08-04T09:23:13Z user=nora.singh host=SQ-LT-03 event=ANTIVIRUS_SCAN session=7a41958b21 engine=defender mode=quick status=SUCCESS
2026-08-04T09:24:20Z user=nora.singh host=SQ-LT-03 event=POLICY_REFRESH session=7a41958b21 policy=endpoint-standard-v6 status=SUCCESS
2026-08-04T09:27:45Z user=nora.singh host=SQ-LT-03 event=FILE_OPEN session=7a41958b21 path='~/src/deploy-scripts/README.md' process=npm status=SUCCESS
2026-08-04T09:29:54Z user=nora.singh host=SQ-LT-03 event=FILE_OPEN session=7a41958b21 path='~/src/quill-admin/package-lock.json' process=python3 status=SUCCESS
2026-08-04T09:30:05Z user=nora.singh host=SQ-LT-03 event=FILE_WRITE session=7a41958b21 path='~/src/deploy-scripts/src/services/metrics.ts' process=python3 status=SUCCESS
2026-08-04T09:31:22Z user=nora.singh host=SQ-LT-03 event=HEARTBEAT session=7a41958b21 agent=edr-7.4.2 status=SUCCESS
2026-08-04T09:33:42Z user=nora.singh host=SQ-LT-03 event=PROCESS_START session=7a41958b21 pid=46425 process=code executable=/usr/share/code/code cwd='~/src/observability' status=SUCCESS
2026-08-04T09:37:37Z user=nora.singh host=SQ-LT-03 event=NETWORK_CONNECT session=7a41958b21 process=chrome destination=packages.silverquill.internal dest_ip=10.18.2.7 dest_port=443 protocol=tcp status=SUCCESS
2026-08-04T09:43:01Z user=nora.singh host=SQ-LT-03 event=HEARTBEAT session=7a41958b21 agent=edr-7.4.2 status=SUCCESS
2026-08-04T09:43:19Z user=nora.singh host=SQ-LT-03 event=PROCESS_START session=7a41958b21 pid=47649 process=python3 executable=/usr/bin/python3 cwd='~/src/quill-admin' command='python3 scripts/report_health.py' status=SUCCESS
2026-08-04T09:46:34Z user=nora.singh host=SQ-LT-03 event=FILE_OPEN session=7a41958b21 path='~/src/observability/src/config.ts' process=node status=SUCCESS
2026-08-04T09:46:37Z user=nora.singh host=SQ-LT-03 event=HEARTBEAT session=7a41958b21 agent=edr-7.4.2 status=SUCCESS
2026-08-04T09:46:45Z user=nora.singh host=SQ-LT-03 event=PROCESS_START session=7a41958b21 pid=43834 process=code executable=/usr/share/code/code cwd='~/src/quill-api' status=SUCCESS
2026-08-04T09:48:54Z user=nora.singh host=SQ-LT-03 event=SCREEN_UNLOCK session=7a41958b21 method=fido2 status=SUCCESS
2026-08-04T09:50:24Z user=nora.singh host=SQ-LT-03 event=PROCESS_START session=7a41958b21 pid=23226 process=bash executable=/usr/bin/bash cwd='~/src/deploy-scripts' command='bash scripts/run-local.sh' status=SUCCESS
2026-08-04T09:51:15Z user=nora.singh host=SQ-LT-03 event=PROCESS_START session=7a41958b21 pid=50215 process=bash executable=/usr/bin/bash cwd='~/src/quill-admin' command='bash scripts/check-env.sh' status=SUCCESS
2026-08-04T10:00:48Z user=nora.singh host=SQ-LT-03 event=TIME_SYNC session=7a41958b21 source=ntp.silverquill.internal status=SUCCESS
2026-08-04T10:01:43Z user=nora.singh host=SQ-LT-03 event=PROCESS_START session=7a41958b21 pid=3495 process=code executable=/usr/share/code/code cwd='~/src/quill-api' status=SUCCESS
2026-08-04T10:03:13Z user=nora.singh host=SQ-LT-03 event=SCREEN_LOCK session=7a41958b21 status=SUCCESS
2026-08-04T10:03:21Z user=nora.singh host=SQ-LT-03 event=FILE_OPEN session=7a41958b21 path='~/src/quill-admin/package-lock.json' process=code status=SUCCESS
2026-08-04T10:03:34Z user=nora.singh host=SQ-LT-03 event=FILE_SYNC session=7a41958b21 target=corp-drive status=SUCCESS
2026-08-04T10:04:56Z user=nora.singh host=SQ-LT-03 event=PROCESS_START session=7a41958b21 pid=17136 process=bash executable=/usr/bin/bash cwd='~' command='bash scripts/run-local.sh' status=SUCCESS
2026-08-04T10:05:33Z user=nora.singh host=SQ-LT-03 event=PROCESS_START session=7a41958b21 pid=55162 process=npm executable=/usr/bin/npm cwd='~/src/platform-tools' command='npm test' status=SUCCESS
2026-08-04T10:06:59Z user=nora.singh host=SQ-LT-03 event=PROCESS_START session=7a41958b21 pid=59214 process=python3 executable=/usr/bin/python3 cwd='~/src/observability' command='python3 scripts/report_health.py' status=SUCCESS
2026-08-04T10:07:14Z user=nora.singh host=SQ-LT-03 event=EDR_HEALTH session=7a41958b21 sensor=healthy status=SUCCESS
2026-08-04T10:11:01Z user=nora.singh host=SQ-LT-03 event=SCREEN_UNLOCK session=7a41958b21 method=fido2 status=SUCCESS
2026-08-04T10:11:06Z user=nora.singh host=SQ-LT-03 event=FILE_WRITE session=7a41958b21 path='~/src/observability/Dockerfile' process=python3 status=SUCCESS
2026-08-04T10:11:14Z user=nora.singh host=SQ-LT-03 event=PROCESS_START session=7a41958b21 pid=48381 process=node executable=/usr/bin/node cwd='~/src/quill-admin' command='node ./dist/server.js' status=SUCCESS
2026-08-04T10:11:45Z user=nora.singh host=SQ-LT-03 event=PROCESS_START session=7a41958b21 pid=52253 process=npm executable=/usr/bin/npm cwd='~/src/observability' command='npm audit --omit=dev' status=SUCCESS
2026-08-04T10:17:24Z user=nora.singh host=SQ-LT-03 event=PRINT_JOB session=7a41958b21 printer=sq-floor3-mfp pages=1 status=SUCCESS
2026-08-04T10:17:45Z user=nora.singh host=SQ-LT-03 event=NETWORK_CONNECT session=7a41958b21 process=node destination=docs.silverquill.internal dest_ip=10.18.6.14 dest_port=443 protocol=tcp status=SUCCESS
2026-08-04T10:21:05Z user=nora.singh host=SQ-LT-03 event=FILE_OPEN session=7a41958b21 path='~/src/quill-admin/src/config.ts' process=python3 status=SUCCESS
2026-08-04T10:29:32Z user=nora.singh host=SQ-LT-03 event=IDLE_CHECK session=7a41958b21 status=SUCCESS
2026-08-04T10:34:05Z user=nora.singh host=SQ-LT-03 event=IDLE_CHECK session=7a41958b21 status=SUCCESS
2026-08-04T10:40:56Z user=nora.singh host=SQ-LT-03 event=POLICY_REFRESH session=7a41958b21 status=SUCCESS
2026-08-04T10:45:55Z user=nora.singh host=SQ-LT-03 event=NETWORK_CONNECT session=7a41958b21 process=npm destination=sso.silverquill.internal dest_ip=10.18.7.11 dest_port=443 protocol=tcp status=SUCCESS
2026-08-04T10:46:47Z user=nora.singh host=SQ-LT-03 event=PROCESS_START session=7a41958b21 pid=23499 process=npm executable=/usr/bin/npm cwd='~/src/platform-tools' command='npm ci' status=SUCCESS
2026-08-04T10:47:18Z user=nora.singh host=SQ-LT-03 event=PROCESS_START session=7a41958b21 pid=37895 process=bash executable=/usr/bin/bash cwd='~/src/platform-tools' command='bash scripts/run-local.sh' status=SUCCESS
2026-08-04T10:51:31Z user=nora.singh host=SQ-LT-03 event=FILE_OPEN session=7a41958b21 path='~/src/observability/package.json' process=python3 status=SUCCESS
2026-08-04T10:53:22Z user=nora.singh host=SQ-LT-03 event=FILE_OPEN session=7a41958b21 path='~/src/quill-admin/src/routes/health.ts' process=node status=SUCCESS
2026-08-04T10:56:04Z user=nora.singh host=SQ-LT-03 event=ANTIVIRUS_SCAN session=7a41958b21 engine=defender mode=quick status=SUCCESS
2026-08-04T10:56:05Z user=nora.singh host=SQ-LT-03 event=FILE_OPEN session=7a41958b21 path='~/src/quill-admin/src/routes/health.ts' process=code status=SUCCESS
2026-08-04T11:03:52Z user=nora.singh host=SQ-LT-03 event=POLICY_REFRESH session=7a41958b21 policy=endpoint-standard-v6 status=SUCCESS
2026-08-04T11:05:48Z user=nora.singh host=SQ-LT-03 event=FILE_WRITE session=7a41958b21 path='~/src/deploy-scripts/src/config.ts' process=node status=SUCCESS
2026-08-04T11:05:49Z user=nora.singh host=SQ-LT-03 event=POLICY_REFRESH session=7a41958b21 policy=endpoint-standard-v6 status=SUCCESS
2026-08-04T11:07:32Z user=nora.singh host=SQ-LT-03 event=EDR_HEALTH session=7a41958b21 sensor=healthy status=SUCCESS
2026-08-04T11:09:42Z user=nora.singh host=SQ-LT-03 event=NETWORK_CONNECT session=7a41958b21 process=python3 destination=packages.silverquill.internal dest_ip=10.18.2.7 dest_port=443 protocol=tcp status=SUCCESS
2026-08-04T11:14:18Z user=nora.singh host=SQ-LT-03 event=EDR_HEALTH session=7a41958b21 sensor=healthy status=SUCCESS
2026-08-04T11:20:16Z user=nora.singh host=SQ-LT-03 event=NETWORK_CONNECT session=7a41958b21 process=python3 destination=jira.silverquill.internal dest_ip=10.18.1.21 dest_port=443 protocol=tcp status=SUCCESS
2026-08-04T11:24:59Z user=nora.singh host=SQ-LT-03 event=PROCESS_START session=7a41958b21 pid=3504 process=code executable=/usr/share/code/code cwd='~/src/deploy-scripts' status=SUCCESS
2026-08-04T11:25:25Z user=nora.singh host=SQ-LT-03 event=NETWORK_CONNECT session=7a41958b21 process=python3 destination=jira.silverquill.internal dest_ip=10.18.1.21 dest_port=443 protocol=tcp status=SUCCESS
2026-08-04T11:30:02Z user=nora.singh host=SQ-LT-03 event=POLICY_REFRESH session=7a41958b21 policy=endpoint-standard-v6 status=SUCCESS
2026-08-04T11:30:13Z user=nora.singh host=SQ-LT-03 event=FILE_WRITE session=7a41958b21 path='~/src/observability/src/routes/health.ts' process=node status=SUCCESS
2026-08-04T11:32:42Z user=nora.singh host=SQ-LT-03 event=FILE_WRITE session=7a41958b21 path='~/src/quill-admin/src/services/deploy.ts' process=npm status=SUCCESS
2026-08-04T11:37:53Z user=nora.singh host=SQ-LT-03 event=PROCESS_START session=7a41958b21 pid=4210 process=chrome executable=/opt/google/chrome/chrome cwd='~' status=SUCCESS
2026-08-04T11:38:00Z user=nora.singh host=SQ-LT-03 event=TIME_SYNC session=7a41958b21 source=ntp.silverquill.internal status=SUCCESS
2026-08-04T11:40:29Z user=nora.singh host=SQ-LT-03 event=PROCESS_START session=7a41958b21 pid=36752 process=chrome executable=/opt/google/chrome/chrome cwd='~/src/quill-api' status=SUCCESS
2026-08-04T11:46:02Z user=nora.singh host=SQ-LT-03 event=NETWORK_CONNECT session=7a41958b21 process=npm destination=registry.silverquill.internal dest_ip=10.18.3.12 dest_port=443 protocol=tcp status=SUCCESS
2026-08-04T11:51:26Z user=nora.singh host=SQ-LT-03 event=IDLE_CHECK session=7a41958b21 status=SUCCESS
2026-08-04T11:51:31Z user=nora.singh host=SQ-LT-03 event=PROCESS_START session=7a41958b21 pid=38283 process=chrome executable=/opt/google/chrome/chrome cwd='~/src/observability' status=SUCCESS
2026-08-04T11:53:44Z user=nora.singh host=SQ-LT-03 event=FILE_WRITE session=7a41958b21 path='~/src/quill-admin/src/services/deploy.ts' process=npm status=SUCCESS
2026-08-04T11:57:16Z user=nora.singh host=SQ-LT-03 event=PROCESS_START session=7a41958b21 pid=17034 process=python3 executable=/usr/bin/python3 cwd='~/src/quill-api' command='python3 scripts/audit_config.py' status=SUCCESS
2026-08-04T11:58:16Z user=nora.singh host=SQ-LT-03 event=ANTIVIRUS_SCAN session=7a41958b21 engine=defender mode=quick status=SUCCESS
2026-08-04T12:03:29Z user=nora.singh host=SQ-LT-03 event=PROCESS_START session=7a41958b21 pid=29882 process=bash executable=/usr/bin/bash cwd='~/src/quill-admin' command='bash scripts/run-local.sh' status=SUCCESS
2026-08-04T12:05:42Z user=nora.singh host=SQ-LT-03 event=NETWORK_CONNECT session=7a41958b21 process=code destination=grafana.silverquill.internal dest_ip=10.18.4.18 dest_port=443 protocol=tcp status=SUCCESS
2026-08-04T12:11:06Z user=nora.singh host=SQ-LT-03 event=NETWORK_CONNECT session=7a41958b21 process=code destination=ci.silverquill.internal dest_ip=10.18.5.9 dest_port=443 protocol=tcp status=SUCCESS
2026-08-04T12:14:19Z user=nora.singh host=SQ-LT-03 event=IDLE_CHECK session=7a41958b21 status=SUCCESS
2026-08-04T12:16:48Z user=nora.singh host=SQ-LT-03 event=NETWORK_CONNECT session=7a41958b21 process=node destination=registry.silverquill.internal dest_ip=10.18.3.12 dest_port=443 protocol=tcp status=SUCCESS
2026-08-04T12:21:45Z user=nora.singh host=SQ-LT-03 event=SCREEN_LOCK session=7a41958b21 status=SUCCESS
2026-08-04T12:28:48Z user=nora.singh host=SQ-LT-03 event=POLICY_REFRESH session=7a41958b21 policy=endpoint-standard-v6 status=SUCCESS
2026-08-04T12:40:20Z user=nora.singh host=SQ-LT-03 event=FILE_WRITE session=7a41958b21 path='~/src/deploy-scripts/src/services/metrics.ts' process=node status=SUCCESS
2026-08-04T12:40:59Z user=nora.singh host=SQ-LT-03 event=PROCESS_START session=7a41958b21 pid=43514 process=python3 executable=/usr/bin/python3 cwd='~' command='python3 scripts/report_health.py' status=SUCCESS
2026-08-04T12:43:34Z user=nora.singh host=SQ-LT-03 event=POLICY_REFRESH session=7a41958b21 policy=endpoint-standard-v6 status=SUCCESS
2026-08-04T12:46:56Z user=nora.singh host=SQ-LT-03 event=PACKAGE_UPDATE session=7a41958b21 package=python3 status=SUCCESS
2026-08-04T12:50:47Z user=nora.singh host=SQ-LT-03 event=PROCESS_START session=7a41958b21 pid=12972 process=code executable=/usr/share/code/code cwd='~/src/platform-tools' status=SUCCESS
2026-08-04T12:53:29Z user=nora.singh host=SQ-LT-03 event=SCREEN_UNLOCK session=7a41958b21 method=fido2 status=SUCCESS
2026-08-04T12:55:13Z user=nora.singh host=SQ-LT-03 event=POLICY_REFRESH session=7a41958b21 policy=endpoint-standard-v6 status=SUCCESS
2026-08-04T12:57:36Z user=nora.singh host=SQ-LT-03 event=NETWORK_CONNECT session=7a41958b21 process=npm destination=jira.silverquill.internal dest_ip=10.18.1.21 dest_port=443 protocol=tcp status=SUCCESS
2026-08-04T12:58:23Z user=nora.singh host=SQ-LT-03 event=FILE_SYNC session=7a41958b21 target=settings-roam status=SUCCESS
2026-08-04T12:59:09Z user=nora.singh host=SQ-LT-03 event=HEARTBEAT session=7a41958b21 status=SUCCESS
2026-08-04T13:05:16Z user=nora.singh host=SQ-LT-03 event=PROCESS_START session=7a41958b21 pid=37228 process=python3 executable=/usr/bin/python3 cwd='~/src/quill-admin' command='python3 scripts/check_release.py' status=SUCCESS
2026-08-04T13:07:57Z user=nora.singh host=SQ-LT-03 event=FILE_SYNC session=7a41958b21 target=corp-drive status=SUCCESS
2026-08-04T13:08:05Z user=nora.singh host=SQ-LT-03 event=POLICY_REFRESH session=7a41958b21 policy=endpoint-standard-v6 status=SUCCESS
2026-08-04T13:14:04Z user=nora.singh host=SQ-LT-03 event=PROCESS_START session=7a41958b21 pid=24557 process=code executable=/usr/share/code/code cwd='~/Downloads' status=SUCCESS
2026-08-04T13:14:57Z user=nora.singh host=SQ-LT-03 event=NETWORK_CONNECT session=7a41958b21 process=chrome destination=sso.silverquill.internal dest_ip=10.18.7.11 dest_port=443 protocol=tcp status=SUCCESS
2026-08-04T13:21:39Z user=nora.singh host=SQ-LT-03 event=NETWORK_CONNECT session=7a41958b21 process=code destination=registry.silverquill.internal dest_ip=10.18.3.12 dest_port=443 protocol=tcp status=SUCCESS
2026-08-04T13:23:56Z user=nora.singh host=SQ-LT-03 event=POLICY_REFRESH session=7a41958b21 policy=endpoint-standard-v6 status=SUCCESS
2026-08-04T13:24:14Z user=nora.singh host=SQ-LT-03 event=NETWORK_CONNECT session=7a41958b21 process=code destination=packages.silverquill.internal dest_ip=10.18.2.7 dest_port=443 protocol=tcp status=SUCCESS
2026-08-04T13:24:49Z user=nora.singh host=SQ-LT-03 event=POLICY_REFRESH session=7a41958b21 policy=endpoint-standard-v6 status=SUCCESS
2026-08-04T13:29:06Z user=nora.singh host=SQ-LT-03 event=PROCESS_START session=7a41958b21 pid=32449 process=bash executable=/usr/bin/bash cwd='~/src/deploy-scripts' command='bash scripts/run-local.sh' status=SUCCESS
2026-08-04T13:30:34Z user=nora.singh host=SQ-LT-03 event=FILE_OPEN session=7a41958b21 path='~/src/quill-api/Dockerfile' process=node status=SUCCESS
2026-08-04T13:30:42Z user=nora.singh host=SQ-LT-03 event=ANTIVIRUS_SCAN session=7a41958b21 engine=defender mode=quick status=SUCCESS
2026-08-04T13:33:00Z user=nora.singh host=SQ-LT-03 event=FILE_OPEN session=7a41958b21 path='~/src/deploy-scripts/src/services/metrics.ts' process=node status=SUCCESS
2026-08-04T13:35:43Z user=nora.singh host=SQ-LT-03 event=PROCESS_START session=7a41958b21 pid=20359 process=node executable=/usr/bin/node cwd='~' command='node ./scripts/check-config.js' status=SUCCESS
2026-08-04T13:53:58Z user=nora.singh host=SQ-LT-03 event=NETWORK_CONNECT session=7a41958b21 process=npm destination=jira.silverquill.internal dest_ip=10.18.1.21 dest_port=443 protocol=tcp status=SUCCESS
2026-08-04T13:54:13Z user=nora.singh host=SQ-LT-03 event=NETWORK_CONNECT session=7a41958b21 process=node destination=ci.silverquill.internal dest_ip=10.18.5.9 dest_port=443 protocol=tcp status=SUCCESS
2026-08-04T13:54:54Z user=nora.singh host=SQ-LT-03 event=PROCESS_START session=7a41958b21 pid=36653 process=bash executable=/usr/bin/bash cwd='~/src/platform-tools' command='bash scripts/check-env.sh' status=SUCCESS
2026-08-04T13:54:59Z user=nora.singh host=SQ-LT-03 event=USB_MOUNT session=7a41958b21 device=Logitech-Receiver status=SUCCESS
2026-08-04T13:59:38Z user=nora.singh host=SQ-LT-03 event=PROCESS_START session=7a41958b21 pid=15583 process=bash executable=/usr/bin/bash cwd='~/Downloads' command='bash scripts/run-local.sh' status=SUCCESS
2026-08-04T14:02:00Z user=nora.singh host=SQ-LT-03 event=FILE_OPEN session=7a41958b21 path='~/src/deploy-scripts/README.md' process=python3 status=SUCCESS
2026-08-04T14:04:33Z user=nora.singh host=SQ-LT-03 event=HEARTBEAT session=7a41958b21 agent=edr-7.4.2 status=SUCCESS
2026-08-04T14:08:28Z user=nora.singh host=SQ-LT-03 event=FILE_WRITE session=7a41958b21 path='~/src/quill-api/.github/workflows/ci.yml' process=code status=SUCCESS
2026-08-04T14:08:39Z user=nora.singh host=SQ-LT-03 event=FILE_OPEN session=7a41958b21 path='~/src/observability/src/routes/status.ts' process=python3 status=SUCCESS
2026-08-04T14:11:13Z user=nora.singh host=SQ-LT-03 event=FILE_WRITE session=7a41958b21 path='~/src/observability/src/services/metrics.ts' process=node status=SUCCESS
2026-08-04T14:16:47Z user=nora.singh host=SQ-LT-03 event=POLICY_REFRESH session=7a41958b21 policy=endpoint-standard-v6 status=SUCCESS
2026-08-04T14:25:00Z user=nora.singh host=SQ-LT-03 event=NETWORK_CONNECT session=7a41958b21 process=node destination=grafana.silverquill.internal dest_ip=10.18.4.18 dest_port=443 protocol=tcp status=SUCCESS
2026-08-04T14:25:18Z user=nora.singh host=SQ-LT-03 event=FILE_OPEN session=7a41958b21 path='~/src/quill-api/src/routes/status.ts' process=code status=SUCCESS
2026-08-04T14:25:37Z user=nora.singh host=SQ-LT-03 event=HEARTBEAT session=7a41958b21 agent=edr-7.4.2 status=SUCCESS
2026-08-04T14:29:13Z user=nora.singh host=SQ-LT-03 event=TIME_SYNC session=7a41958b21 source=ntp.silverquill.internal status=SUCCESS
2026-08-04T14:32:24Z user=nora.singh host=SQ-LT-03 event=PROCESS_START session=7a41958b21 pid=36503 process=node executable=/usr/bin/node cwd='~/src/deploy-scripts' command='node ./scripts/validate-schema.js' status=SUCCESS
2026-08-04T14:33:34Z user=nora.singh host=SQ-LT-03 event=NETWORK_CONNECT session=7a41958b21 process=python3 destination=ci.silverquill.internal dest_ip=10.18.5.9 dest_port=443 protocol=tcp status=SUCCESS
2026-08-04T14:34:06Z user=nora.singh host=SQ-LT-03 event=ANTIVIRUS_SCAN session=7a41958b21 engine=defender mode=quick status=SUCCESS
2026-08-04T14:38:31Z user=nora.singh host=SQ-LT-03 event=USB_MOUNT session=7a41958b21 device=Logitech-Receiver status=SUCCESS
2026-08-04T14:40:12Z user=nora.singh host=SQ-LT-03 event=PROCESS_START session=7a41958b21 pid=9050 process=slack executable=/usr/bin/slack cwd='~/src/quill-api' status=SUCCESS
2026-08-04T14:41:36Z user=nora.singh host=SQ-LT-03 event=NETWORK_CONNECT session=7a41958b21 process=chrome destination=packages.silverquill.internal dest_ip=10.18.2.7 dest_port=443 protocol=tcp status=SUCCESS
2026-08-04T14:45:25Z user=nora.singh host=SQ-LT-03 event=PROCESS_START session=7a41958b21 pid=3513 process=slack executable=/usr/bin/slack cwd='~/Downloads' status=SUCCESS
2026-08-04T14:48:44Z user=nora.singh host=SQ-LT-03 event=TIME_SYNC session=7a41958b21 source=ntp.silverquill.internal status=SUCCESS
2026-08-04T14:50:49Z user=nora.singh host=SQ-LT-03 event=HEARTBEAT session=7a41958b21 agent=edr-7.4.2 status=SUCCESS
2026-08-04T14:59:35Z user=nora.singh host=SQ-LT-03 event=NETWORK_CONNECT session=7a41958b21 process=python3 destination=docs.silverquill.internal dest_ip=10.18.6.14 dest_port=443 protocol=tcp status=SUCCESS
2026-08-04T15:02:36Z user=nora.singh host=SQ-LT-03 event=PROCESS_START session=7a41958b21 pid=17046 process=code executable=/usr/share/code/code cwd='~/src/quill-admin' status=SUCCESS
2026-08-04T15:04:36Z user=nora.singh host=SQ-LT-03 event=PROCESS_START session=7a41958b21 pid=4725 process=code executable=/usr/share/code/code cwd='~/src/deploy-scripts' status=SUCCESS
2026-08-04T15:07:55Z user=nora.singh host=SQ-LT-03 event=HEARTBEAT session=7a41958b21 agent=edr-7.4.2 status=SUCCESS
2026-08-04T15:16:41Z user=nora.singh host=SQ-LT-03 event=FILE_OPEN session=7a41958b21 path='~/src/quill-admin/Dockerfile' process=npm status=SUCCESS
2026-08-04T15:17:31Z user=nora.singh host=SQ-LT-03 event=HEARTBEAT session=7a41958b21 agent=edr-7.4.2 status=SUCCESS
2026-08-04T15:18:33Z user=nora.singh host=SQ-LT-03 event=FILE_OPEN session=7a41958b21 path='~/src/quill-admin/scripts/check-config.js' process=code status=SUCCESS
2026-08-04T15:26:42Z user=nora.singh host=SQ-LT-03 event=TIME_SYNC session=7a41958b21 source=ntp.silverquill.internal status=SUCCESS
2026-08-04T15:29:58Z user=nora.singh host=SQ-LT-03 event=SCREEN_LOCK session=7a41958b21 status=SUCCESS
2026-08-04T15:34:05Z user=nora.singh host=SQ-LT-03 event=IDLE_CHECK session=7a41958b21 status=SUCCESS
2026-08-04T15:38:47Z user=nora.singh host=SQ-LT-03 event=SCREEN_UNLOCK session=7a41958b21 method=fido2 status=SUCCESS
2026-08-04T15:39:31Z user=nora.singh host=SQ-LT-03 event=PROCESS_START session=7a41958b21 pid=5799 process=slack executable=/usr/bin/slack cwd='~/src/quill-admin' status=SUCCESS
2026-08-04T15:46:06Z user=nora.singh host=SQ-LT-03 event=PROCESS_START session=7a41958b21 pid=31015 process=chrome executable=/opt/google/chrome/chrome cwd='~/src/platform-tools' status=SUCCESS
2026-08-04T15:46:35Z user=nora.singh host=SQ-LT-03 event=NETWORK_CONNECT session=7a41958b21 process=npm destination=jira.silverquill.internal dest_ip=10.18.1.21 dest_port=443 protocol=tcp status=SUCCESS
2026-08-04T15:47:10Z user=nora.singh host=SQ-LT-03 event=NETWORK_CONNECT session=7a41958b21 process=chrome destination=registry.silverquill.internal dest_ip=10.18.3.12 dest_port=443 protocol=tcp status=SUCCESS
2026-08-04T15:51:40Z user=nora.singh host=SQ-LT-03 event=HEARTBEAT session=7a41958b21 agent=edr-7.4.2 status=SUCCESS
2026-08-04T15:52:09Z user=nora.singh host=SQ-LT-03 event=NETWORK_CONNECT session=7a41958b21 process=chrome destination=grafana.silverquill.internal dest_ip=10.18.4.18 dest_port=443 protocol=tcp status=SUCCESS
2026-08-04T15:56:38Z user=nora.singh host=SQ-LT-03 event=PROCESS_START session=7a41958b21 pid=34802 process=code executable=/usr/share/code/code cwd='~' status=SUCCESS
2026-08-04T15:56:56Z user=nora.singh host=SQ-LT-03 event=PACKAGE_UPDATE session=7a41958b21 package=code status=SUCCESS
2026-08-04T15:57:58Z user=nora.singh host=SQ-LT-03 event=NETWORK_CONNECT session=7a41958b21 process=python3 destination=registry.silverquill.internal dest_ip=10.18.3.12 dest_port=443 protocol=tcp status=SUCCESS
2026-08-04T15:58:25Z user=nora.singh host=SQ-LT-03 event=EDR_HEALTH session=7a41958b21 sensor=healthy status=SUCCESS
2026-08-04T15:58:43Z user=nora.singh host=SQ-LT-03 event=FILE_WRITE session=7a41958b21 path='~/src/platform-tools/src/routes/status.ts' process=npm status=SUCCESS
2026-08-04T16:04:37Z user=nora.singh host=SQ-LT-03 event=HEARTBEAT session=7a41958b21 agent=edr-7.4.2 status=SUCCESS
2026-08-04T16:07:44Z user=nora.singh host=SQ-LT-03 event=EDR_HEALTH session=7a41958b21 sensor=healthy status=SUCCESS
2026-08-04T16:08:05Z user=nora.singh host=SQ-LT-03 event=FILE_SYNC session=7a41958b21 target=corp-drive status=SUCCESS
2026-08-04T16:12:47Z user=nora.singh host=SQ-LT-03 event=HEARTBEAT session=7a41958b21 agent=edr-7.4.2 status=SUCCESS
2026-08-04T16:13:15Z user=nora.singh host=SQ-LT-03 event=FILE_WRITE session=7a41958b21 path='~/src/quill-admin/src/services/metrics.ts' process=code status=SUCCESS
2026-08-04T16:14:23Z user=nora.singh host=SQ-LT-03 event=POLICY_REFRESH session=7a41958b21 policy=endpoint-standard-v6 status=SUCCESS
2026-08-04T16:14:25Z user=nora.singh host=SQ-LT-03 event=PROCESS_START session=7a41958b21 pid=32287 process=slack executable=/usr/bin/slack cwd='~/Downloads' status=SUCCESS
2026-08-04T16:24:51Z user=nora.singh host=SQ-LT-03 event=NETWORK_CONNECT session=7a41958b21 process=code destination=registry.silverquill.internal dest_ip=10.18.3.12 dest_port=443 protocol=tcp status=SUCCESS
2026-08-04T16:26:17Z user=nora.singh host=SQ-LT-03 event=FILE_SYNC session=7a41958b21 target=corp-drive status=SUCCESS
2026-08-04T16:30:58Z user=nora.singh host=SQ-LT-03 event=PROCESS_START session=7a41958b21 pid=12844 process=python3 executable=/usr/bin/python3 cwd='~/Downloads' command='python3 scripts/report_health.py' status=SUCCESS
2026-08-04T16:31:23Z user=nora.singh host=SQ-LT-03 event=FILE_OPEN session=7a41958b21 path='~/src/quill-api/scripts/release.sh' process=npm status=SUCCESS
2026-08-04T16:31:44Z user=nora.singh host=SQ-LT-03 event=FILE_WRITE session=7a41958b21 path='~/src/deploy-scripts/src/routes/health.ts' process=code status=SUCCESS
2026-08-04T16:33:56Z user=nora.singh host=SQ-LT-03 event=PROCESS_START session=7a41958b21 pid=6601 process=slack executable=/usr/bin/slack cwd='~/Downloads' status=SUCCESS
2026-08-04T16:34:20Z user=nora.singh host=SQ-LT-03 event=FILE_WRITE session=7a41958b21 path='~/src/quill-api/src/config.ts' process=node status=SUCCESS
2026-08-04T16:35:16Z user=nora.singh host=SQ-LT-03 event=ANTIVIRUS_SCAN session=7a41958b21 engine=defender mode=quick status=SUCCESS
2026-08-04T16:41:52Z user=nora.singh host=SQ-LT-03 event=HEARTBEAT session=7a41958b21 agent=edr-7.4.2 status=SUCCESS
2026-08-04T16:43:07Z user=nora.singh host=SQ-LT-03 event=PRINT_JOB session=7a41958b21 printer=sq-floor3-mfp pages=3 status=SUCCESS
2026-08-04T16:46:27Z user=nora.singh host=SQ-LT-03 event=VPN_DISCONNECT session=7a41958b21 profile=corp-vpn status=SUCCESS
2026-08-04T16:46:57Z user=nora.singh host=SQ-LT-03 event=POLICY_REFRESH session=7a41958b21 status=SUCCESS
2026-08-04T16:47:57Z user=nora.singh host=SQ-LT-03 event=FILE_WRITE session=7a41958b21 path='~/src/quill-api/scripts/check-config.js' process=code status=SUCCESS
2026-08-04T16:49:52Z user=nora.singh host=SQ-LT-03 event=FILE_SYNC session=7a41958b21 target=corp-drive status=SUCCESS
2026-08-04T16:51:26Z user=nora.singh host=SQ-LT-03 event=LOGOUT session=7a41958b21 status=SUCCESS
2026-08-04T17:00:00Z host=SQ-LT-03 event=POWER_OFF login=none status=SUCCESS
2026-08-05T08:17:39Z host=SQ-LT-03 event=SYSTEM_BOOT boot_id=33953e3c33 status=SUCCESS
2026-08-05T08:19:38Z user=nora.singh host=SQ-LT-03 event=LOGIN session=2c406019fd method=password+fido2 status=SUCCESS
2026-08-05T08:20:57Z user=nora.singh host=SQ-LT-03 event=VPN_CONNECT session=2c406019fd profile=corp-vpn gateway=vpn-blr-02 status=SUCCESS
2026-08-05T08:41:38Z user=nora.singh host=SQ-LT-03 event=PROCESS_START session=2c406019fd pid=26658 process=bash executable=/usr/bin/bash cwd='~/src/quill-api' command='bash scripts/run-local.sh' status=SUCCESS
2026-08-05T08:44:42Z user=nora.singh host=SQ-LT-03 event=NETWORK_CONNECT session=2c406019fd process=npm destination=registry.silverquill.internal dest_ip=10.18.3.12 dest_port=443 protocol=tcp status=SUCCESS
2026-08-05T08:46:22Z user=nora.singh host=SQ-LT-03 event=EDR_HEALTH session=2c406019fd sensor=healthy status=SUCCESS
2026-08-05T08:46:50Z user=nora.singh host=SQ-LT-03 event=HEARTBEAT session=2c406019fd agent=edr-7.4.2 status=SUCCESS
2026-08-05T08:46:51Z user=nora.singh host=SQ-LT-03 event=FILE_OPEN session=2c406019fd path='~/src/quill-admin/src/services/metrics.ts' process=code status=SUCCESS
2026-08-05T08:47:39Z user=nora.singh host=SQ-LT-03 event=NETWORK_CONNECT session=2c406019fd process=npm destination=grafana.silverquill.internal dest_ip=10.18.4.18 dest_port=443 protocol=tcp status=SUCCESS
2026-08-05T08:49:40Z user=nora.singh host=SQ-LT-03 event=NETWORK_CONNECT session=2c406019fd process=python3 destination=sso.silverquill.internal dest_ip=10.18.7.11 dest_port=443 protocol=tcp status=SUCCESS
2026-08-05T08:49:43Z user=nora.singh host=SQ-LT-03 event=FILE_OPEN session=2c406019fd path='~/src/platform-tools/src/config.ts' process=code status=SUCCESS
2026-08-05T08:51:26Z user=nora.singh host=SQ-LT-03 event=FILE_SYNC session=2c406019fd target=settings-roam status=SUCCESS
2026-08-05T08:52:05Z user=nora.singh host=SQ-LT-03 event=PROCESS_START session=2c406019fd pid=33439 process=node executable=/usr/bin/node cwd='~/src/platform-tools' command='node ./scripts/validate-schema.js' status=SUCCESS
2026-08-05T09:04:10Z user=nora.singh host=SQ-LT-03 event=TIME_SYNC session=2c406019fd source=ntp.silverquill.internal status=SUCCESS
2026-08-05T09:09:15Z user=nora.singh host=SQ-LT-03 event=PROCESS_START session=2c406019fd pid=6188 process=slack executable=/usr/bin/slack cwd='~/src/quill-admin' status=SUCCESS
2026-08-05T09:11:47Z user=nora.singh host=SQ-LT-03 event=SCREEN_LOCK session=2c406019fd status=SUCCESS
2026-08-05T09:12:47Z user=nora.singh host=SQ-LT-03 event=USB_MOUNT session=2c406019fd device=YubiKey-5C-NFC status=SUCCESS
2026-08-05T09:15:02Z user=nora.singh host=SQ-LT-03 event=USB_MOUNT session=2c406019fd device=YubiKey-5C-NFC status=SUCCESS
2026-08-05T09:20:09Z user=nora.singh host=SQ-LT-03 event=PROCESS_START session=2c406019fd pid=43125 process=npm executable=/usr/bin/npm cwd='~' command='npm test' status=SUCCESS
2026-08-05T09:20:36Z user=nora.singh host=SQ-LT-03 event=PROCESS_START session=2c406019fd pid=48233 process=node executable=/usr/bin/node cwd='~' command='node ./scripts/validate-schema.js' status=SUCCESS
2026-08-05T09:20:56Z user=nora.singh host=SQ-LT-03 event=PROCESS_START session=2c406019fd pid=31188 process=chrome executable=/opt/google/chrome/chrome cwd='~/src/platform-tools' status=SUCCESS
2026-08-05T09:22:43Z user=nora.singh host=SQ-LT-03 event=FILE_WRITE session=2c406019fd path='~/src/quill-api/src/services/deploy.ts' process=npm status=SUCCESS
2026-08-05T09:30:15Z user=nora.singh host=SQ-LT-03 event=POLICY_REFRESH session=2c406019fd policy=endpoint-standard-v6 status=SUCCESS
2026-08-05T09:32:03Z user=nora.singh host=SQ-LT-03 event=PROCESS_START session=2c406019fd pid=48587 process=node executable=/usr/bin/node cwd='~/src/deploy-scripts' command='node ./dist/server.js' status=SUCCESS
2026-08-05T09:32:06Z user=nora.singh host=SQ-LT-03 event=FILE_WRITE session=2c406019fd path='~/src/platform-tools/src/services/deploy.ts' process=code status=SUCCESS
2026-08-05T09:34:10Z user=nora.singh host=SQ-LT-03 event=SCREEN_UNLOCK session=2c406019fd method=fido2 status=SUCCESS
2026-08-05T09:34:54Z user=nora.singh host=SQ-LT-03 event=FILE_SYNC session=2c406019fd target=corp-drive status=SUCCESS
2026-08-05T09:36:01Z user=nora.singh host=SQ-LT-03 event=USB_UNMOUNT session=2c406019fd device=Logitech-Receiver status=SUCCESS
2026-08-05T09:43:03Z user=nora.singh host=SQ-LT-03 event=POLICY_REFRESH session=2c406019fd policy=endpoint-standard-v6 status=SUCCESS
2026-08-05T09:53:22Z user=nora.singh host=SQ-LT-03 event=TIME_SYNC session=2c406019fd source=ntp.silverquill.internal status=SUCCESS
2026-08-05T09:58:55Z user=nora.singh host=SQ-LT-03 event=PROCESS_START session=2c406019fd pid=58946 process=node executable=/usr/bin/node cwd='~/src/deploy-scripts' command='node ./scripts/validate-schema.js' status=SUCCESS
2026-08-05T10:01:20Z user=nora.singh host=SQ-LT-03 event=NETWORK_CONNECT session=2c406019fd process=node destination=sso.silverquill.internal dest_ip=10.18.7.11 dest_port=443 protocol=tcp status=SUCCESS
2026-08-05T10:02:45Z user=nora.singh host=SQ-LT-03 event=PROCESS_START session=2c406019fd pid=22324 process=chrome executable=/opt/google/chrome/chrome cwd='~/src/observability' status=SUCCESS
2026-08-05T10:03:12Z user=nora.singh host=SQ-LT-03 event=PROCESS_START session=2c406019fd pid=53475 process=code executable=/usr/share/code/code cwd='~/src/deploy-scripts' status=SUCCESS
2026-08-05T10:04:15Z user=nora.singh host=SQ-LT-03 event=PROCESS_START session=2c406019fd pid=39136 process=npm executable=/usr/bin/npm cwd='~/src/deploy-scripts' command='npm run build' status=SUCCESS
2026-08-05T10:05:10Z user=nora.singh host=SQ-LT-03 event=ANTIVIRUS_SCAN session=2c406019fd engine=defender mode=quick status=SUCCESS
2026-08-05T10:06:13Z user=nora.singh host=SQ-LT-03 event=PROCESS_START session=2c406019fd pid=55626 process=code executable=/usr/share/code/code cwd='~' status=SUCCESS
2026-08-05T10:10:21Z user=nora.singh host=SQ-LT-03 event=TIME_SYNC session=2c406019fd source=ntp.silverquill.internal status=SUCCESS
2026-08-05T10:21:10Z user=nora.singh host=SQ-LT-03 event=FILE_WRITE session=2c406019fd path='~/src/platform-tools/src/routes/health.ts' process=npm status=SUCCESS
2026-08-05T10:21:25Z user=nora.singh host=SQ-LT-03 event=POLICY_REFRESH session=2c406019fd policy=endpoint-standard-v6 status=SUCCESS
2026-08-05T10:25:22Z user=nora.singh host=SQ-LT-03 event=NETWORK_CONNECT session=2c406019fd process=node destination=ci.silverquill.internal dest_ip=10.18.5.9 dest_port=443 protocol=tcp status=SUCCESS
2026-08-05T10:29:18Z user=nora.singh host=SQ-LT-03 event=PROCESS_START session=2c406019fd pid=59442 process=python3 executable=/usr/bin/python3 cwd='~/src/quill-api' command='python3 scripts/report_health.py' status=SUCCESS
2026-08-05T10:33:12Z user=nora.singh host=SQ-LT-03 event=FILE_OPEN session=2c406019fd path='~/src/observability/src/routes/status.ts' process=code status=SUCCESS
2026-08-05T10:33:36Z user=nora.singh host=SQ-LT-03 event=PROCESS_START session=2c406019fd pid=56237 process=node executable=/usr/bin/node cwd='~/src/quill-admin' command='node ./scripts/validate-schema.js' status=SUCCESS
2026-08-05T10:35:24Z user=nora.singh host=SQ-LT-03 event=PROCESS_START session=2c406019fd pid=13572 process=node executable=/usr/bin/node cwd='~/src/observability' command='node ./scripts/check-config.js' status=SUCCESS
2026-08-05T10:37:40Z user=nora.singh host=SQ-LT-03 event=PROCESS_START session=2c406019fd pid=17017 process=chrome executable=/opt/google/chrome/chrome cwd='~/src/deploy-scripts' status=SUCCESS
2026-08-05T10:48:49Z user=nora.singh host=SQ-LT-03 event=NETWORK_CONNECT session=2c406019fd process=code destination=packages.silverquill.internal dest_ip=10.18.2.7 dest_port=443 protocol=tcp status=SUCCESS
2026-08-05T10:49:48Z user=nora.singh host=SQ-LT-03 event=PROCESS_START session=2c406019fd pid=49822 process=slack executable=/usr/bin/slack cwd='~/src/quill-api' status=SUCCESS
2026-08-05T10:54:13Z user=nora.singh host=SQ-LT-03 event=PROCESS_START session=2c406019fd pid=33039 process=bash executable=/usr/bin/bash cwd='~/src/deploy-scripts' command='bash scripts/test-health.sh' status=SUCCESS
2026-08-05T10:54:14Z user=nora.singh host=SQ-LT-03 event=IDLE_CHECK session=2c406019fd status=SUCCESS
2026-08-05T10:54:55Z user=nora.singh host=SQ-LT-03 event=PROCESS_START session=2c406019fd pid=54124 process=bash executable=/usr/bin/bash cwd='~/src/quill-api' command='bash scripts/check-env.sh' status=SUCCESS
2026-08-05T11:00:43Z user=nora.singh host=SQ-LT-03 event=NETWORK_CONNECT session=2c406019fd process=node destination=packages.silverquill.internal dest_ip=10.18.2.7 dest_port=443 protocol=tcp status=SUCCESS
2026-08-05T11:03:51Z user=nora.singh host=SQ-LT-03 event=EDR_HEALTH session=2c406019fd sensor=healthy status=SUCCESS
2026-08-05T11:04:48Z user=nora.singh host=SQ-LT-03 event=PROCESS_START session=2c406019fd pid=46237 process=slack executable=/usr/bin/slack cwd='~/src/quill-admin' status=SUCCESS
2026-08-05T11:11:32Z user=nora.singh host=SQ-LT-03 event=PROCESS_START session=2c406019fd pid=28827 process=npm executable=/usr/bin/npm cwd='~/src/observability' command='npm ci' status=SUCCESS
2026-08-05T11:12:15Z user=nora.singh host=SQ-LT-03 event=PROCESS_START session=2c406019fd pid=32785 process=slack executable=/usr/bin/slack cwd='~/src/quill-api' status=SUCCESS
2026-08-05T11:13:43Z user=nora.singh host=SQ-LT-03 event=ANTIVIRUS_SCAN session=2c406019fd engine=defender mode=quick status=SUCCESS
2026-08-05T11:13:49Z user=nora.singh host=SQ-LT-03 event=ANTIVIRUS_SCAN session=2c406019fd engine=defender mode=realtime status=SUCCESS
2026-08-05T11:23:50Z user=nora.singh host=SQ-LT-03 event=NETWORK_CONNECT session=2c406019fd process=code destination=grafana.silverquill.internal dest_ip=10.18.4.18 dest_port=443 protocol=tcp status=SUCCESS
2026-08-05T11:33:35Z user=nora.singh host=SQ-LT-03 event=HEARTBEAT session=2c406019fd agent=edr-7.4.2 status=SUCCESS
2026-08-05T11:43:46Z user=nora.singh host=SQ-LT-03 event=USB_UNMOUNT session=2c406019fd device=Logitech-Receiver status=SUCCESS
2026-08-05T11:46:06Z user=nora.singh host=SQ-LT-03 event=NETWORK_CONNECT session=2c406019fd process=chrome destination=registry.silverquill.internal dest_ip=10.18.3.12 dest_port=443 protocol=tcp status=SUCCESS
2026-08-05T11:46:40Z user=nora.singh host=SQ-LT-03 event=FILE_OPEN session=2c406019fd path='~/src/observability/package.json' process=code status=SUCCESS
2026-08-05T11:50:26Z user=nora.singh host=SQ-LT-03 event=NETWORK_CONNECT session=2c406019fd process=python3 destination=sso.silverquill.internal dest_ip=10.18.7.11 dest_port=443 protocol=tcp status=SUCCESS
2026-08-05T11:54:42Z user=nora.singh host=SQ-LT-03 event=FILE_WRITE session=2c406019fd path='~/src/platform-tools/Dockerfile' process=node status=SUCCESS
2026-08-05T11:54:48Z user=nora.singh host=SQ-LT-03 event=EDR_HEALTH session=2c406019fd sensor=healthy status=SUCCESS
2026-08-05T12:03:39Z user=nora.singh host=SQ-LT-03 event=PROCESS_START session=2c406019fd pid=54059 process=node executable=/usr/bin/node cwd='~/src/observability' command='node ./scripts/validate-schema.js' status=SUCCESS
2026-08-05T12:04:24Z user=nora.singh host=SQ-LT-03 event=NETWORK_CONNECT session=2c406019fd process=npm destination=docs.silverquill.internal dest_ip=10.18.6.14 dest_port=443 protocol=tcp status=SUCCESS
2026-08-05T12:10:08Z user=nora.singh host=SQ-LT-03 event=HEARTBEAT session=2c406019fd agent=edr-7.4.2 status=SUCCESS
2026-08-05T12:17:25Z user=nora.singh host=SQ-LT-03 event=FILE_SYNC session=2c406019fd target=corp-drive status=SUCCESS
2026-08-05T12:17:26Z user=nora.singh host=SQ-LT-03 event=SCREEN_LOCK session=2c406019fd status=SUCCESS
2026-08-05T12:18:55Z user=nora.singh host=SQ-LT-03 event=EDR_HEALTH session=2c406019fd sensor=healthy status=SUCCESS
2026-08-05T12:19:01Z user=nora.singh host=SQ-LT-03 event=NETWORK_CONNECT session=2c406019fd process=python3 destination=jira.silverquill.internal dest_ip=10.18.1.21 dest_port=443 protocol=tcp status=SUCCESS
2026-08-05T12:19:06Z user=nora.singh host=SQ-LT-03 event=TIME_SYNC session=2c406019fd source=ntp.silverquill.internal status=SUCCESS
2026-08-05T12:19:46Z user=nora.singh host=SQ-LT-03 event=NETWORK_CONNECT session=2c406019fd process=npm destination=grafana.silverquill.internal dest_ip=10.18.4.18 dest_port=443 protocol=tcp status=SUCCESS
2026-08-05T12:21:05Z user=nora.singh host=SQ-LT-03 event=SCREEN_UNLOCK session=2c406019fd method=fido2 status=SUCCESS
2026-08-05T12:27:14Z user=nora.singh host=SQ-LT-03 event=NETWORK_CONNECT session=2c406019fd process=python3 destination=registry.silverquill.internal dest_ip=10.18.3.12 dest_port=443 protocol=tcp status=SUCCESS
2026-08-05T12:29:51Z user=nora.singh host=SQ-LT-03 event=PROCESS_START session=2c406019fd pid=12988 process=code executable=/usr/share/code/code cwd='~' status=SUCCESS
2026-08-05T12:32:05Z user=nora.singh host=SQ-LT-03 event=PACKAGE_UPDATE session=2c406019fd package=chrome status=SUCCESS
2026-08-05T12:33:42Z user=nora.singh host=SQ-LT-03 event=FILE_OPEN session=2c406019fd path='~/src/observability/src/config.ts' process=code status=SUCCESS
2026-08-05T12:41:24Z user=nora.singh host=SQ-LT-03 event=TIME_SYNC session=2c406019fd source=ntp.silverquill.internal status=SUCCESS
2026-08-05T12:42:54Z user=nora.singh host=SQ-LT-03 event=TIME_SYNC session=2c406019fd source=ntp.silverquill.internal status=SUCCESS
2026-08-05T12:47:37Z user=nora.singh host=SQ-LT-03 event=NETWORK_CONNECT session=2c406019fd process=chrome destination=registry.silverquill.internal dest_ip=10.18.3.12 dest_port=443 protocol=tcp status=SUCCESS
2026-08-05T12:53:35Z user=nora.singh host=SQ-LT-03 event=FILE_SYNC session=2c406019fd target=settings-roam status=SUCCESS
2026-08-05T12:53:51Z user=nora.singh host=SQ-LT-03 event=PROCESS_START session=2c406019fd pid=43637 process=npm executable=/usr/bin/npm cwd='~/src/quill-api' command='npm ci' status=SUCCESS
2026-08-05T12:55:53Z user=nora.singh host=SQ-LT-03 event=NETWORK_CONNECT session=2c406019fd process=node destination=packages.silverquill.internal dest_ip=10.18.2.7 dest_port=443 protocol=tcp status=SUCCESS
2026-08-05T12:56:49Z user=nora.singh host=SQ-LT-03 event=PROCESS_START session=2c406019fd pid=19449 process=slack executable=/usr/bin/slack cwd='~' status=SUCCESS
2026-08-05T13:02:18Z user=nora.singh host=SQ-LT-03 event=PROCESS_START session=2c406019fd pid=26869 process=bash executable=/usr/bin/bash cwd='~/src/platform-tools' command='bash scripts/check-env.sh' status=SUCCESS
2026-08-05T13:02:34Z user=nora.singh host=SQ-LT-03 event=IDLE_CHECK session=2c406019fd status=SUCCESS
2026-08-05T13:02:41Z user=nora.singh host=SQ-LT-03 event=ANTIVIRUS_SCAN session=2c406019fd engine=defender mode=quick status=SUCCESS
2026-08-05T13:07:59Z user=nora.singh host=SQ-LT-03 event=NETWORK_CONNECT session=2c406019fd process=npm destination=packages.silverquill.internal dest_ip=10.18.2.7 dest_port=443 protocol=tcp status=SUCCESS
2026-08-05T13:09:07Z user=nora.singh host=SQ-LT-03 event=IDLE_CHECK session=2c406019fd status=SUCCESS
2026-08-05T13:11:46Z user=nora.singh host=SQ-LT-03 event=FILE_WRITE session=2c406019fd path='~/src/deploy-scripts/src/config.ts' process=code status=SUCCESS
2026-08-05T13:14:58Z user=nora.singh host=SQ-LT-03 event=USB_UNMOUNT session=2c406019fd device=YubiKey-5C-NFC status=SUCCESS
2026-08-05T13:15:33Z user=nora.singh host=SQ-LT-03 event=FILE_SYNC session=2c406019fd target=settings-roam status=SUCCESS
2026-08-05T13:16:36Z user=nora.singh host=SQ-LT-03 event=IDLE_CHECK session=2c406019fd status=SUCCESS
2026-08-05T13:22:47Z user=nora.singh host=SQ-LT-03 event=PROCESS_START session=2c406019fd pid=26592 process=chrome executable=/opt/google/chrome/chrome cwd='~/src/quill-admin' status=SUCCESS
2026-08-05T13:23:15Z user=nora.singh host=SQ-LT-03 event=PROCESS_START session=2c406019fd pid=4953 process=npm executable=/usr/bin/npm cwd='~/src/platform-tools' command='npm run lint' status=SUCCESS
2026-08-05T13:25:05Z user=nora.singh host=SQ-LT-03 event=EDR_HEALTH session=2c406019fd sensor=healthy status=SUCCESS
2026-08-05T13:27:13Z user=nora.singh host=SQ-LT-03 event=PROCESS_START session=2c406019fd pid=55444 process=slack executable=/usr/bin/slack cwd='~/src/quill-api' status=SUCCESS
2026-08-05T13:30:58Z user=nora.singh host=SQ-LT-03 event=PRINT_JOB session=2c406019fd printer=sq-floor3-mfp pages=4 status=SUCCESS
2026-08-05T13:37:13Z user=nora.singh host=SQ-LT-03 event=PROCESS_START session=2c406019fd pid=24002 process=code executable=/usr/share/code/code cwd='~/src/observability' status=SUCCESS
2026-08-05T13:38:50Z user=nora.singh host=SQ-LT-03 event=EDR_HEALTH session=2c406019fd sensor=healthy status=SUCCESS
2026-08-05T13:39:29Z user=nora.singh host=SQ-LT-03 event=PROCESS_START session=2c406019fd pid=58255 process=npm executable=/usr/bin/npm cwd='~/src/deploy-scripts' command='npm test' status=SUCCESS
2026-08-05T13:41:21Z user=nora.singh host=SQ-LT-03 event=FILE_SYNC session=2c406019fd target=corp-drive status=SUCCESS
2026-08-05T13:44:39Z user=nora.singh host=SQ-LT-03 event=NETWORK_CONNECT session=2c406019fd process=python3 destination=grafana.silverquill.internal dest_ip=10.18.4.18 dest_port=443 protocol=tcp status=SUCCESS
2026-08-05T13:45:25Z user=nora.singh host=SQ-LT-03 event=PROCESS_START session=2c406019fd pid=49450 process=python3 executable=/usr/bin/python3 cwd='~/src/deploy-scripts' command='python3 scripts/report_health.py' status=SUCCESS
2026-08-05T13:49:16Z user=nora.singh host=SQ-LT-03 event=NETWORK_CONNECT session=2c406019fd process=python3 destination=sso.silverquill.internal dest_ip=10.18.7.11 dest_port=443 protocol=tcp status=SUCCESS
2026-08-05T13:49:18Z user=nora.singh host=SQ-LT-03 event=POLICY_REFRESH session=2c406019fd policy=endpoint-standard-v6 status=SUCCESS
2026-08-05T13:52:58Z user=nora.singh host=SQ-LT-03 event=EDR_HEALTH session=2c406019fd sensor=healthy status=SUCCESS
2026-08-05T13:54:07Z user=nora.singh host=SQ-LT-03 event=FILE_SYNC session=2c406019fd target=corp-drive status=SUCCESS
2026-08-05T13:56:03Z user=nora.singh host=SQ-LT-03 event=ANTIVIRUS_SCAN session=2c406019fd engine=defender mode=realtime status=SUCCESS
2026-08-05T14:08:49Z user=nora.singh host=SQ-LT-03 event=IDLE_CHECK session=2c406019fd status=SUCCESS
2026-08-05T14:11:31Z user=nora.singh host=SQ-LT-03 event=EDR_HEALTH session=2c406019fd sensor=healthy status=SUCCESS
2026-08-05T14:13:59Z user=nora.singh host=SQ-LT-03 event=PROCESS_START session=2c406019fd pid=59502 process=bash executable=/usr/bin/bash cwd='~' command='bash scripts/check-env.sh' status=SUCCESS
2026-08-05T14:15:51Z user=nora.singh host=SQ-LT-03 event=FILE_OPEN session=2c406019fd path='~/src/platform-tools/scripts/check-config.js' process=python3 status=SUCCESS
2026-08-05T14:17:55Z user=nora.singh host=SQ-LT-03 event=FILE_OPEN session=2c406019fd path='~/src/quill-admin/scripts/check-config.js' process=npm status=SUCCESS
2026-08-05T14:18:29Z user=nora.singh host=SQ-LT-03 event=PROCESS_START session=2c406019fd pid=59609 process=bash executable=/usr/bin/bash cwd='~/src/quill-api' command='bash scripts/run-local.sh' status=SUCCESS
2026-08-05T14:18:31Z user=nora.singh host=SQ-LT-03 event=ANTIVIRUS_SCAN session=2c406019fd engine=defender mode=quick status=SUCCESS
2026-08-05T14:19:32Z user=nora.singh host=SQ-LT-03 event=FILE_OPEN session=2c406019fd path='~/src/deploy-scripts/src/config.ts' process=python3 status=SUCCESS
2026-08-05T14:19:34Z user=nora.singh host=SQ-LT-03 event=PROCESS_START session=2c406019fd pid=42559 process=bash executable=/usr/bin/bash cwd='~/Downloads' command='bash scripts/run-local.sh' status=SUCCESS
2026-08-05T14:27:43Z user=nora.singh host=SQ-LT-03 event=USB_MOUNT session=2c406019fd device=Logitech-Receiver status=SUCCESS
2026-08-05T14:28:08Z user=nora.singh host=SQ-LT-03 event=PROCESS_START session=2c406019fd pid=63749 process=chrome executable=/opt/google/chrome/chrome cwd='~/Downloads' status=SUCCESS
2026-08-05T14:30:35Z user=nora.singh host=SQ-LT-03 event=TIME_SYNC session=2c406019fd source=ntp.silverquill.internal status=SUCCESS
2026-08-05T14:31:27Z user=nora.singh host=SQ-LT-03 event=PROCESS_START session=2c406019fd pid=38770 process=code executable=/usr/share/code/code cwd='~/src/platform-tools' status=SUCCESS
2026-08-05T14:31:35Z user=nora.singh host=SQ-LT-03 event=PROCESS_START session=2c406019fd pid=53477 process=python3 executable=/usr/bin/python3 cwd='~/src/observability' command='python3 scripts/report_health.py' status=SUCCESS
2026-08-05T14:32:35Z user=nora.singh host=SQ-LT-03 event=FILE_WRITE session=2c406019fd path='~/src/quill-api/.github/workflows/ci.yml' process=node status=SUCCESS
2026-08-05T14:36:40Z user=nora.singh host=SQ-LT-03 event=IDLE_CHECK session=2c406019fd status=SUCCESS
2026-08-05T14:43:05Z user=nora.singh host=SQ-LT-03 event=PROCESS_START session=2c406019fd pid=46072 process=slack executable=/usr/bin/slack cwd='~/Downloads' status=SUCCESS
2026-08-05T14:45:07Z user=nora.singh host=SQ-LT-03 event=POLICY_REFRESH session=2c406019fd policy=endpoint-standard-v6 status=SUCCESS
2026-08-05T14:46:24Z user=nora.singh host=SQ-LT-03 event=IDLE_CHECK session=2c406019fd status=SUCCESS
2026-08-05T14:47:37Z user=nora.singh host=SQ-LT-03 event=POLICY_REFRESH session=2c406019fd policy=endpoint-standard-v6 status=SUCCESS
2026-08-05T14:52:04Z user=nora.singh host=SQ-LT-03 event=NETWORK_CONNECT session=2c406019fd process=node destination=packages.silverquill.internal dest_ip=10.18.2.7 dest_port=443 protocol=tcp status=SUCCESS
2026-08-05T14:57:28Z user=nora.singh host=SQ-LT-03 event=PROCESS_START session=2c406019fd pid=42276 process=python3 executable=/usr/bin/python3 cwd='~/src/deploy-scripts' command='python3 scripts/report_health.py' status=SUCCESS
2026-08-05T15:01:39Z user=nora.singh host=SQ-LT-03 event=FILE_SYNC session=2c406019fd target=settings-roam status=SUCCESS
2026-08-05T15:05:11Z user=nora.singh host=SQ-LT-03 event=PROCESS_START session=2c406019fd pid=57423 process=bash executable=/usr/bin/bash cwd='~/src/quill-api' command='bash scripts/check-env.sh' status=SUCCESS
2026-08-05T15:05:47Z user=nora.singh host=SQ-LT-03 event=NETWORK_CONNECT session=2c406019fd process=code destination=registry.silverquill.internal dest_ip=10.18.3.12 dest_port=443 protocol=tcp status=SUCCESS
2026-08-05T15:08:17Z user=nora.singh host=SQ-LT-03 event=TIME_SYNC session=2c406019fd source=ntp.silverquill.internal status=SUCCESS
2026-08-05T15:09:40Z user=nora.singh host=SQ-LT-03 event=FILE_WRITE session=2c406019fd path='~/src/observability/src/services/deploy.ts' process=npm status=SUCCESS
2026-08-05T15:12:58Z user=nora.singh host=SQ-LT-03 event=POLICY_REFRESH session=2c406019fd policy=endpoint-standard-v6 status=SUCCESS
2026-08-05T15:18:08Z user=nora.singh host=SQ-LT-03 event=NETWORK_CONNECT session=2c406019fd process=code destination=jira.silverquill.internal dest_ip=10.18.1.21 dest_port=443 protocol=tcp status=SUCCESS
2026-08-05T15:20:06Z user=nora.singh host=SQ-LT-03 event=PROCESS_START session=2c406019fd pid=27934 process=node executable=/usr/bin/node cwd='~/src/platform-tools' command='node ./scripts/check-config.js' status=SUCCESS
2026-08-05T15:20:11Z user=nora.singh host=SQ-LT-03 event=POLICY_REFRESH session=2c406019fd policy=endpoint-standard-v6 status=SUCCESS
2026-08-05T15:20:39Z user=nora.singh host=SQ-LT-03 event=HEARTBEAT session=2c406019fd agent=edr-7.4.2 status=SUCCESS
2026-08-05T15:21:20Z user=nora.singh host=SQ-LT-03 event=EDR_HEALTH session=2c406019fd sensor=healthy status=SUCCESS
2026-08-05T15:23:00Z user=nora.singh host=SQ-LT-03 event=NETWORK_CONNECT session=2c406019fd process=python3 destination=jira.silverquill.internal dest_ip=10.18.1.21 dest_port=443 protocol=tcp status=SUCCESS
2026-08-05T15:25:24Z user=nora.singh host=SQ-LT-03 event=EDR_HEALTH session=2c406019fd sensor=healthy status=SUCCESS
2026-08-05T15:25:53Z user=nora.singh host=SQ-LT-03 event=PROCESS_START session=2c406019fd pid=24568 process=slack executable=/usr/bin/slack cwd='~/src/quill-api' status=SUCCESS
2026-08-05T15:26:05Z user=nora.singh host=SQ-LT-03 event=FILE_WRITE session=2c406019fd path='~/src/observability/src/routes/status.ts' process=node status=SUCCESS
2026-08-05T15:27:49Z user=nora.singh host=SQ-LT-03 event=ANTIVIRUS_SCAN session=2c406019fd engine=defender mode=realtime status=SUCCESS
2026-08-05T15:34:28Z user=nora.singh host=SQ-LT-03 event=TIME_SYNC session=2c406019fd source=ntp.silverquill.internal status=SUCCESS
2026-08-05T15:37:37Z user=nora.singh host=SQ-LT-03 event=PACKAGE_UPDATE session=2c406019fd package=python3 status=SUCCESS
2026-08-05T15:40:49Z user=nora.singh host=SQ-LT-03 event=FILE_OPEN session=2c406019fd path='~/src/platform-tools/scripts/check-config.js' process=python3 status=SUCCESS
2026-08-05T15:54:05Z user=nora.singh host=SQ-LT-03 event=POLICY_REFRESH session=2c406019fd policy=endpoint-standard-v6 status=SUCCESS
2026-08-05T15:56:40Z user=nora.singh host=SQ-LT-03 event=PROCESS_START session=2c406019fd pid=46354 process=code executable=/usr/share/code/code cwd='~' status=SUCCESS
2026-08-05T15:57:06Z user=nora.singh host=SQ-LT-03 event=FILE_OPEN session=2c406019fd path='~/src/observability/src/config.ts' process=python3 status=SUCCESS
2026-08-05T15:57:31Z user=nora.singh host=SQ-LT-03 event=FILE_OPEN session=2c406019fd path='~/src/platform-tools/src/config.ts' process=code status=SUCCESS
2026-08-05T15:58:06Z user=nora.singh host=SQ-LT-03 event=POLICY_REFRESH session=2c406019fd policy=endpoint-standard-v6 status=SUCCESS
2026-08-05T16:10:07Z user=nora.singh host=SQ-LT-03 event=POLICY_REFRESH session=2c406019fd policy=endpoint-standard-v6 status=SUCCESS
2026-08-05T16:11:40Z user=nora.singh host=SQ-LT-03 event=USB_MOUNT session=2c406019fd device=YubiKey-5C-NFC status=SUCCESS
2026-08-05T16:15:04Z user=nora.singh host=SQ-LT-03 event=PROCESS_START session=2c406019fd pid=17251 process=slack executable=/usr/bin/slack cwd='~/src/quill-api' status=SUCCESS
2026-08-05T16:15:58Z user=nora.singh host=SQ-LT-03 event=PROCESS_START session=2c406019fd pid=14326 process=code executable=/usr/share/code/code cwd='~' status=SUCCESS
2026-08-05T16:17:32Z user=nora.singh host=SQ-LT-03 event=PROCESS_START session=2c406019fd pid=7805 process=bash executable=/usr/bin/bash cwd='~/src/deploy-scripts' command='bash scripts/test-health.sh' status=SUCCESS
2026-08-05T16:20:54Z user=nora.singh host=SQ-LT-03 event=PROCESS_START session=2c406019fd pid=15885 process=npm executable=/usr/bin/npm cwd='~' command='npm run build' status=SUCCESS
2026-08-05T16:22:16Z user=nora.singh host=SQ-LT-03 event=TIME_SYNC session=2c406019fd source=ntp.silverquill.internal status=SUCCESS
2026-08-05T16:22:17Z user=nora.singh host=SQ-LT-03 event=NETWORK_CONNECT session=2c406019fd process=npm destination=grafana.silverquill.internal dest_ip=10.18.4.18 dest_port=443 protocol=tcp status=SUCCESS
2026-08-05T16:22:30Z user=nora.singh host=SQ-LT-03 event=PROCESS_START session=2c406019fd pid=15480 process=python3 executable=/usr/bin/python3 cwd='~' command='python3 scripts/audit_config.py' status=SUCCESS
2026-08-05T16:24:39Z user=nora.singh host=SQ-LT-03 event=FILE_SYNC session=2c406019fd target=corp-drive status=SUCCESS
2026-08-05T16:25:47Z user=nora.singh host=SQ-LT-03 event=PROCESS_START session=2c406019fd pid=43350 process=code executable=/usr/share/code/code cwd='~' status=SUCCESS
2026-08-05T16:26:33Z user=nora.singh host=SQ-LT-03 event=PROCESS_START session=2c406019fd pid=27344 process=chrome executable=/opt/google/chrome/chrome cwd='~/src/observability' status=SUCCESS
2026-08-05T16:29:47Z user=nora.singh host=SQ-LT-03 event=POLICY_REFRESH session=2c406019fd policy=endpoint-standard-v6 status=SUCCESS
2026-08-05T16:30:59Z user=nora.singh host=SQ-LT-03 event=HEARTBEAT session=2c406019fd agent=edr-7.4.2 status=SUCCESS
2026-08-05T16:32:58Z user=nora.singh host=SQ-LT-03 event=FILE_OPEN session=2c406019fd path='~/src/deploy-scripts/src/services/deploy.ts' process=npm status=SUCCESS
2026-08-05T16:36:14Z user=nora.singh host=SQ-LT-03 event=EDR_HEALTH session=2c406019fd sensor=healthy status=SUCCESS
2026-08-05T16:37:55Z user=nora.singh host=SQ-LT-03 event=NETWORK_CONNECT session=2c406019fd process=chrome destination=jira.silverquill.internal dest_ip=10.18.1.21 dest_port=443 protocol=tcp status=SUCCESS
2026-08-05T16:40:04Z user=nora.singh host=SQ-LT-03 event=NETWORK_CONNECT session=2c406019fd process=node destination=sso.silverquill.internal dest_ip=10.18.7.11 dest_port=443 protocol=tcp status=SUCCESS
2026-08-05T16:41:21Z user=nora.singh host=SQ-LT-03 event=PROCESS_START session=2c406019fd pid=50774 process=npm executable=/usr/bin/npm cwd='~/src/deploy-scripts' command='npm ci' status=SUCCESS
2026-08-05T16:44:48Z user=nora.singh host=SQ-LT-03 event=USB_UNMOUNT session=2c406019fd device=Logitech-Receiver status=SUCCESS
2026-08-05T16:45:04Z user=nora.singh host=SQ-LT-03 event=VPN_DISCONNECT session=2c406019fd profile=corp-vpn status=SUCCESS
2026-08-05T16:48:25Z user=nora.singh host=SQ-LT-03 event=LOGOUT session=2c406019fd status=SUCCESS
2026-08-05T16:50:49Z host=SQ-LT-03 event=POWER_OFF login=none status=SUCCESS
2026-08-06T08:30:41Z host=SQ-LT-03 event=SYSTEM_BOOT boot_id=6521352295 status=SUCCESS
2026-08-06T08:32:17Z user=nora.singh host=SQ-LT-03 event=LOGIN session=23ca52da08 method=password+fido2 status=SUCCESS
2026-08-06T08:36:11Z user=nora.singh host=SQ-LT-03 event=VPN_CONNECT session=23ca52da08 profile=corp-vpn gateway=vpn-blr-02 status=SUCCESS
2026-08-06T08:36:12Z user=nora.singh host=SQ-LT-03 event=FILE_WRITE session=23ca52da08 path='~/src/deploy-scripts/README.md' process=node status=SUCCESS
2026-08-06T08:37:42Z user=nora.singh host=SQ-LT-03 event=PROCESS_START session=23ca52da08 pid=40501 process=slack executable=/usr/bin/slack cwd='~/src/quill-api' status=SUCCESS
2026-08-06T08:40:44Z user=nora.singh host=SQ-LT-03 event=NETWORK_CONNECT session=23ca52da08 process=python3 destination=sso.silverquill.internal dest_ip=10.18.7.11 dest_port=443 protocol=tcp status=SUCCESS
2026-08-06T08:45:35Z user=nora.singh host=SQ-LT-03 event=PROCESS_START session=23ca52da08 pid=39370 process=node executable=/usr/bin/node cwd='~/Downloads' command='node ./scripts/validate-schema.js' status=SUCCESS
2026-08-06T08:50:34Z user=nora.singh host=SQ-LT-03 event=NETWORK_CONNECT session=23ca52da08 process=node destination=registry.silverquill.internal dest_ip=10.18.3.12 dest_port=443 protocol=tcp status=SUCCESS
2026-08-06T08:52:09Z user=nora.singh host=SQ-LT-03 event=POLICY_REFRESH session=23ca52da08 policy=endpoint-standard-v6 status=SUCCESS
2026-08-06T08:53:04Z user=nora.singh host=SQ-LT-03 event=HEARTBEAT session=23ca52da08 agent=edr-7.4.2 status=SUCCESS
2026-08-06T08:53:08Z user=nora.singh host=SQ-LT-03 event=PROCESS_START session=23ca52da08 pid=39188 process=chrome executable=/opt/google/chrome/chrome cwd='~/src/platform-tools' status=SUCCESS
2026-08-06T08:54:31Z user=nora.singh host=SQ-LT-03 event=PROCESS_START session=23ca52da08 pid=20879 process=slack executable=/usr/bin/slack cwd='~/src/observability' status=SUCCESS
2026-08-06T08:54:58Z user=nora.singh host=SQ-LT-03 event=FILE_SYNC session=23ca52da08 target=settings-roam status=SUCCESS
2026-08-06T08:56:51Z user=nora.singh host=SQ-LT-03 event=NETWORK_CONNECT session=23ca52da08 process=python3 destination=packages.silverquill.internal dest_ip=10.18.2.7 dest_port=443 protocol=tcp status=SUCCESS
2026-08-06T08:58:24Z user=nora.singh host=SQ-LT-03 event=FILE_OPEN session=23ca52da08 path='~/src/platform-tools/package-lock.json' process=node status=SUCCESS
2026-08-06T09:00:14Z user=nora.singh host=SQ-LT-03 event=NETWORK_CONNECT session=23ca52da08 process=npm destination=registry.silverquill.internal dest_ip=10.18.3.12 dest_port=443 protocol=tcp status=SUCCESS
2026-08-06T09:07:13Z user=nora.singh host=SQ-LT-03 event=FILE_SYNC session=23ca52da08 target=settings-roam status=SUCCESS
2026-08-06T09:10:55Z user=nora.singh host=SQ-LT-03 event=PROCESS_START session=23ca52da08 pid=54390 process=npm executable=/usr/bin/npm cwd='~/Downloads' command='npm ci' status=SUCCESS
2026-08-06T09:14:33Z user=nora.singh host=SQ-LT-03 event=ANTIVIRUS_SCAN session=23ca52da08 engine=defender mode=realtime status=SUCCESS
2026-08-06T09:19:24Z user=nora.singh host=SQ-LT-03 event=ANTIVIRUS_SCAN session=23ca52da08 engine=defender mode=realtime status=SUCCESS
2026-08-06T09:20:40Z user=nora.singh host=SQ-LT-03 event=FILE_SYNC session=23ca52da08 target=corp-drive status=SUCCESS
2026-08-06T09:28:23Z user=nora.singh host=SQ-LT-03 event=SCREEN_LOCK session=23ca52da08 status=SUCCESS
2026-08-06T09:28:38Z user=nora.singh host=SQ-LT-03 event=ANTIVIRUS_SCAN session=23ca52da08 engine=defender mode=realtime status=SUCCESS
2026-08-06T09:30:23Z user=nora.singh host=SQ-LT-03 event=PROCESS_START session=23ca52da08 pid=56401 process=chrome executable=/opt/google/chrome/chrome cwd='~/src/platform-tools' status=SUCCESS
2026-08-06T09:32:11Z user=nora.singh host=SQ-LT-03 event=IDLE_CHECK session=23ca52da08 status=SUCCESS
2026-08-06T09:32:21Z user=nora.singh host=SQ-LT-03 event=PACKAGE_UPDATE session=23ca52da08 package=chrome status=SUCCESS
2026-08-06T09:36:57Z user=nora.singh host=SQ-LT-03 event=FILE_WRITE session=23ca52da08 path='~/src/quill-api/scripts/check-config.js' process=python3 status=SUCCESS
2026-08-06T09:38:40Z user=nora.singh host=SQ-LT-03 event=SCREEN_UNLOCK session=23ca52da08 method=fido2 status=SUCCESS
2026-08-06T09:39:22Z user=nora.singh host=SQ-LT-03 event=NETWORK_CONNECT session=23ca52da08 process=python3 destination=ci.silverquill.internal dest_ip=10.18.5.9 dest_port=443 protocol=tcp status=SUCCESS
2026-08-06T09:40:50Z user=nora.singh host=SQ-LT-03 event=ANTIVIRUS_SCAN session=23ca52da08 engine=defender mode=realtime status=SUCCESS
2026-08-06T09:41:45Z user=nora.singh host=SQ-LT-03 event=USB_MOUNT session=23ca52da08 device=YubiKey-5C-NFC status=SUCCESS
2026-08-06T09:43:23Z user=nora.singh host=SQ-LT-03 event=PRINT_JOB session=23ca52da08 printer=sq-floor3-mfp pages=6 status=SUCCESS
2026-08-06T09:43:59Z user=nora.singh host=SQ-LT-03 event=IDLE_CHECK session=23ca52da08 status=SUCCESS
2026-08-06T09:45:24Z user=nora.singh host=SQ-LT-03 event=ANTIVIRUS_SCAN session=23ca52da08 engine=defender mode=quick status=SUCCESS
2026-08-06T09:50:06Z user=nora.singh host=SQ-LT-03 event=NETWORK_CONNECT session=23ca52da08 process=npm destination=docs.silverquill.internal dest_ip=10.18.6.14 dest_port=443 protocol=tcp status=SUCCESS
2026-08-06T09:52:35Z user=nora.singh host=SQ-LT-03 event=PROCESS_START session=23ca52da08 pid=37227 process=npm executable=/usr/bin/npm cwd='~/src/platform-tools' command='npm audit --omit=dev' status=SUCCESS
2026-08-06T09:54:13Z user=nora.singh host=SQ-LT-03 event=PROCESS_START session=23ca52da08 pid=20869 process=python3 executable=/usr/bin/python3 cwd='~' command='python3 scripts/check_release.py' status=SUCCESS
2026-08-06T09:58:12Z user=nora.singh host=SQ-LT-03 event=FILE_OPEN session=23ca52da08 path='~/src/quill-admin/src/services/metrics.ts' process=npm status=SUCCESS
2026-08-06T09:58:17Z user=nora.singh host=SQ-LT-03 event=PROCESS_START session=23ca52da08 pid=61255 process=bash executable=/usr/bin/bash cwd='~/src/deploy-scripts' command='bash scripts/test-health.sh' status=SUCCESS
2026-08-06T09:59:54Z user=nora.singh host=SQ-LT-03 event=NETWORK_CONNECT session=23ca52da08 process=npm destination=registry.silverquill.internal dest_ip=10.18.3.12 dest_port=443 protocol=tcp status=SUCCESS
2026-08-06T10:02:21Z user=nora.singh host=SQ-LT-03 event=IDLE_CHECK session=23ca52da08 status=SUCCESS
2026-08-06T10:02:36Z user=nora.singh host=SQ-LT-03 event=POLICY_REFRESH session=23ca52da08 policy=endpoint-standard-v6 status=SUCCESS
2026-08-06T10:08:12Z user=nora.singh host=SQ-LT-03 event=POLICY_REFRESH session=23ca52da08 policy=endpoint-standard-v6 status=SUCCESS
2026-08-06T10:09:25Z user=nora.singh host=SQ-LT-03 event=PROCESS_START session=23ca52da08 pid=42562 process=code executable=/usr/share/code/code cwd='~' status=SUCCESS
2026-08-06T10:15:46Z user=nora.singh host=SQ-LT-03 event=POLICY_REFRESH session=23ca52da08 policy=endpoint-standard-v6 status=SUCCESS
2026-08-06T10:20:00Z user=nora.singh host=SQ-LT-03 event=PROCESS_START session=23ca52da08 pid=10566 process=bash executable=/usr/bin/bash cwd='~/src/quill-admin' command='bash scripts/run-local.sh' status=SUCCESS
2026-08-06T10:26:37Z user=nora.singh host=SQ-LT-03 event=SCREEN_LOCK session=23ca52da08 status=SUCCESS
2026-08-06T10:31:17Z user=nora.singh host=SQ-LT-03 event=PROCESS_START session=23ca52da08 pid=48009 process=python3 executable=/usr/bin/python3 cwd='~' command='python3 scripts/report_health.py' status=SUCCESS
2026-08-06T10:31:18Z user=nora.singh host=SQ-LT-03 event=FILE_WRITE session=23ca52da08 path='~/src/quill-api/src/config.ts' process=npm status=SUCCESS
2026-08-06T10:33:02Z user=nora.singh host=SQ-LT-03 event=NETWORK_CONNECT session=23ca52da08 process=node destination=ci.silverquill.internal dest_ip=10.18.5.9 dest_port=443 protocol=tcp status=SUCCESS
2026-08-06T10:36:29Z user=nora.singh host=SQ-LT-03 event=EDR_HEALTH session=23ca52da08 sensor=healthy status=SUCCESS
2026-08-06T10:41:06Z user=nora.singh host=SQ-LT-03 event=EDR_HEALTH session=23ca52da08 sensor=healthy status=SUCCESS
2026-08-06T10:48:47Z user=nora.singh host=SQ-LT-03 event=SCREEN_UNLOCK session=23ca52da08 method=fido2 status=SUCCESS
2026-08-06T10:52:17Z user=nora.singh host=SQ-LT-03 event=POLICY_REFRESH session=23ca52da08 policy=endpoint-standard-v6 status=SUCCESS
2026-08-06T10:53:38Z user=nora.singh host=SQ-LT-03 event=TIME_SYNC session=23ca52da08 source=ntp.silverquill.internal status=SUCCESS
2026-08-06T10:58:06Z user=nora.singh host=SQ-LT-03 event=HEARTBEAT session=23ca52da08 agent=edr-7.4.2 status=SUCCESS
2026-08-06T11:05:57Z user=nora.singh host=SQ-LT-03 event=PROCESS_START session=23ca52da08 pid=13267 process=npm executable=/usr/bin/npm cwd='~/src/observability' command='npm run build' status=SUCCESS
2026-08-06T11:09:43Z user=nora.singh host=SQ-LT-03 event=PROCESS_START session=23ca52da08 pid=29520 process=code executable=/usr/share/code/code cwd='~/src/observability' status=SUCCESS
2026-08-06T11:10:37Z user=nora.singh host=SQ-LT-03 event=NETWORK_CONNECT session=23ca52da08 process=code destination=sso.silverquill.internal dest_ip=10.18.7.11 dest_port=443 protocol=tcp status=SUCCESS
2026-08-06T11:16:12Z user=nora.singh host=SQ-LT-03 event=FILE_WRITE session=23ca52da08 path='~/src/quill-admin/README.md' process=npm status=SUCCESS
2026-08-06T11:24:16Z user=nora.singh host=SQ-LT-03 event=EDR_HEALTH session=23ca52da08 sensor=healthy status=SUCCESS
2026-08-06T11:25:34Z user=nora.singh host=SQ-LT-03 event=NETWORK_CONNECT session=23ca52da08 process=npm destination=jira.silverquill.internal dest_ip=10.18.1.21 dest_port=443 protocol=tcp status=SUCCESS
2026-08-06T11:29:54Z user=nora.singh host=SQ-LT-03 event=PROCESS_START session=23ca52da08 pid=55162 process=bash executable=/usr/bin/bash cwd='~/src/quill-api' command='bash scripts/run-local.sh' status=SUCCESS
2026-08-06T11:39:46Z user=nora.singh host=SQ-LT-03 event=NETWORK_CONNECT session=23ca52da08 process=npm destination=grafana.silverquill.internal dest_ip=10.18.4.18 dest_port=443 protocol=tcp status=SUCCESS
2026-08-06T11:40:51Z user=nora.singh host=SQ-LT-03 event=ANTIVIRUS_SCAN session=23ca52da08 engine=defender mode=quick status=SUCCESS
2026-08-06T11:41:10Z user=nora.singh host=SQ-LT-03 event=FILE_SYNC session=23ca52da08 target=settings-roam status=SUCCESS
2026-08-06T11:41:12Z user=nora.singh host=SQ-LT-03 event=NETWORK_CONNECT session=23ca52da08 process=python3 destination=grafana.silverquill.internal dest_ip=10.18.4.18 dest_port=443 protocol=tcp status=SUCCESS
2026-08-06T11:46:22Z user=nora.singh host=SQ-LT-03 event=PROCESS_START session=23ca52da08 pid=62700 process=code executable=/usr/share/code/code cwd='~/src/quill-api' status=SUCCESS
2026-08-06T11:46:37Z user=nora.singh host=SQ-LT-03 event=NETWORK_CONNECT session=23ca52da08 process=code destination=grafana.silverquill.internal dest_ip=10.18.4.18 dest_port=443 protocol=tcp status=SUCCESS
2026-08-06T11:49:27Z user=nora.singh host=SQ-LT-03 event=HEARTBEAT session=23ca52da08 agent=edr-7.4.2 status=SUCCESS
2026-08-06T11:52:43Z user=nora.singh host=SQ-LT-03 event=PROCESS_START session=23ca52da08 pid=14721 process=chrome executable=/opt/google/chrome/chrome cwd='~' status=SUCCESS
2026-08-06T11:52:51Z user=nora.singh host=SQ-LT-03 event=NETWORK_CONNECT session=23ca52da08 process=python3 destination=packages.silverquill.internal dest_ip=10.18.2.7 dest_port=443 protocol=tcp status=SUCCESS
2026-08-06T11:53:49Z user=nora.singh host=SQ-LT-03 event=PROCESS_START session=23ca52da08 pid=45001 process=bash executable=/usr/bin/bash cwd='~/src/observability' command='bash scripts/test-health.sh' status=SUCCESS
2026-08-06T11:55:28Z user=nora.singh host=SQ-LT-03 event=IDLE_CHECK session=23ca52da08 status=SUCCESS
2026-08-06T11:56:09Z user=nora.singh host=SQ-LT-03 event=PROCESS_START session=23ca52da08 pid=14392 process=bash executable=/usr/bin/bash cwd='~/src/quill-api' command='bash scripts/check-env.sh' status=SUCCESS
2026-08-06T11:57:04Z user=nora.singh host=SQ-LT-03 event=FILE_OPEN session=23ca52da08 path='~/src/quill-admin/.github/workflows/ci.yml' process=npm status=SUCCESS
2026-08-06T12:02:48Z user=nora.singh host=SQ-LT-03 event=NETWORK_CONNECT session=23ca52da08 process=npm destination=grafana.silverquill.internal dest_ip=10.18.4.18 dest_port=443 protocol=tcp status=SUCCESS
2026-08-06T12:06:05Z user=nora.singh host=SQ-LT-03 event=FILE_OPEN session=23ca52da08 path='~/src/deploy-scripts/README.md' process=code status=SUCCESS
2026-08-06T12:07:49Z user=nora.singh host=SQ-LT-03 event=TIME_SYNC session=23ca52da08 source=ntp.silverquill.internal status=SUCCESS
2026-08-06T12:08:18Z user=nora.singh host=SQ-LT-03 event=FILE_SYNC session=23ca52da08 target=corp-drive status=SUCCESS
2026-08-06T12:10:25Z user=nora.singh host=SQ-LT-03 event=HEARTBEAT session=23ca52da08 agent=edr-7.4.2 status=SUCCESS
2026-08-06T12:10:32Z user=nora.singh host=SQ-LT-03 event=TIME_SYNC session=23ca52da08 source=ntp.silverquill.internal status=SUCCESS
2026-08-06T12:13:59Z user=nora.singh host=SQ-LT-03 event=IDLE_CHECK session=23ca52da08 status=SUCCESS
2026-08-06T12:16:03Z user=nora.singh host=SQ-LT-03 event=IDLE_CHECK session=23ca52da08 status=SUCCESS
2026-08-06T12:26:39Z user=nora.singh host=SQ-LT-03 event=PROCESS_START session=23ca52da08 pid=49686 process=python3 executable=/usr/bin/python3 cwd='~/src/quill-api' command='python3 scripts/check_release.py' status=SUCCESS
2026-08-06T12:27:29Z user=nora.singh host=SQ-LT-03 event=PROCESS_START session=23ca52da08 pid=25168 process=npm executable=/usr/bin/npm cwd='~/src/platform-tools' command='npm audit --omit=dev' status=SUCCESS
2026-08-06T12:32:42Z user=nora.singh host=SQ-LT-03 event=ANTIVIRUS_SCAN session=23ca52da08 engine=defender mode=realtime status=SUCCESS
2026-08-06T12:37:24Z user=nora.singh host=SQ-LT-03 event=NETWORK_CONNECT session=23ca52da08 process=code destination=grafana.silverquill.internal dest_ip=10.18.4.18 dest_port=443 protocol=tcp status=SUCCESS
2026-08-06T12:41:47Z user=nora.singh host=SQ-LT-03 event=TIME_SYNC session=23ca52da08 source=ntp.silverquill.internal status=SUCCESS
2026-08-06T12:43:52Z user=nora.singh host=SQ-LT-03 event=NETWORK_CONNECT session=23ca52da08 process=node destination=grafana.silverquill.internal dest_ip=10.18.4.18 dest_port=443 protocol=tcp status=SUCCESS
2026-08-06T12:45:52Z user=nora.singh host=SQ-LT-03 event=FILE_WRITE session=23ca52da08 path='~/src/quill-api/package-lock.json' process=node status=SUCCESS
2026-08-06T12:48:21Z user=nora.singh host=SQ-LT-03 event=PROCESS_START session=23ca52da08 pid=50221 process=code executable=/usr/share/code/code cwd='~' status=SUCCESS
2026-08-06T12:50:24Z user=nora.singh host=SQ-LT-03 event=PROCESS_START session=23ca52da08 pid=41429 process=npm executable=/usr/bin/npm cwd='~/src/deploy-scripts' command='npm run build' status=SUCCESS
2026-08-06T12:51:51Z user=nora.singh host=SQ-LT-03 event=ANTIVIRUS_SCAN session=23ca52da08 engine=defender mode=realtime status=SUCCESS
2026-08-06T12:56:11Z user=nora.singh host=SQ-LT-03 event=TIME_SYNC session=23ca52da08 source=ntp.silverquill.internal status=SUCCESS
2026-08-06T13:00:50Z user=nora.singh host=SQ-LT-03 event=FILE_WRITE session=23ca52da08 path='~/src/deploy-scripts/src/routes/status.ts' process=code status=SUCCESS
2026-08-06T13:01:51Z user=nora.singh host=SQ-LT-03 event=POLICY_REFRESH session=23ca52da08 policy=endpoint-standard-v6 status=SUCCESS
2026-08-06T13:15:10Z user=nora.singh host=SQ-LT-03 event=FILE_WRITE session=23ca52da08 path='~/src/quill-api/src/services/deploy.ts' process=node status=SUCCESS
2026-08-06T13:17:54Z user=nora.singh host=SQ-LT-03 event=FILE_SYNC session=23ca52da08 target=settings-roam status=SUCCESS
2026-08-06T13:18:13Z user=nora.singh host=SQ-LT-03 event=PROCESS_START session=23ca52da08 pid=35992 process=bash executable=/usr/bin/bash cwd='~/src/quill-admin' command='bash scripts/test-health.sh' status=SUCCESS
2026-08-06T13:18:31Z user=nora.singh host=SQ-LT-03 event=ANTIVIRUS_SCAN session=23ca52da08 engine=defender mode=quick status=SUCCESS
2026-08-06T13:23:56Z user=nora.singh host=SQ-LT-03 event=TIME_SYNC session=23ca52da08 source=ntp.silverquill.internal status=SUCCESS
2026-08-06T13:24:10Z user=nora.singh host=SQ-LT-03 event=IDLE_CHECK session=23ca52da08 status=SUCCESS
2026-08-06T13:27:55Z user=nora.singh host=SQ-LT-03 event=EDR_HEALTH session=23ca52da08 sensor=healthy status=SUCCESS
2026-08-06T13:30:03Z user=nora.singh host=SQ-LT-03 event=ANTIVIRUS_SCAN session=23ca52da08 engine=defender mode=quick status=SUCCESS
2026-08-06T13:33:57Z user=nora.singh host=SQ-LT-03 event=ANTIVIRUS_SCAN session=23ca52da08 engine=defender mode=realtime status=SUCCESS
2026-08-06T13:34:15Z user=nora.singh host=SQ-LT-03 event=POLICY_REFRESH session=23ca52da08 policy=endpoint-standard-v6 status=SUCCESS
2026-08-06T13:45:41Z user=nora.singh host=SQ-LT-03 event=EDR_HEALTH session=23ca52da08 sensor=healthy status=SUCCESS
2026-08-06T13:47:28Z user=nora.singh host=SQ-LT-03 event=USB_MOUNT session=23ca52da08 device=Logitech-Receiver status=SUCCESS
2026-08-06T13:52:41Z user=nora.singh host=SQ-LT-03 event=EDR_HEALTH session=23ca52da08 sensor=healthy status=SUCCESS
2026-08-06T13:54:17Z user=nora.singh host=SQ-LT-03 event=HEARTBEAT session=23ca52da08 agent=edr-7.4.2 status=SUCCESS
2026-08-06T13:58:44Z user=nora.singh host=SQ-LT-03 event=PROCESS_START session=23ca52da08 pid=22444 process=npm executable=/usr/bin/npm cwd='~/src/platform-tools' command='npm test' status=SUCCESS
2026-08-06T14:00:54Z user=nora.singh host=SQ-LT-03 event=TIME_SYNC session=23ca52da08 source=ntp.silverquill.internal status=SUCCESS
2026-08-06T14:11:50Z user=nora.singh host=SQ-LT-03 event=PROCESS_START session=23ca52da08 pid=37362 process=bash executable=/usr/bin/bash cwd='~/src/platform-tools' command='bash scripts/check-env.sh' status=SUCCESS
2026-08-06T14:12:06Z user=nora.singh host=SQ-LT-03 event=FILE_SYNC session=23ca52da08 target=corp-drive status=SUCCESS
2026-08-06T14:12:48Z user=nora.singh host=SQ-LT-03 event=SCREEN_LOCK session=23ca52da08 status=SUCCESS
2026-08-06T14:13:40Z user=nora.singh host=SQ-LT-03 event=NETWORK_CONNECT session=23ca52da08 process=code destination=packages.silverquill.internal dest_ip=10.18.2.7 dest_port=443 protocol=tcp status=SUCCESS
2026-08-06T14:16:48Z user=nora.singh host=SQ-LT-03 event=FILE_SYNC session=23ca52da08 target=corp-drive status=SUCCESS
2026-08-06T14:23:26Z user=nora.singh host=SQ-LT-03 event=FILE_SYNC session=23ca52da08 target=corp-drive status=SUCCESS
2026-08-06T14:24:26Z user=nora.singh host=SQ-LT-03 event=EDR_HEALTH session=23ca52da08 sensor=healthy status=SUCCESS
2026-08-06T14:29:14Z user=nora.singh host=SQ-LT-03 event=ANTIVIRUS_SCAN session=23ca52da08 engine=defender mode=quick status=SUCCESS
2026-08-06T14:34:12Z user=nora.singh host=SQ-LT-03 event=FILE_OPEN session=23ca52da08 path='~/src/deploy-scripts/scripts/release.sh' process=node status=SUCCESS
2026-08-06T14:39:32Z user=nora.singh host=SQ-LT-03 event=PROCESS_START session=23ca52da08 pid=51078 process=slack executable=/usr/bin/slack cwd='~/src/quill-api' status=SUCCESS
2026-08-06T14:41:39Z user=nora.singh host=SQ-LT-03 event=PROCESS_START session=23ca52da08 pid=25957 process=node executable=/usr/bin/node cwd='~/src/quill-api' command='node ./scripts/validate-schema.js' status=SUCCESS
2026-08-06T14:42:54Z user=nora.singh host=SQ-LT-03 event=SCREEN_UNLOCK session=23ca52da08 method=fido2 status=SUCCESS
2026-08-06T14:45:36Z user=nora.singh host=SQ-LT-03 event=PACKAGE_UPDATE session=23ca52da08 package=chrome status=SUCCESS
2026-08-06T14:48:14Z user=nora.singh host=SQ-LT-03 event=EDR_HEALTH session=23ca52da08 sensor=healthy status=SUCCESS
2026-08-06T14:51:19Z user=nora.singh host=SQ-LT-03 event=EDR_HEALTH session=23ca52da08 sensor=healthy status=SUCCESS
2026-08-06T14:54:04Z user=nora.singh host=SQ-LT-03 event=FILE_WRITE session=23ca52da08 path='~/src/observability/scripts/release.sh' process=python3 status=SUCCESS
2026-08-06T14:56:00Z user=nora.singh host=SQ-LT-03 event=FILE_WRITE session=23ca52da08 path='~/src/deploy-scripts/package.json' process=npm status=SUCCESS
2026-08-06T15:00:52Z user=nora.singh host=SQ-LT-03 event=FILE_SYNC session=23ca52da08 target=corp-drive status=SUCCESS
2026-08-06T15:03:58Z user=nora.singh host=SQ-LT-03 event=FILE_OPEN session=23ca52da08 path='~/src/observability/scripts/release.sh' process=node status=SUCCESS
2026-08-06T15:10:08Z user=nora.singh host=SQ-LT-03 event=TIME_SYNC session=23ca52da08 source=ntp.silverquill.internal status=SUCCESS
2026-08-06T15:13:47Z user=nora.singh host=SQ-LT-03 event=PROCESS_START session=23ca52da08 pid=52167 process=npm executable=/usr/bin/npm cwd='~/src/deploy-scripts' command='npm run build' status=SUCCESS
2026-08-06T15:13:53Z user=nora.singh host=SQ-LT-03 event=PROCESS_START session=23ca52da08 pid=21542 process=slack executable=/usr/bin/slack cwd='~/src/platform-tools' status=SUCCESS
2026-08-06T15:14:47Z user=nora.singh host=SQ-LT-03 event=EDR_HEALTH session=23ca52da08 sensor=healthy status=SUCCESS
2026-08-06T15:14:55Z user=nora.singh host=SQ-LT-03 event=NETWORK_CONNECT session=23ca52da08 process=python3 destination=sso.silverquill.internal dest_ip=10.18.7.11 dest_port=443 protocol=tcp status=SUCCESS
2026-08-06T15:17:45Z user=nora.singh host=SQ-LT-03 event=HEARTBEAT session=23ca52da08 agent=edr-7.4.2 status=SUCCESS
2026-08-06T15:19:41Z user=nora.singh host=SQ-LT-03 event=SCREEN_LOCK session=23ca52da08 status=SUCCESS
2026-08-06T15:21:31Z user=nora.singh host=SQ-LT-03 event=EDR_HEALTH session=23ca52da08 sensor=healthy status=SUCCESS
2026-08-06T15:23:02Z user=nora.singh host=SQ-LT-03 event=PROCESS_START session=23ca52da08 pid=49272 process=npm executable=/usr/bin/npm cwd='~' command='npm run lint' status=SUCCESS
2026-08-06T15:24:01Z user=nora.singh host=SQ-LT-03 event=USB_MOUNT session=23ca52da08 device=Logitech-Receiver status=SUCCESS
2026-08-06T15:26:20Z user=nora.singh host=SQ-LT-03 event=PRINT_JOB session=23ca52da08 printer=sq-floor3-mfp pages=9 status=SUCCESS
2026-08-06T15:31:30Z user=nora.singh host=SQ-LT-03 event=FILE_OPEN session=23ca52da08 path='~/src/deploy-scripts/src/routes/health.ts' process=npm status=SUCCESS
2026-08-06T15:33:05Z user=nora.singh host=SQ-LT-03 event=PROCESS_START session=23ca52da08 pid=43148 process=npm executable=/usr/bin/npm cwd='~/src/observability' command='npm ci' status=SUCCESS
2026-08-06T15:35:02Z user=nora.singh host=SQ-LT-03 event=POLICY_REFRESH session=23ca52da08 policy=endpoint-standard-v6 status=SUCCESS
2026-08-06T15:40:29Z user=nora.singh host=SQ-LT-03 event=PROCESS_START session=23ca52da08 pid=51172 process=slack executable=/usr/bin/slack cwd='~/src/quill-api' status=SUCCESS
2026-08-06T15:41:55Z user=nora.singh host=SQ-LT-03 event=SCREEN_UNLOCK session=23ca52da08 method=fido2 status=SUCCESS
2026-08-06T15:44:24Z user=nora.singh host=SQ-LT-03 event=TIME_SYNC session=23ca52da08 source=ntp.silverquill.internal status=SUCCESS
2026-08-06T15:45:31Z user=nora.singh host=SQ-LT-03 event=NETWORK_CONNECT session=23ca52da08 process=npm destination=packages.silverquill.internal dest_ip=10.18.2.7 dest_port=443 protocol=tcp status=SUCCESS
2026-08-06T15:47:05Z user=nora.singh host=SQ-LT-03 event=FILE_SYNC session=23ca52da08 target=settings-roam status=SUCCESS
2026-08-06T15:47:31Z user=nora.singh host=SQ-LT-03 event=HEARTBEAT session=23ca52da08 agent=edr-7.4.2 status=SUCCESS
2026-08-06T15:49:08Z user=nora.singh host=SQ-LT-03 event=TIME_SYNC session=23ca52da08 source=ntp.silverquill.internal status=SUCCESS
2026-08-06T15:52:16Z user=nora.singh host=SQ-LT-03 event=NETWORK_CONNECT session=23ca52da08 process=npm destination=packages.silverquill.internal dest_ip=10.18.2.7 dest_port=443 protocol=tcp status=SUCCESS
2026-08-06T15:53:15Z user=nora.singh host=SQ-LT-03 event=HEARTBEAT session=23ca52da08 agent=edr-7.4.2 status=SUCCESS
2026-08-06T15:54:32Z user=nora.singh host=SQ-LT-03 event=PROCESS_START session=23ca52da08 pid=9576 process=slack executable=/usr/bin/slack cwd='~/src/observability' status=SUCCESS
2026-08-06T15:55:58Z user=nora.singh host=SQ-LT-03 event=HEARTBEAT session=23ca52da08 agent=edr-7.4.2 status=SUCCESS
2026-08-06T15:56:08Z user=nora.singh host=SQ-LT-03 event=NETWORK_CONNECT session=23ca52da08 process=code destination=grafana.silverquill.internal dest_ip=10.18.4.18 dest_port=443 protocol=tcp status=SUCCESS
2026-08-06T15:58:08Z user=nora.singh host=SQ-LT-03 event=POLICY_REFRESH session=23ca52da08 status=SUCCESS
2026-08-06T15:59:24Z user=nora.singh host=SQ-LT-03 event=EDR_HEALTH session=23ca52da08 sensor=healthy status=SUCCESS
2026-08-06T16:00:24Z user=nora.singh host=SQ-LT-03 event=PRINT_JOB session=23ca52da08 printer=sq-floor3-mfp pages=3 status=SUCCESS
2026-08-06T16:01:11Z user=nora.singh host=SQ-LT-03 event=EDR_HEALTH session=23ca52da08 sensor=healthy status=SUCCESS
2026-08-06T16:10:30Z user=nora.singh host=SQ-LT-03 event=PROCESS_START session=23ca52da08 pid=15319 process=slack executable=/usr/bin/slack cwd='~/Downloads' status=SUCCESS
2026-08-06T16:20:23Z user=nora.singh host=SQ-LT-03 event=POLICY_REFRESH session=23ca52da08 policy=endpoint-standard-v6 status=SUCCESS
2026-08-06T16:21:01Z user=nora.singh host=SQ-LT-03 event=TIME_SYNC session=23ca52da08 source=ntp.silverquill.internal status=SUCCESS
2026-08-06T16:22:18Z user=nora.singh host=SQ-LT-03 event=PROCESS_START session=23ca52da08 pid=21352 process=npm executable=/usr/bin/npm cwd='~/src/observability' command='npm audit --omit=dev' status=SUCCESS
2026-08-06T16:26:12Z user=nora.singh host=SQ-LT-03 event=ANTIVIRUS_SCAN session=23ca52da08 engine=defender mode=realtime status=SUCCESS
2026-08-06T16:30:07Z user=nora.singh host=SQ-LT-03 event=NETWORK_CONNECT session=23ca52da08 process=code destination=sso.silverquill.internal dest_ip=10.18.7.11 dest_port=443 protocol=tcp status=SUCCESS
2026-08-06T16:34:27Z user=nora.singh host=SQ-LT-03 event=IDLE_CHECK session=23ca52da08 status=SUCCESS
2026-08-06T16:36:12Z user=nora.singh host=SQ-LT-03 event=NETWORK_CONNECT session=23ca52da08 process=code destination=ci.silverquill.internal dest_ip=10.18.5.9 dest_port=443 protocol=tcp status=SUCCESS
2026-08-06T16:41:03Z user=nora.singh host=SQ-LT-03 event=HEARTBEAT session=23ca52da08 agent=edr-7.4.2 status=SUCCESS
2026-08-06T16:42:22Z user=nora.singh host=SQ-LT-03 event=PROCESS_START session=23ca52da08 pid=33784 process=bash executable=/usr/bin/bash cwd='~/src/quill-api' command='bash scripts/run-local.sh' status=SUCCESS
2026-08-06T16:53:00Z user=nora.singh host=SQ-LT-03 event=FILE_WRITE session=23ca52da08 path='~/src/observability/src/routes/status.ts' process=npm status=SUCCESS
2026-08-06T16:53:21Z user=nora.singh host=SQ-LT-03 event=ANTIVIRUS_SCAN session=23ca52da08 engine=defender mode=realtime status=SUCCESS
2026-08-06T16:54:46Z user=nora.singh host=SQ-LT-03 event=NETWORK_CONNECT session=23ca52da08 process=node destination=jira.silverquill.internal dest_ip=10.18.1.21 dest_port=443 protocol=tcp status=SUCCESS
2026-08-06T16:57:33Z user=nora.singh host=SQ-LT-03 event=PROCESS_START session=23ca52da08 pid=8162 process=slack executable=/usr/bin/slack cwd='~/src/platform-tools' status=SUCCESS
2026-08-06T17:01:51Z user=nora.singh host=SQ-LT-03 event=NETWORK_CONNECT session=23ca52da08 process=code destination=sso.silverquill.internal dest_ip=10.18.7.11 dest_port=443 protocol=tcp status=SUCCESS
2026-08-06T17:04:53Z user=nora.singh host=SQ-LT-03 event=FILE_WRITE session=23ca52da08 path='~/src/quill-api/scripts/release.sh' process=node status=SUCCESS
2026-08-06T17:06:06Z user=nora.singh host=SQ-LT-03 event=HEARTBEAT session=23ca52da08 agent=edr-7.4.2 status=SUCCESS
2026-08-06T17:07:36Z user=nora.singh host=SQ-LT-03 event=FILE_WRITE session=23ca52da08 path='~/src/quill-api/Dockerfile' process=python3 status=SUCCESS
2026-08-06T17:13:12Z user=nora.singh host=SQ-LT-03 event=IDLE_CHECK session=23ca52da08 status=SUCCESS
2026-08-06T17:14:23Z user=nora.singh host=SQ-LT-03 event=NETWORK_CONNECT session=23ca52da08 process=chrome destination=grafana.silverquill.internal dest_ip=10.18.4.18 dest_port=443 protocol=tcp status=SUCCESS
2026-08-06T17:14:40Z user=nora.singh host=SQ-LT-03 event=PROCESS_START session=23ca52da08 pid=51334 process=npm executable=/usr/bin/npm cwd='~/src/quill-admin' command='npm run lint' status=SUCCESS
2026-08-06T17:15:52Z user=nora.singh host=SQ-LT-03 event=NETWORK_CONNECT session=23ca52da08 process=code destination=registry.silverquill.internal dest_ip=10.18.3.12 dest_port=443 protocol=tcp status=SUCCESS
2026-08-06T17:26:05Z user=nora.singh host=SQ-LT-03 event=PROCESS_START session=23ca52da08 pid=18470 process=python3 executable=/usr/bin/python3 cwd='~/src/quill-api' command='python3 scripts/audit_config.py' status=SUCCESS
2026-08-06T17:26:16Z user=nora.singh host=SQ-LT-03 event=FILE_SYNC session=23ca52da08 target=settings-roam status=SUCCESS
2026-08-06T17:28:20Z user=nora.singh host=SQ-LT-03 event=FILE_OPEN session=23ca52da08 path='~/src/platform-tools/package.json' process=python3 status=SUCCESS
2026-08-06T17:28:27Z user=nora.singh host=SQ-LT-03 event=FILE_OPEN session=23ca52da08 path='~/src/quill-api/package.json' process=node status=SUCCESS
2026-08-06T17:33:39Z user=nora.singh host=SQ-LT-03 event=NETWORK_CONNECT session=23ca52da08 process=node destination=ci.silverquill.internal dest_ip=10.18.5.9 dest_port=443 protocol=tcp status=SUCCESS
2026-08-06T17:37:12Z user=nora.singh host=SQ-LT-03 event=FILE_OPEN session=23ca52da08 path='~/src/platform-tools/.github/workflows/ci.yml' process=code status=SUCCESS
2026-08-06T17:38:03Z user=nora.singh host=SQ-LT-03 event=HEARTBEAT session=23ca52da08 agent=edr-7.4.2 status=SUCCESS
2026-08-06T17:39:51Z user=nora.singh host=SQ-LT-03 event=HEARTBEAT session=23ca52da08 status=SUCCESS
2026-08-06T17:41:36Z user=nora.singh host=SQ-LT-03 event=IDLE_CHECK session=23ca52da08 status=SUCCESS
2026-08-06T17:44:46Z user=nora.singh host=SQ-LT-03 event=NETWORK_CONNECT session=23ca52da08 process=npm destination=docs.silverquill.internal dest_ip=10.18.6.14 dest_port=443 protocol=tcp status=SUCCESS
2026-08-06T17:47:50Z user=nora.singh host=SQ-LT-03 event=HEARTBEAT session=23ca52da08 agent=edr-7.4.2 status=SUCCESS
2026-08-06T17:48:33Z user=nora.singh host=SQ-LT-03 event=EDR_HEALTH session=23ca52da08 sensor=healthy status=SUCCESS
2026-08-06T17:48:40Z user=nora.singh host=SQ-LT-03 event=FILE_WRITE session=23ca52da08 path='~/src/platform-tools/src/config.ts' process=code status=SUCCESS
2026-08-06T17:52:12Z user=nora.singh host=SQ-LT-03 event=EDR_HEALTH session=23ca52da08 sensor=healthy status=SUCCESS
2026-08-06T17:53:17Z user=nora.singh host=SQ-LT-03 event=IDLE_CHECK session=23ca52da08 status=SUCCESS
2026-08-06T17:55:53Z user=nora.singh host=SQ-LT-03 event=PROCESS_START session=23ca52da08 pid=44234 process=npm executable=/usr/bin/npm cwd='~/src/deploy-scripts' command='npm audit --omit=dev' status=SUCCESS
2026-08-06T17:58:12Z user=nora.singh host=SQ-LT-03 event=FILE_OPEN session=23ca52da08 path='~/src/deploy-scripts/Dockerfile' process=python3 status=SUCCESS
2026-08-06T18:00:38Z user=nora.singh host=SQ-LT-03 event=FILE_WRITE session=23ca52da08 path='~/src/observability/src/services/metrics.ts' process=python3 status=SUCCESS
2026-08-06T18:01:24Z user=nora.singh host=SQ-LT-03 event=NETWORK_CONNECT session=23ca52da08 process=python3 destination=grafana.silverquill.internal dest_ip=10.18.4.18 dest_port=443 protocol=tcp status=SUCCESS
2026-08-06T18:02:03Z user=nora.singh host=SQ-LT-03 event=POLICY_REFRESH session=23ca52da08 policy=endpoint-standard-v6 status=SUCCESS
2026-08-06T18:07:04Z user=nora.singh host=SQ-LT-03 event=POLICY_REFRESH session=23ca52da08 policy=endpoint-standard-v6 status=SUCCESS
2026-08-06T18:10:50Z user=nora.singh host=SQ-LT-03 event=FILE_OPEN session=23ca52da08 path='~/src/deploy-scripts/Dockerfile' process=code status=SUCCESS
2026-08-06T18:12:13Z user=nora.singh host=SQ-LT-03 event=FILE_OPEN session=23ca52da08 path='~/src/observability/scripts/release.sh' process=npm status=SUCCESS
2026-08-06T18:12:40Z user=nora.singh host=SQ-LT-03 event=VPN_DISCONNECT session=23ca52da08 profile=corp-vpn status=SUCCESS
2026-08-06T18:14:22Z user=nora.singh host=SQ-LT-03 event=PROCESS_START session=23ca52da08 pid=17165 process=code executable=/usr/share/code/code cwd='~/src/platform-tools' status=SUCCESS
2026-08-06T18:15:07Z user=nora.singh host=SQ-LT-03 event=FILE_SYNC session=23ca52da08 target=settings-roam status=SUCCESS
2026-08-06T18:15:40Z user=nora.singh host=SQ-LT-03 event=NETWORK_CONNECT session=23ca52da08 process=code destination=ci.silverquill.internal dest_ip=10.18.5.9 dest_port=443 protocol=tcp status=SUCCESS
2026-08-06T18:17:03Z user=nora.singh host=SQ-LT-03 event=LOGOUT session=23ca52da08 status=SUCCESS
2026-08-06T18:25:47Z host=SQ-LT-03 event=POWER_OFF login=none status=SUCCESS
2026-08-07T09:28:46Z host=SQ-LT-03 event=SYSTEM_BOOT boot_id=fe0fbcee85 status=SUCCESS
2026-08-07T09:29:51Z user=nora.singh host=SQ-LT-03 event=LOGIN session=67b855ac98 method=password+fido2 status=SUCCESS
2026-08-07T09:32:46Z user=nora.singh host=SQ-LT-03 event=EDR_HEALTH session=67b855ac98 sensor=healthy status=SUCCESS
2026-08-07T09:33:00Z user=nora.singh host=SQ-LT-03 event=FILE_OPEN session=67b855ac98 path='~/src/quill-admin/.github/workflows/ci.yml' process=npm status=SUCCESS
2026-08-07T09:34:49Z user=nora.singh host=SQ-LT-03 event=VPN_CONNECT session=67b855ac98 profile=corp-vpn gateway=vpn-blr-02 status=SUCCESS
2026-08-07T09:41:01Z user=nora.singh host=SQ-LT-03 event=IDLE_CHECK session=67b855ac98 status=SUCCESS
2026-08-07T09:46:28Z user=nora.singh host=SQ-LT-03 event=PROCESS_START session=67b855ac98 pid=22847 process=npm executable=/usr/bin/npm cwd='~/Downloads' command='npm ci' status=SUCCESS
2026-08-07T09:49:02Z user=nora.singh host=SQ-LT-03 event=NETWORK_CONNECT session=67b855ac98 process=node destination=jira.silverquill.internal dest_ip=10.18.1.21 dest_port=443 protocol=tcp status=SUCCESS
2026-08-07T09:50:06Z user=nora.singh host=SQ-LT-03 event=PROCESS_START session=67b855ac98 pid=21415 process=chrome executable=/opt/google/chrome/chrome cwd='~' status=SUCCESS
2026-08-07T09:52:39Z user=nora.singh host=SQ-LT-03 event=EDR_HEALTH session=67b855ac98 sensor=healthy status=SUCCESS
2026-08-07T09:58:59Z user=nora.singh host=SQ-LT-03 event=ANTIVIRUS_SCAN session=67b855ac98 engine=defender mode=quick status=SUCCESS
2026-08-07T10:00:24Z user=nora.singh host=SQ-LT-03 event=NETWORK_CONNECT session=67b855ac98 process=npm destination=ci.silverquill.internal dest_ip=10.18.5.9 dest_port=443 protocol=tcp status=SUCCESS
2026-08-07T10:01:13Z user=nora.singh host=SQ-LT-03 event=PROCESS_START session=67b855ac98 pid=27763 process=bash executable=/usr/bin/bash cwd='~' command='bash scripts/test-health.sh' status=SUCCESS
2026-08-07T10:03:10Z user=nora.singh host=SQ-LT-03 event=PACKAGE_UPDATE session=67b855ac98 package=code status=SUCCESS
2026-08-07T10:08:59Z user=nora.singh host=SQ-LT-03 event=PACKAGE_UPDATE session=67b855ac98 package=code status=SUCCESS
2026-08-07T10:09:22Z user=nora.singh host=SQ-LT-03 event=PROCESS_START session=67b855ac98 pid=6650 process=slack executable=/usr/bin/slack cwd='~/src/deploy-scripts' status=SUCCESS
2026-08-07T10:16:36Z user=nora.singh host=SQ-LT-03 event=HEARTBEAT session=67b855ac98 agent=edr-7.4.2 status=SUCCESS
2026-08-07T10:18:38Z user=nora.singh host=SQ-LT-03 event=HEARTBEAT session=67b855ac98 agent=edr-7.4.2 status=SUCCESS
2026-08-07T10:25:11Z user=nora.singh host=SQ-LT-03 event=PROCESS_START session=67b855ac98 pid=5908 process=node executable=/usr/bin/node cwd='~/src/platform-tools' command='node ./scripts/validate-schema.js' status=SUCCESS
2026-08-07T10:27:51Z user=nora.singh host=SQ-LT-03 event=PROCESS_START session=67b855ac98 pid=12985 process=node executable=/usr/bin/node cwd='~/src/quill-api' command='node ./scripts/check-config.js' status=SUCCESS
2026-08-07T10:33:47Z user=nora.singh host=SQ-LT-03 event=FILE_OPEN session=67b855ac98 path='~/src/observability/scripts/check-config.js' process=npm status=SUCCESS
2026-08-07T10:36:49Z user=nora.singh host=SQ-LT-03 event=PROCESS_START session=67b855ac98 pid=22037 process=npm executable=/usr/bin/npm cwd='~/src/deploy-scripts' command='npm ci' status=SUCCESS
2026-08-07T10:37:42Z user=nora.singh host=SQ-LT-03 event=HEARTBEAT session=67b855ac98 agent=edr-7.4.2 status=SUCCESS
2026-08-07T10:39:06Z user=nora.singh host=SQ-LT-03 event=PROCESS_START session=67b855ac98 pid=34663 process=slack executable=/usr/bin/slack cwd='~/src/observability' status=SUCCESS
2026-08-07T10:40:19Z user=nora.singh host=SQ-LT-03 event=PROCESS_START session=67b855ac98 pid=3324 process=bash executable=/usr/bin/bash cwd='~/src/quill-admin' command='bash scripts/check-env.sh' status=SUCCESS
2026-08-07T10:46:19Z user=nora.singh host=SQ-LT-03 event=PROCESS_START session=67b855ac98 pid=11749 process=node executable=/usr/bin/node cwd='~' command='node ./scripts/check-config.js' status=SUCCESS
2026-08-07T10:50:54Z user=nora.singh host=SQ-LT-03 event=FILE_OPEN session=67b855ac98 path='~/src/quill-api/src/services/metrics.ts' process=npm status=SUCCESS
2026-08-07T11:01:27Z user=nora.singh host=SQ-LT-03 event=HEARTBEAT session=67b855ac98 agent=edr-7.4.2 status=SUCCESS
2026-08-07T11:01:30Z user=nora.singh host=SQ-LT-03 event=POLICY_REFRESH session=67b855ac98 status=SUCCESS
2026-08-07T11:05:48Z user=nora.singh host=SQ-LT-03 event=TIME_SYNC session=67b855ac98 source=ntp.silverquill.internal status=SUCCESS
2026-08-07T11:12:25Z user=nora.singh host=SQ-LT-03 event=ANTIVIRUS_SCAN session=67b855ac98 engine=defender mode=realtime status=SUCCESS
2026-08-07T11:14:00Z user=nora.singh host=SQ-LT-03 event=NETWORK_CONNECT session=67b855ac98 process=python3 destination=ci.silverquill.internal dest_ip=10.18.5.9 dest_port=443 protocol=tcp status=SUCCESS
2026-08-07T11:22:26Z user=nora.singh host=SQ-LT-03 event=EDR_HEALTH session=67b855ac98 sensor=healthy status=SUCCESS
2026-08-07T11:23:31Z user=nora.singh host=SQ-LT-03 event=EDR_HEALTH session=67b855ac98 sensor=healthy status=SUCCESS
2026-08-07T11:24:40Z user=nora.singh host=SQ-LT-03 event=TIME_SYNC session=67b855ac98 source=ntp.silverquill.internal status=SUCCESS
2026-08-07T11:24:41Z user=nora.singh host=SQ-LT-03 event=FILE_WRITE session=67b855ac98 path='~/src/observability/src/routes/health.ts' process=node status=SUCCESS
2026-08-07T11:27:16Z user=nora.singh host=SQ-LT-03 event=FILE_SYNC session=67b855ac98 target=corp-drive status=SUCCESS
2026-08-07T11:36:09Z user=nora.singh host=SQ-LT-03 event=PROCESS_START session=67b855ac98 pid=60244 process=code executable=/usr/share/code/code cwd='~/src/quill-api' status=SUCCESS
2026-08-07T11:36:36Z user=nora.singh host=SQ-LT-03 event=FILE_OPEN session=67b855ac98 path='~/src/platform-tools/src/config.ts' process=python3 status=SUCCESS
2026-08-07T11:37:14Z user=nora.singh host=SQ-LT-03 event=NETWORK_CONNECT session=67b855ac98 process=code destination=jira.silverquill.internal dest_ip=10.18.1.21 dest_port=443 protocol=tcp status=SUCCESS
2026-08-07T11:37:46Z user=nora.singh host=SQ-LT-03 event=PROCESS_START session=67b855ac98 pid=59141 process=chrome executable=/opt/google/chrome/chrome cwd='~/src/quill-api' status=SUCCESS
2026-08-07T11:38:49Z user=nora.singh host=SQ-LT-03 event=FILE_OPEN session=67b855ac98 path='~/src/platform-tools/Dockerfile' process=python3 status=SUCCESS
2026-08-07T11:43:42Z user=nora.singh host=SQ-LT-03 event=EDR_HEALTH session=67b855ac98 status=SUCCESS
2026-08-07T11:44:58Z user=nora.singh host=SQ-LT-03 event=HEARTBEAT session=67b855ac98 agent=edr-7.4.2 status=SUCCESS
2026-08-07T11:45:18Z user=nora.singh host=SQ-LT-03 event=FILE_WRITE session=67b855ac98 path='~/src/platform-tools/package-lock.json' process=npm status=SUCCESS
2026-08-07T11:45:57Z user=nora.singh host=SQ-LT-03 event=TIME_SYNC session=67b855ac98 source=ntp.silverquill.internal status=SUCCESS
2026-08-07T11:47:33Z user=nora.singh host=SQ-LT-03 event=PROCESS_START session=67b855ac98 pid=8613 process=python3 executable=/usr/bin/python3 cwd='~/src/quill-admin' command='python3 scripts/check_release.py' status=SUCCESS
2026-08-07T11:51:09Z user=nora.singh host=SQ-LT-03 event=EDR_HEALTH session=67b855ac98 sensor=healthy status=SUCCESS
2026-08-07T11:54:29Z user=nora.singh host=SQ-LT-03 event=FILE_WRITE session=67b855ac98 path='~/src/deploy-scripts/src/config.ts' process=python3 status=SUCCESS
2026-08-07T11:55:45Z user=nora.singh host=SQ-LT-03 event=PROCESS_START session=67b855ac98 pid=42236 process=python3 executable=/usr/bin/python3 cwd='~' command='python3 scripts/report_health.py' status=SUCCESS
2026-08-07T12:01:30Z user=nora.singh host=SQ-LT-03 event=PROCESS_START session=67b855ac98 pid=44498 process=bash executable=/usr/bin/bash cwd='~/src/platform-tools' command='bash scripts/check-env.sh' status=SUCCESS
2026-08-07T12:05:19Z user=nora.singh host=SQ-LT-03 event=PROCESS_START session=67b855ac98 pid=63110 process=python3 executable=/usr/bin/python3 cwd='~/src/quill-admin' command='python3 scripts/audit_config.py' status=SUCCESS
2026-08-07T12:05:23Z user=nora.singh host=SQ-LT-03 event=NETWORK_CONNECT session=67b855ac98 process=code destination=sso.silverquill.internal dest_ip=10.18.7.11 dest_port=443 protocol=tcp status=SUCCESS
2026-08-07T12:07:48Z user=nora.singh host=SQ-LT-03 event=FILE_OPEN session=67b855ac98 path='~/src/deploy-scripts/src/routes/status.ts' process=node status=SUCCESS
2026-08-07T12:09:44Z user=nora.singh host=SQ-LT-03 event=FILE_OPEN session=67b855ac98 path='~/src/quill-admin/README.md' process=python3 status=SUCCESS
2026-08-07T12:09:58Z user=nora.singh host=SQ-LT-03 event=NETWORK_CONNECT session=67b855ac98 process=node destination=grafana.silverquill.internal dest_ip=10.18.4.18 dest_port=443 protocol=tcp status=SUCCESS
2026-08-07T12:12:38Z user=nora.singh host=SQ-LT-03 event=ANTIVIRUS_SCAN session=67b855ac98 engine=defender mode=quick status=SUCCESS
2026-08-07T12:12:51Z user=nora.singh host=SQ-LT-03 event=FILE_OPEN session=67b855ac98 path='~/src/observability/Dockerfile' process=python3 status=SUCCESS
2026-08-07T12:15:48Z user=nora.singh host=SQ-LT-03 event=FILE_WRITE session=67b855ac98 path='~/src/quill-admin/Dockerfile' process=python3 status=SUCCESS
2026-08-07T12:18:31Z user=nora.singh host=SQ-LT-03 event=POLICY_REFRESH session=67b855ac98 policy=endpoint-standard-v6 status=SUCCESS
2026-08-07T12:21:49Z user=nora.singh host=SQ-LT-03 event=FILE_WRITE session=67b855ac98 path='~/src/observability/src/services/metrics.ts' process=npm status=SUCCESS
2026-08-07T12:25:54Z user=nora.singh host=SQ-LT-03 event=USB_MOUNT session=67b855ac98 device=YubiKey-5C-NFC status=SUCCESS
2026-08-07T12:28:35Z user=nora.singh host=SQ-LT-03 event=HEARTBEAT session=67b855ac98 agent=edr-7.4.2 status=SUCCESS
2026-08-07T12:30:32Z user=nora.singh host=SQ-LT-03 event=NETWORK_CONNECT session=67b855ac98 process=node destination=jira.silverquill.internal dest_ip=10.18.1.21 dest_port=443 protocol=tcp status=SUCCESS
2026-08-07T12:32:18Z user=nora.singh host=SQ-LT-03 event=NETWORK_CONNECT session=67b855ac98 process=python3 destination=jira.silverquill.internal dest_ip=10.18.1.21 dest_port=443 protocol=tcp status=SUCCESS
2026-08-07T12:37:13Z user=nora.singh host=SQ-LT-03 event=FILE_WRITE session=67b855ac98 path='~/src/platform-tools/src/services/metrics.ts' process=node status=SUCCESS
2026-08-07T12:45:11Z user=nora.singh host=SQ-LT-03 event=NETWORK_CONNECT session=67b855ac98 process=code destination=jira.silverquill.internal dest_ip=10.18.1.21 dest_port=443 protocol=tcp status=SUCCESS
2026-08-07T12:47:04Z user=nora.singh host=SQ-LT-03 event=PROCESS_START session=67b855ac98 pid=59839 process=slack executable=/usr/bin/slack cwd='~/Downloads' status=SUCCESS
2026-08-07T12:53:48Z user=nora.singh host=SQ-LT-03 event=FILE_SYNC session=67b855ac98 target=settings-roam status=SUCCESS
2026-08-07T12:56:25Z user=nora.singh host=SQ-LT-03 event=PROCESS_START session=67b855ac98 pid=38145 process=bash executable=/usr/bin/bash cwd='~/src/deploy-scripts' command='bash scripts/check-env.sh' status=SUCCESS
2026-08-07T12:59:58Z user=nora.singh host=SQ-LT-03 event=USB_MOUNT session=67b855ac98 device=YubiKey-5C-NFC status=SUCCESS
2026-08-07T13:00:38Z user=nora.singh host=SQ-LT-03 event=NETWORK_CONNECT session=67b855ac98 process=code destination=jira.silverquill.internal dest_ip=10.18.1.21 dest_port=443 protocol=tcp status=SUCCESS
2026-08-07T13:01:03Z user=nora.singh host=SQ-LT-03 event=TIME_SYNC session=67b855ac98 source=ntp.silverquill.internal status=SUCCESS
2026-08-07T13:03:11Z user=nora.singh host=SQ-LT-03 event=ANTIVIRUS_SCAN session=67b855ac98 engine=defender mode=realtime status=SUCCESS
2026-08-07T13:05:51Z user=nora.singh host=SQ-LT-03 event=PROCESS_START session=67b855ac98 pid=55112 process=node executable=/usr/bin/node cwd='~/src/observability' command='node ./scripts/validate-schema.js' status=SUCCESS
2026-08-07T13:11:14Z user=nora.singh host=SQ-LT-03 event=HEARTBEAT session=67b855ac98 status=SUCCESS
2026-08-07T13:14:53Z user=nora.singh host=SQ-LT-03 event=NETWORK_CONNECT session=67b855ac98 process=npm destination=registry.silverquill.internal dest_ip=10.18.3.12 dest_port=443 protocol=tcp status=SUCCESS
2026-08-07T13:16:14Z user=nora.singh host=SQ-LT-03 event=NETWORK_CONNECT session=67b855ac98 process=npm destination=sso.silverquill.internal dest_ip=10.18.7.11 dest_port=443 protocol=tcp status=SUCCESS
2026-08-07T13:16:33Z user=nora.singh host=SQ-LT-03 event=PROCESS_START session=67b855ac98 pid=13523 process=bash executable=/usr/bin/bash cwd='~/src/quill-admin' command='bash scripts/test-health.sh' status=SUCCESS
2026-08-07T13:17:23Z user=nora.singh host=SQ-LT-03 event=NETWORK_CONNECT session=67b855ac98 process=node destination=sso.silverquill.internal dest_ip=10.18.7.11 dest_port=443 protocol=tcp status=SUCCESS
2026-08-07T13:18:00Z user=nora.singh host=SQ-LT-03 event=FILE_SYNC session=67b855ac98 target=settings-roam status=SUCCESS
2026-08-07T13:18:40Z user=nora.singh host=SQ-LT-03 event=PROCESS_START session=67b855ac98 pid=62579 process=slack executable=/usr/bin/slack cwd='~/Downloads' status=SUCCESS
2026-08-07T13:20:22Z user=nora.singh host=SQ-LT-03 event=NETWORK_CONNECT session=67b855ac98 process=chrome destination=sso.silverquill.internal dest_ip=10.18.7.11 dest_port=443 protocol=tcp status=SUCCESS
2026-08-07T13:21:09Z user=nora.singh host=SQ-LT-03 event=FILE_WRITE session=67b855ac98 path='~/src/platform-tools/src/config.ts' process=node status=SUCCESS
2026-08-07T13:21:57Z user=nora.singh host=SQ-LT-03 event=PROCESS_START session=67b855ac98 pid=9790 process=slack executable=/usr/bin/slack cwd='~/src/quill-admin' status=SUCCESS
2026-08-07T13:22:33Z user=nora.singh host=SQ-LT-03 event=NETWORK_CONNECT session=67b855ac98 process=node destination=registry.silverquill.internal dest_ip=10.18.3.12 dest_port=443 protocol=tcp status=SUCCESS
2026-08-07T13:33:03Z user=nora.singh host=SQ-LT-03 event=TIME_SYNC session=67b855ac98 source=ntp.silverquill.internal status=SUCCESS
2026-08-07T13:33:32Z user=nora.singh host=SQ-LT-03 event=PROCESS_START session=67b855ac98 pid=12377 process=python3 executable=/usr/bin/python3 cwd='~/src/platform-tools' command='python3 scripts/audit_config.py' status=SUCCESS
2026-08-07T13:39:09Z user=nora.singh host=SQ-LT-03 event=PROCESS_START session=67b855ac98 pid=14886 process=chrome executable=/opt/google/chrome/chrome cwd='~/Downloads' status=SUCCESS
2026-08-07T13:41:19Z user=nora.singh host=SQ-LT-03 event=TIME_SYNC session=67b855ac98 source=ntp.silverquill.internal status=SUCCESS
2026-08-07T13:44:01Z user=nora.singh host=SQ-LT-03 event=PROCESS_START session=67b855ac98 pid=50365 process=slack executable=/usr/bin/slack cwd='~/src/deploy-scripts' status=SUCCESS
2026-08-07T13:47:59Z user=nora.singh host=SQ-LT-03 event=PROCESS_START session=67b855ac98 pid=36369 process=python3 executable=/usr/bin/python3 cwd='~/src/deploy-scripts' command='python3 scripts/audit_config.py' status=SUCCESS
2026-08-07T13:48:45Z user=nora.singh host=SQ-LT-03 event=SCREEN_LOCK session=67b855ac98 status=SUCCESS
2026-08-07T13:53:00Z user=nora.singh host=SQ-LT-03 event=FILE_OPEN session=67b855ac98 path='~/src/quill-admin/src/config.ts' process=python3 status=SUCCESS
2026-08-07T13:53:10Z user=nora.singh host=SQ-LT-03 event=FILE_OPEN session=67b855ac98 path='~/src/quill-api/src/routes/status.ts' process=npm status=SUCCESS
2026-08-07T13:55:40Z user=nora.singh host=SQ-LT-03 event=SCREEN_UNLOCK session=67b855ac98 method=fido2 status=SUCCESS
2026-08-07T13:56:16Z user=nora.singh host=SQ-LT-03 event=SCREEN_LOCK session=67b855ac98 status=SUCCESS
2026-08-07T14:02:15Z user=nora.singh host=SQ-LT-03 event=PROCESS_START session=67b855ac98 pid=43573 process=code executable=/usr/share/code/code cwd='~/src/quill-admin' status=SUCCESS
2026-08-07T14:04:09Z user=nora.singh host=SQ-LT-03 event=NETWORK_CONNECT session=67b855ac98 process=code destination=ci.silverquill.internal dest_ip=10.18.5.9 dest_port=443 protocol=tcp status=SUCCESS
2026-08-07T14:06:45Z user=nora.singh host=SQ-LT-03 event=FILE_OPEN session=67b855ac98 path='~/src/quill-admin/src/routes/health.ts' process=code status=SUCCESS
2026-08-07T14:09:51Z user=nora.singh host=SQ-LT-03 event=FILE_WRITE session=67b855ac98 path='~/src/platform-tools/scripts/release.sh' process=node status=SUCCESS
2026-08-07T14:13:09Z user=nora.singh host=SQ-LT-03 event=IDLE_CHECK session=67b855ac98 status=SUCCESS
2026-08-07T14:14:07Z user=nora.singh host=SQ-LT-03 event=NETWORK_CONNECT session=67b855ac98 process=npm destination=sso.silverquill.internal dest_ip=10.18.7.11 dest_port=443 protocol=tcp status=SUCCESS
2026-08-07T14:15:44Z user=nora.singh host=SQ-LT-03 event=POLICY_REFRESH session=67b855ac98 policy=endpoint-standard-v6 status=SUCCESS
2026-08-07T14:21:16Z user=nora.singh host=SQ-LT-03 event=SCREEN_UNLOCK session=67b855ac98 method=fido2 status=SUCCESS
2026-08-07T14:27:19Z user=nora.singh host=SQ-LT-03 event=TIME_SYNC session=67b855ac98 source=ntp.silverquill.internal status=SUCCESS
2026-08-07T14:31:33Z user=nora.singh host=SQ-LT-03 event=HEARTBEAT session=67b855ac98 agent=edr-7.4.2 status=SUCCESS
2026-08-07T14:35:46Z user=nora.singh host=SQ-LT-03 event=TIME_SYNC session=67b855ac98 source=ntp.silverquill.internal status=SUCCESS
2026-08-07T14:36:59Z user=nora.singh host=SQ-LT-03 event=ANTIVIRUS_SCAN session=67b855ac98 engine=defender mode=realtime status=SUCCESS
2026-08-07T14:40:51Z user=nora.singh host=SQ-LT-03 event=PROCESS_START session=67b855ac98 pid=9263 process=slack executable=/usr/bin/slack cwd='~/src/deploy-scripts' status=SUCCESS
2026-08-07T14:46:26Z user=nora.singh host=SQ-LT-03 event=ANTIVIRUS_SCAN session=67b855ac98 engine=defender mode=realtime status=SUCCESS
2026-08-07T14:53:59Z user=nora.singh host=SQ-LT-03 event=PACKAGE_UPDATE session=67b855ac98 package=code status=SUCCESS
2026-08-07T14:56:28Z user=nora.singh host=SQ-LT-03 event=PROCESS_START session=67b855ac98 pid=24714 process=bash executable=/usr/bin/bash cwd='~/src/platform-tools' command='bash scripts/run-local.sh' status=SUCCESS
2026-08-07T15:04:55Z user=nora.singh host=SQ-LT-03 event=FILE_WRITE session=67b855ac98 path='~/src/quill-admin/src/routes/status.ts' process=node status=SUCCESS
2026-08-07T15:05:30Z user=nora.singh host=SQ-LT-03 event=PROCESS_START session=67b855ac98 pid=50931 process=chrome executable=/opt/google/chrome/chrome cwd='~/Downloads' status=SUCCESS
2026-08-07T15:06:37Z user=nora.singh host=SQ-LT-03 event=FILE_WRITE session=67b855ac98 path='~/src/observability/package-lock.json' process=code status=SUCCESS
2026-08-07T15:10:47Z user=nora.singh host=SQ-LT-03 event=ANTIVIRUS_SCAN session=67b855ac98 engine=defender mode=quick status=SUCCESS
2026-08-07T15:13:08Z user=nora.singh host=SQ-LT-03 event=SCREEN_LOCK session=67b855ac98 status=SUCCESS
2026-08-07T15:15:39Z user=nora.singh host=SQ-LT-03 event=EDR_HEALTH session=67b855ac98 status=SUCCESS
2026-08-07T15:28:00Z user=nora.singh host=SQ-LT-03 event=HEARTBEAT session=67b855ac98 agent=edr-7.4.2 status=SUCCESS
2026-08-07T15:28:51Z user=nora.singh host=SQ-LT-03 event=NETWORK_CONNECT session=67b855ac98 process=chrome destination=registry.silverquill.internal dest_ip=10.18.3.12 dest_port=443 protocol=tcp status=SUCCESS
2026-08-07T15:29:08Z user=nora.singh host=SQ-LT-03 event=FILE_SYNC session=67b855ac98 target=settings-roam status=SUCCESS
2026-08-07T15:31:57Z user=nora.singh host=SQ-LT-03 event=HEARTBEAT session=67b855ac98 agent=edr-7.4.2 status=SUCCESS
2026-08-07T15:33:55Z user=nora.singh host=SQ-LT-03 event=PROCESS_START session=67b855ac98 pid=51894 process=bash executable=/usr/bin/bash cwd='~/src/quill-api' command='bash scripts/test-health.sh' status=SUCCESS
2026-08-07T15:35:30Z user=nora.singh host=SQ-LT-03 event=NETWORK_CONNECT session=67b855ac98 process=npm destination=sso.silverquill.internal dest_ip=10.18.7.11 dest_port=443 protocol=tcp status=SUCCESS
2026-08-07T15:38:37Z user=nora.singh host=SQ-LT-03 event=PROCESS_START session=67b855ac98 pid=59403 process=npm executable=/usr/bin/npm cwd='~' command='npm test' status=SUCCESS
2026-08-07T15:43:07Z user=nora.singh host=SQ-LT-03 event=SCREEN_UNLOCK session=67b855ac98 method=fido2 status=SUCCESS
2026-08-07T15:45:37Z user=nora.singh host=SQ-LT-03 event=HEARTBEAT session=67b855ac98 agent=edr-7.4.2 status=SUCCESS
2026-08-07T15:50:18Z user=nora.singh host=SQ-LT-03 event=PACKAGE_UPDATE session=67b855ac98 package=chrome status=SUCCESS
2026-08-07T15:52:40Z user=nora.singh host=SQ-LT-03 event=PROCESS_START session=67b855ac98 pid=27973 process=slack executable=/usr/bin/slack cwd='~/Downloads' status=SUCCESS
2026-08-07T15:59:18Z user=nora.singh host=SQ-LT-03 event=PROCESS_START session=67b855ac98 pid=41003 process=slack executable=/usr/bin/slack cwd='~/src/deploy-scripts' status=SUCCESS
2026-08-07T16:02:33Z user=nora.singh host=SQ-LT-03 event=ANTIVIRUS_SCAN session=67b855ac98 engine=defender mode=realtime status=SUCCESS
2026-08-07T16:04:15Z user=nora.singh host=SQ-LT-03 event=FILE_OPEN session=67b855ac98 path='~/src/quill-admin/src/services/metrics.ts' process=python3 status=SUCCESS
2026-08-07T16:07:03Z user=nora.singh host=SQ-LT-03 event=ANTIVIRUS_SCAN session=67b855ac98 engine=defender mode=realtime status=SUCCESS
2026-08-07T16:11:11Z user=nora.singh host=SQ-LT-03 event=PROCESS_START session=67b855ac98 pid=24673 process=npm executable=/usr/bin/npm cwd='~' command='npm run build' status=SUCCESS
2026-08-07T16:11:50Z user=nora.singh host=SQ-LT-03 event=EDR_HEALTH session=67b855ac98 sensor=healthy status=SUCCESS
2026-08-07T16:14:09Z user=nora.singh host=SQ-LT-03 event=IDLE_CHECK session=67b855ac98 status=SUCCESS
2026-08-07T16:14:55Z user=nora.singh host=SQ-LT-03 event=POLICY_REFRESH session=67b855ac98 policy=endpoint-standard-v6 status=SUCCESS
2026-08-07T16:22:19Z user=nora.singh host=SQ-LT-03 event=TIME_SYNC session=67b855ac98 source=ntp.silverquill.internal status=SUCCESS
2026-08-07T16:23:39Z user=nora.singh host=SQ-LT-03 event=IDLE_CHECK session=67b855ac98 status=SUCCESS
2026-08-07T16:25:37Z user=nora.singh host=SQ-LT-03 event=NETWORK_CONNECT session=67b855ac98 process=chrome destination=ci.silverquill.internal dest_ip=10.18.5.9 dest_port=443 protocol=tcp status=SUCCESS
2026-08-07T16:29:01Z user=nora.singh host=SQ-LT-03 event=NETWORK_CONNECT session=67b855ac98 process=chrome destination=docs.silverquill.internal dest_ip=10.18.6.14 dest_port=443 protocol=tcp status=SUCCESS
2026-08-07T16:33:44Z user=nora.singh host=SQ-LT-03 event=USB_MOUNT session=67b855ac98 device=Logitech-Receiver status=SUCCESS
2026-08-07T16:35:10Z user=nora.singh host=SQ-LT-03 event=NETWORK_CONNECT session=67b855ac98 process=node destination=ci.silverquill.internal dest_ip=10.18.5.9 dest_port=443 protocol=tcp status=SUCCESS
2026-08-07T16:35:57Z user=nora.singh host=SQ-LT-03 event=ANTIVIRUS_SCAN session=67b855ac98 engine=defender mode=quick status=SUCCESS
2026-08-07T16:41:14Z user=nora.singh host=SQ-LT-03 event=USB_MOUNT session=67b855ac98 device=YubiKey-5C-NFC status=SUCCESS
2026-08-07T16:45:19Z user=nora.singh host=SQ-LT-03 event=IDLE_CHECK session=67b855ac98 status=SUCCESS
2026-08-07T16:47:21Z user=nora.singh host=SQ-LT-03 event=PROCESS_START session=67b855ac98 pid=29375 process=code executable=/usr/share/code/code cwd='~' status=SUCCESS
2026-08-07T16:47:38Z user=nora.singh host=SQ-LT-03 event=FILE_SYNC session=67b855ac98 target=corp-drive status=SUCCESS
2026-08-07T16:48:33Z user=nora.singh host=SQ-LT-03 event=USB_MOUNT session=67b855ac98 device=Logitech-Receiver status=SUCCESS
2026-08-07T16:49:59Z user=nora.singh host=SQ-LT-03 event=PROCESS_START session=67b855ac98 pid=50617 process=npm executable=/usr/bin/npm cwd='~/src/quill-api' command='npm run lint' status=SUCCESS
2026-08-07T16:50:37Z user=nora.singh host=SQ-LT-03 event=ANTIVIRUS_SCAN session=67b855ac98 engine=defender mode=quick status=SUCCESS
2026-08-07T16:52:27Z user=nora.singh host=SQ-LT-03 event=FILE_OPEN session=67b855ac98 path='~/src/quill-api/package-lock.json' process=python3 status=SUCCESS
2026-08-07T16:52:28Z user=nora.singh host=SQ-LT-03 event=FILE_SYNC session=67b855ac98 target=settings-roam status=SUCCESS
2026-08-07T16:53:57Z user=nora.singh host=SQ-LT-03 event=PROCESS_START session=67b855ac98 pid=22316 process=node executable=/usr/bin/node cwd='~/src/quill-api' command='node ./scripts/validate-schema.js' status=SUCCESS
2026-08-07T16:56:39Z user=nora.singh host=SQ-LT-03 event=NETWORK_CONNECT session=67b855ac98 process=node destination=registry.silverquill.internal dest_ip=10.18.3.12 dest_port=443 protocol=tcp status=SUCCESS
2026-08-07T17:01:05Z user=nora.singh host=SQ-LT-03 event=USB_MOUNT session=67b855ac98 device=Logitech-Receiver status=SUCCESS
2026-08-07T17:01:20Z user=nora.singh host=SQ-LT-03 event=NETWORK_CONNECT session=67b855ac98 process=python3 destination=registry.silverquill.internal dest_ip=10.18.3.12 dest_port=443 protocol=tcp status=SUCCESS
2026-08-07T17:01:36Z user=nora.singh host=SQ-LT-03 event=TIME_SYNC session=67b855ac98 source=ntp.silverquill.internal status=SUCCESS
2026-08-07T17:05:05Z user=nora.singh host=SQ-LT-03 event=PROCESS_START session=67b855ac98 pid=5944 process=python3 executable=/usr/bin/python3 cwd='~/Downloads' command='python3 scripts/audit_config.py' status=SUCCESS
2026-08-07T17:07:21Z user=nora.singh host=SQ-LT-03 event=FILE_SYNC session=67b855ac98 target=settings-roam status=SUCCESS
2026-08-07T17:12:53Z user=nora.singh host=SQ-LT-03 event=PROCESS_START session=67b855ac98 pid=10341 process=bash executable=/usr/bin/bash cwd='~' command='bash scripts/check-env.sh' status=SUCCESS
2026-08-07T17:13:33Z user=nora.singh host=SQ-LT-03 event=HEARTBEAT session=67b855ac98 agent=edr-7.4.2 status=SUCCESS
2026-08-07T17:14:28Z user=nora.singh host=SQ-LT-03 event=POLICY_REFRESH session=67b855ac98 policy=endpoint-standard-v6 status=SUCCESS
2026-08-07T17:18:48Z user=nora.singh host=SQ-LT-03 event=PROCESS_START session=67b855ac98 pid=14937 process=slack executable=/usr/bin/slack cwd='~/src/deploy-scripts' status=SUCCESS
2026-08-07T17:20:25Z user=nora.singh host=SQ-LT-03 event=EDR_HEALTH session=67b855ac98 sensor=healthy status=SUCCESS
2026-08-07T17:26:11Z user=nora.singh host=SQ-LT-03 event=NETWORK_CONNECT session=67b855ac98 process=chrome destination=registry.silverquill.internal dest_ip=10.18.3.12 dest_port=443 protocol=tcp status=SUCCESS
2026-08-07T17:26:40Z user=nora.singh host=SQ-LT-03 event=PROCESS_START session=67b855ac98 pid=21850 process=slack executable=/usr/bin/slack cwd='~/src/deploy-scripts' status=SUCCESS
2026-08-07T17:27:53Z user=nora.singh host=SQ-LT-03 event=PROCESS_START session=67b855ac98 pid=36625 process=npm executable=/usr/bin/npm cwd='~' command='npm ci' status=SUCCESS
2026-08-07T17:29:37Z user=nora.singh host=SQ-LT-03 event=SCREEN_LOCK session=67b855ac98 status=SUCCESS
2026-08-07T17:31:12Z user=nora.singh host=SQ-LT-03 event=FILE_OPEN session=67b855ac98 path='~/src/platform-tools/scripts/release.sh' process=python3 status=SUCCESS
2026-08-07T17:33:19Z user=nora.singh host=SQ-LT-03 event=POLICY_REFRESH session=67b855ac98 policy=endpoint-standard-v6 status=SUCCESS
2026-08-07T17:33:21Z user=nora.singh host=SQ-LT-03 event=NETWORK_CONNECT session=67b855ac98 process=npm destination=ci.silverquill.internal dest_ip=10.18.5.9 dest_port=443 protocol=tcp status=SUCCESS
2026-08-07T17:35:01Z user=nora.singh host=SQ-LT-03 event=PROCESS_START session=67b855ac98 pid=48119 process=slack executable=/usr/bin/slack cwd='~/src/platform-tools' status=SUCCESS
2026-08-07T17:37:05Z user=nora.singh host=SQ-LT-03 event=FILE_WRITE session=67b855ac98 path='~/src/quill-admin/scripts/check-config.js' process=python3 status=SUCCESS
2026-08-07T17:43:15Z user=nora.singh host=SQ-LT-03 event=EDR_HEALTH session=67b855ac98 sensor=healthy status=SUCCESS
2026-08-07T17:44:16Z user=nora.singh host=SQ-LT-03 event=NETWORK_CONNECT session=67b855ac98 process=chrome destination=docs.silverquill.internal dest_ip=10.18.6.14 dest_port=443 protocol=tcp status=SUCCESS
2026-08-07T17:44:58Z user=nora.singh host=SQ-LT-03 event=PROCESS_START session=67b855ac98 pid=10312 process=code executable=/usr/share/code/code cwd='~' status=SUCCESS
2026-08-07T17:45:30Z user=nora.singh host=SQ-LT-03 event=NETWORK_CONNECT session=67b855ac98 process=code destination=sso.silverquill.internal dest_ip=10.18.7.11 dest_port=443 protocol=tcp status=SUCCESS
2026-08-07T17:45:51Z user=nora.singh host=SQ-LT-03 event=NETWORK_CONNECT session=67b855ac98 process=node destination=ci.silverquill.internal dest_ip=10.18.5.9 dest_port=443 protocol=tcp status=SUCCESS
2026-08-07T17:46:22Z user=nora.singh host=SQ-LT-03 event=PROCESS_START session=67b855ac98 pid=3356 process=node executable=/usr/bin/node cwd='~/src/platform-tools' command='node ./scripts/validate-schema.js' status=SUCCESS
2026-08-07T17:48:02Z user=nora.singh host=SQ-LT-03 event=NETWORK_CONNECT session=67b855ac98 process=python3 destination=packages.silverquill.internal dest_ip=10.18.2.7 dest_port=443 protocol=tcp status=SUCCESS
2026-08-07T17:49:31Z user=nora.singh host=SQ-LT-03 event=FILE_WRITE session=67b855ac98 path='~/src/observability/Dockerfile' process=npm status=SUCCESS
2026-08-07T17:50:36Z user=nora.singh host=SQ-LT-03 event=SCREEN_UNLOCK session=67b855ac98 method=fido2 status=SUCCESS
2026-08-07T17:54:47Z user=nora.singh host=SQ-LT-03 event=FILE_WRITE session=67b855ac98 path='~/src/deploy-scripts/Dockerfile' process=python3 status=SUCCESS
2026-08-07T17:55:40Z user=nora.singh host=SQ-LT-03 event=PROCESS_START session=67b855ac98 pid=30096 process=python3 executable=/usr/bin/python3 cwd='~/src/deploy-scripts' command='python3 scripts/report_health.py' status=SUCCESS
2026-08-07T17:56:49Z user=nora.singh host=SQ-LT-03 event=IDLE_CHECK session=67b855ac98 status=SUCCESS
2026-08-07T18:03:08Z user=nora.singh host=SQ-LT-03 event=ANTIVIRUS_SCAN session=67b855ac98 engine=defender mode=quick status=SUCCESS
2026-08-07T18:07:34Z user=nora.singh host=SQ-LT-03 event=FILE_WRITE session=67b855ac98 path='~/src/observability/src/services/deploy.ts' process=node status=SUCCESS
2026-08-07T18:07:35Z user=nora.singh host=SQ-LT-03 event=HEARTBEAT session=67b855ac98 agent=edr-7.4.2 status=SUCCESS
2026-08-07T18:09:43Z user=nora.singh host=SQ-LT-03 event=HEARTBEAT session=67b855ac98 agent=edr-7.4.2 status=SUCCESS
2026-08-07T18:11:41Z user=nora.singh host=SQ-LT-03 event=FILE_OPEN session=67b855ac98 path='~/src/platform-tools/src/routes/health.ts' process=node status=SUCCESS
2026-08-07T18:12:11Z user=nora.singh host=SQ-LT-03 event=FILE_SYNC session=67b855ac98 target=corp-drive status=SUCCESS
2026-08-07T18:14:00Z user=nora.singh host=SQ-LT-03 event=FILE_WRITE session=67b855ac98 path='~/src/deploy-scripts/package.json' process=code status=SUCCESS
2026-08-07T18:15:10Z user=nora.singh host=SQ-LT-03 event=PRINT_JOB session=67b855ac98 printer=sq-floor3-mfp pages=4 status=SUCCESS
2026-08-07T18:17:35Z user=nora.singh host=SQ-LT-03 event=FILE_WRITE session=67b855ac98 path='~/src/quill-api/src/routes/health.ts' process=python3 status=SUCCESS
2026-08-07T18:22:12Z user=nora.singh host=SQ-LT-03 event=HEARTBEAT session=67b855ac98 agent=edr-7.4.2 status=SUCCESS
2026-08-07T18:30:08Z user=nora.singh host=SQ-LT-03 event=PRINT_JOB session=67b855ac98 printer=sq-floor3-mfp pages=2 status=SUCCESS
2026-08-07T18:30:14Z user=nora.singh host=SQ-LT-03 event=VPN_DISCONNECT session=67b855ac98 profile=corp-vpn status=SUCCESS
2026-08-07T18:34:11Z user=nora.singh host=SQ-LT-03 event=FILE_WRITE session=67b855ac98 path='~/src/deploy-scripts/scripts/check-config.js' process=python3 status=SUCCESS
2026-08-07T18:34:53Z user=nora.singh host=SQ-LT-03 event=PROCESS_START session=67b855ac98 pid=42445 process=python3 executable=/usr/bin/python3 cwd='~/src/quill-api' command='python3 scripts/check_release.py' status=SUCCESS
2026-08-07T18:36:09Z user=nora.singh host=SQ-LT-03 event=LOGOUT session=67b855ac98 status=SUCCESS
2026-08-07T18:42:36Z host=SQ-LT-03 event=POWER_OFF login=none status=SUCCESS
2026-08-09T10:48:30Z host=SQ-LT-03 event=SYSTEM_BOOT boot_id=9ecb64205d status=SUCCESS
2026-08-09T10:49:57Z user=nora.singh host=SQ-LT-03 event=LOGIN session=756d1c655d method=password+fido2 status=SUCCESS
2026-08-09T10:55:02Z user=nora.singh host=SQ-LT-03 event=VPN_CONNECT session=756d1c655d profile=corp-vpn gateway=vpn-blr-02 status=SUCCESS
2026-08-09T10:58:25Z user=nora.singh host=SQ-LT-03 event=IDLE_CHECK session=756d1c655d status=SUCCESS
2026-08-09T11:00:01Z user=nora.singh host=SQ-LT-03 event=PROCESS_START session=756d1c655d pid=28045 process=bash executable=/usr/bin/bash cwd='~/Downloads' command='bash scripts/run-local.sh' status=SUCCESS
2026-08-09T11:01:11Z user=nora.singh host=SQ-LT-03 event=PROCESS_START session=756d1c655d pid=60649 process=chrome executable=/opt/google/chrome/chrome cwd='~/src/quill-admin' status=SUCCESS
2026-08-09T11:01:31Z user=nora.singh host=SQ-LT-03 event=HEARTBEAT session=756d1c655d agent=edr-7.4.2 status=SUCCESS
2026-08-09T11:01:43Z user=nora.singh host=SQ-LT-03 event=EDR_HEALTH session=756d1c655d status=SUCCESS
2026-08-09T11:04:03Z user=nora.singh host=SQ-LT-03 event=EDR_HEALTH session=756d1c655d sensor=healthy status=SUCCESS
2026-08-09T11:10:36Z user=nora.singh host=SQ-LT-03 event=FILE_OPEN session=756d1c655d path='~/src/deploy-scripts/scripts/release.sh' process=python3 status=SUCCESS
2026-08-09T11:10:56Z user=nora.singh host=SQ-LT-03 event=TIME_SYNC session=756d1c655d source=ntp.silverquill.internal status=SUCCESS
2026-08-09T11:17:36Z user=nora.singh host=SQ-LT-03 event=FILE_OPEN session=756d1c655d path='~/src/quill-api/README.md' process=node status=SUCCESS
2026-08-09T11:29:25Z user=nora.singh host=SQ-LT-03 event=EDR_HEALTH session=756d1c655d sensor=healthy status=SUCCESS
2026-08-09T11:30:48Z user=nora.singh host=SQ-LT-03 event=ANTIVIRUS_SCAN session=756d1c655d engine=defender mode=realtime status=SUCCESS
2026-08-09T11:31:17Z user=nora.singh host=SQ-LT-03 event=PACKAGE_UPDATE session=756d1c655d package=chrome status=SUCCESS
2026-08-09T11:37:25Z user=nora.singh host=SQ-LT-03 event=NETWORK_CONNECT session=756d1c655d process=node destination=registry.silverquill.internal dest_ip=10.18.3.12 dest_port=443 protocol=tcp status=SUCCESS
2026-08-09T11:38:35Z user=nora.singh host=SQ-LT-03 event=NETWORK_CONNECT session=756d1c655d process=chrome destination=grafana.silverquill.internal dest_ip=10.18.4.18 dest_port=443 protocol=tcp status=SUCCESS
2026-08-09T11:41:03Z user=nora.singh host=SQ-LT-03 event=PROCESS_START session=756d1c655d pid=11016 process=code executable=/usr/share/code/code cwd='~/src/observability' status=SUCCESS
2026-08-09T11:42:42Z user=nora.singh host=SQ-LT-03 event=PROCESS_START session=756d1c655d pid=34961 process=node executable=/usr/bin/node cwd='~/src/observability' command='node ./scripts/check-config.js' status=SUCCESS
2026-08-09T11:48:37Z user=nora.singh host=SQ-LT-03 event=NETWORK_CONNECT session=756d1c655d process=npm destination=sso.silverquill.internal dest_ip=10.18.7.11 dest_port=443 protocol=tcp status=SUCCESS
2026-08-09T11:49:26Z user=nora.singh host=SQ-LT-03 event=SCREEN_LOCK session=756d1c655d status=SUCCESS
2026-08-09T11:52:14Z user=nora.singh host=SQ-LT-03 event=IDLE_CHECK session=756d1c655d status=SUCCESS
2026-08-09T11:58:24Z user=nora.singh host=SQ-LT-03 event=FILE_OPEN session=756d1c655d path='~/src/quill-admin/src/services/metrics.ts' process=npm status=SUCCESS
2026-08-09T12:04:29Z user=nora.singh host=SQ-LT-03 event=FILE_OPEN session=756d1c655d path='~/src/quill-admin/package-lock.json' process=code status=SUCCESS
2026-08-09T12:04:39Z user=nora.singh host=SQ-LT-03 event=FILE_WRITE session=756d1c655d path='~/src/platform-tools/src/config.ts' process=code status=SUCCESS
2026-08-09T12:08:08Z user=nora.singh host=SQ-LT-03 event=FILE_SYNC session=756d1c655d target=corp-drive status=SUCCESS
2026-08-09T12:09:49Z user=nora.singh host=SQ-LT-03 event=FILE_WRITE session=756d1c655d path='~/src/observability/package.json' process=python3 status=SUCCESS
2026-08-09T12:10:38Z user=nora.singh host=SQ-LT-03 event=POLICY_REFRESH session=756d1c655d policy=endpoint-standard-v6 status=SUCCESS
2026-08-09T12:10:46Z user=nora.singh host=SQ-LT-03 event=TIME_SYNC session=756d1c655d source=ntp.silverquill.internal status=SUCCESS
2026-08-09T12:11:47Z user=nora.singh host=SQ-LT-03 event=SCREEN_UNLOCK session=756d1c655d method=fido2 status=SUCCESS
2026-08-09T12:13:34Z user=nora.singh host=SQ-LT-03 event=PROCESS_START session=756d1c655d pid=54120 process=chrome executable=/opt/google/chrome/chrome cwd='~/Downloads' status=SUCCESS
2026-08-09T12:13:53Z user=nora.singh host=SQ-LT-03 event=PROCESS_START session=756d1c655d pid=31228 process=bash executable=/usr/bin/bash cwd='~/src/observability' command='bash scripts/run-local.sh' status=SUCCESS
2026-08-09T12:22:01Z user=nora.singh host=SQ-LT-03 event=PRINT_JOB session=756d1c655d printer=sq-floor3-mfp pages=6 status=SUCCESS
2026-08-09T12:24:10Z user=nora.singh host=SQ-LT-03 event=NETWORK_CONNECT session=756d1c655d process=python3 destination=sso.silverquill.internal dest_ip=10.18.7.11 dest_port=443 protocol=tcp status=SUCCESS
2026-08-09T12:26:39Z user=nora.singh host=SQ-LT-03 event=FILE_WRITE session=756d1c655d path='~/src/platform-tools/.github/workflows/ci.yml' process=code status=SUCCESS
2026-08-09T12:27:42Z user=nora.singh host=SQ-LT-03 event=PROCESS_START session=756d1c655d pid=50342 process=slack executable=/usr/bin/slack cwd='~/src/observability' status=SUCCESS
2026-08-09T12:30:08Z user=nora.singh host=SQ-LT-03 event=PROCESS_START session=756d1c655d pid=56105 process=bash executable=/usr/bin/bash cwd='~/Downloads' command='bash scripts/run-local.sh' status=SUCCESS
2026-08-09T12:30:26Z user=nora.singh host=SQ-LT-03 event=EDR_HEALTH session=756d1c655d sensor=healthy status=SUCCESS
2026-08-09T12:45:27Z user=nora.singh host=SQ-LT-03 event=FILE_WRITE session=756d1c655d path='~/src/deploy-scripts/src/services/deploy.ts' process=code status=SUCCESS
2026-08-09T12:46:48Z user=nora.singh host=SQ-LT-03 event=POLICY_REFRESH session=756d1c655d policy=endpoint-standard-v6 status=SUCCESS
2026-08-09T12:48:10Z user=nora.singh host=SQ-LT-03 event=HEARTBEAT session=756d1c655d agent=edr-7.4.2 status=SUCCESS
2026-08-09T12:48:21Z user=nora.singh host=SQ-LT-03 event=SCREEN_LOCK session=756d1c655d status=SUCCESS
2026-08-09T12:54:37Z user=nora.singh host=SQ-LT-03 event=POLICY_REFRESH session=756d1c655d policy=endpoint-standard-v6 status=SUCCESS
2026-08-09T12:55:07Z user=nora.singh host=SQ-LT-03 event=PROCESS_START session=756d1c655d pid=19906 process=npm executable=/usr/bin/npm cwd='~/Downloads' command='npm audit --omit=dev' status=SUCCESS
2026-08-09T13:03:03Z user=nora.singh host=SQ-LT-03 event=NETWORK_CONNECT session=756d1c655d process=code destination=sso.silverquill.internal dest_ip=10.18.7.11 dest_port=443 protocol=tcp status=SUCCESS
2026-08-09T13:06:14Z user=nora.singh host=SQ-LT-03 event=PROCESS_START session=756d1c655d pid=61014 process=slack executable=/usr/bin/slack cwd='~' status=SUCCESS
2026-08-09T13:06:47Z user=nora.singh host=SQ-LT-03 event=SCREEN_UNLOCK session=756d1c655d method=fido2 status=SUCCESS
2026-08-09T13:07:08Z user=nora.singh host=SQ-LT-03 event=PRINT_JOB session=756d1c655d printer=sq-floor3-mfp pages=8 status=SUCCESS
2026-08-09T13:08:01Z user=nora.singh host=SQ-LT-03 event=NETWORK_CONNECT session=756d1c655d process=chrome destination=packages.silverquill.internal dest_ip=10.18.2.7 dest_port=443 protocol=tcp status=SUCCESS
2026-08-09T13:08:13Z user=nora.singh host=SQ-LT-03 event=PROCESS_START session=756d1c655d pid=5707 process=slack executable=/usr/bin/slack cwd='~/src/platform-tools' status=SUCCESS
2026-08-09T13:12:41Z user=nora.singh host=SQ-LT-03 event=SCREEN_LOCK session=756d1c655d status=SUCCESS
2026-08-09T13:14:09Z user=nora.singh host=SQ-LT-03 event=TIME_SYNC session=756d1c655d source=ntp.silverquill.internal status=SUCCESS
2026-08-09T13:15:57Z user=nora.singh host=SQ-LT-03 event=HEARTBEAT session=756d1c655d agent=edr-7.4.2 status=SUCCESS
2026-08-09T13:16:02Z user=nora.singh host=SQ-LT-03 event=SCREEN_UNLOCK session=756d1c655d method=fido2 status=SUCCESS
2026-08-09T13:16:28Z user=nora.singh host=SQ-LT-03 event=NETWORK_CONNECT session=756d1c655d process=chrome destination=packages.silverquill.internal dest_ip=10.18.2.7 dest_port=443 protocol=tcp status=SUCCESS
2026-08-09T13:16:33Z user=nora.singh host=SQ-LT-03 event=TIME_SYNC session=756d1c655d source=ntp.silverquill.internal status=SUCCESS
2026-08-09T13:22:30Z user=nora.singh host=SQ-LT-03 event=PROCESS_START session=756d1c655d pid=16578 process=node executable=/usr/bin/node cwd='~/Downloads' command='node ./dist/server.js' status=SUCCESS
2026-08-09T13:26:29Z user=nora.singh host=SQ-LT-03 event=NETWORK_CONNECT session=756d1c655d process=npm destination=jira.silverquill.internal dest_ip=10.18.1.21 dest_port=443 protocol=tcp status=SUCCESS
2026-08-09T13:26:31Z user=nora.singh host=SQ-LT-03 event=ANTIVIRUS_SCAN session=756d1c655d engine=defender mode=quick status=SUCCESS
2026-08-09T13:29:34Z user=nora.singh host=SQ-LT-03 event=PRINT_JOB session=756d1c655d printer=sq-floor3-mfp pages=8 status=SUCCESS
2026-08-09T13:29:34Z user=nora.singh host=SQ-LT-03 event=PROCESS_START session=756d1c655d pid=2890 process=chrome executable=/opt/google/chrome/chrome cwd='~/src/observability' status=SUCCESS
2026-08-09T13:32:37Z user=nora.singh host=SQ-LT-03 event=SCREEN_LOCK session=756d1c655d status=SUCCESS
2026-08-09T13:36:12Z user=nora.singh host=SQ-LT-03 event=NETWORK_CONNECT session=756d1c655d process=chrome destination=registry.silverquill.internal dest_ip=10.18.3.12 dest_port=443 protocol=tcp status=SUCCESS
2026-08-09T13:37:37Z user=nora.singh host=SQ-LT-03 event=NETWORK_CONNECT session=756d1c655d process=chrome destination=docs.silverquill.internal dest_ip=10.18.6.14 dest_port=443 protocol=tcp status=SUCCESS
2026-08-09T13:40:08Z user=nora.singh host=SQ-LT-03 event=HEARTBEAT session=756d1c655d agent=edr-7.4.2 status=SUCCESS
2026-08-09T13:45:27Z user=nora.singh host=SQ-LT-03 event=PROCESS_START session=756d1c655d pid=31708 process=python3 executable=/usr/bin/python3 cwd='~/Downloads' command='python3 scripts/audit_config.py' status=SUCCESS
2026-08-09T13:45:57Z user=nora.singh host=SQ-LT-03 event=FILE_OPEN session=756d1c655d path='~/src/quill-admin/src/routes/status.ts' process=python3 status=SUCCESS
2026-08-09T13:46:01Z user=nora.singh host=SQ-LT-03 event=SCREEN_UNLOCK session=756d1c655d method=fido2 status=SUCCESS
2026-08-09T13:47:38Z user=nora.singh host=SQ-LT-03 event=IDLE_CHECK session=756d1c655d status=SUCCESS
2026-08-09T13:48:59Z user=nora.singh host=SQ-LT-03 event=FILE_SYNC session=756d1c655d target=settings-roam status=SUCCESS
2026-08-09T13:54:21Z user=nora.singh host=SQ-LT-03 event=PROCESS_START session=756d1c655d pid=15106 process=chrome executable=/opt/google/chrome/chrome cwd='~/src/deploy-scripts' status=SUCCESS
2026-08-09T13:58:19Z user=nora.singh host=SQ-LT-03 event=POLICY_REFRESH session=756d1c655d policy=endpoint-standard-v6 status=SUCCESS
2026-08-09T13:59:08Z user=nora.singh host=SQ-LT-03 event=NETWORK_CONNECT session=756d1c655d process=npm destination=sso.silverquill.internal dest_ip=10.18.7.11 dest_port=443 protocol=tcp status=SUCCESS
2026-08-09T14:00:36Z user=nora.singh host=SQ-LT-03 event=FILE_WRITE session=756d1c655d path='~/src/quill-admin/scripts/check-config.js' process=node status=SUCCESS
2026-08-09T14:01:22Z user=nora.singh host=SQ-LT-03 event=NETWORK_CONNECT session=756d1c655d process=chrome destination=registry.silverquill.internal dest_ip=10.18.3.12 dest_port=443 protocol=tcp status=SUCCESS
2026-08-09T14:01:54Z user=nora.singh host=SQ-LT-03 event=FILE_OPEN session=756d1c655d path='~/src/observability/Dockerfile' process=node status=SUCCESS
2026-08-09T14:07:55Z user=nora.singh host=SQ-LT-03 event=PROCESS_START session=756d1c655d pid=45319 process=slack executable=/usr/bin/slack cwd='~/src/quill-admin' status=SUCCESS
2026-08-09T14:08:31Z user=nora.singh host=SQ-LT-03 event=PROCESS_START session=756d1c655d pid=61242 process=code executable=/usr/share/code/code cwd='~/src/observability' status=SUCCESS
2026-08-09T14:09:26Z user=nora.singh host=SQ-LT-03 event=POLICY_REFRESH session=756d1c655d policy=endpoint-standard-v6 status=SUCCESS
2026-08-09T14:10:32Z user=nora.singh host=SQ-LT-03 event=ANTIVIRUS_SCAN session=756d1c655d engine=defender mode=quick status=SUCCESS
2026-08-09T14:11:34Z user=nora.singh host=SQ-LT-03 event=PACKAGE_UPDATE session=756d1c655d package=chrome status=SUCCESS
2026-08-09T14:12:06Z user=nora.singh host=SQ-LT-03 event=EDR_HEALTH session=756d1c655d sensor=healthy status=SUCCESS
2026-08-09T14:21:10Z user=nora.singh host=SQ-LT-03 event=ANTIVIRUS_SCAN session=756d1c655d engine=defender mode=realtime status=SUCCESS
2026-08-09T14:21:36Z user=nora.singh host=SQ-LT-03 event=FILE_OPEN session=756d1c655d path='~/src/platform-tools/Dockerfile' process=code status=SUCCESS
2026-08-09T14:23:20Z user=nora.singh host=SQ-LT-03 event=USB_MOUNT session=756d1c655d device=Logitech-Receiver status=SUCCESS
2026-08-09T14:23:24Z user=nora.singh host=SQ-LT-03 event=FILE_OPEN session=756d1c655d path='~/src/deploy-scripts/src/services/deploy.ts' process=npm status=SUCCESS
2026-08-09T14:28:39Z user=nora.singh host=SQ-LT-03 event=ANTIVIRUS_SCAN session=756d1c655d engine=defender mode=realtime status=SUCCESS
2026-08-09T14:29:13Z user=nora.singh host=SQ-LT-03 event=TIME_SYNC session=756d1c655d source=ntp.silverquill.internal status=SUCCESS
2026-08-09T14:29:42Z user=nora.singh host=SQ-LT-03 event=IDLE_CHECK session=756d1c655d status=SUCCESS
2026-08-09T14:30:04Z user=nora.singh host=SQ-LT-03 event=USB_UNMOUNT session=756d1c655d device=Logitech-Receiver status=SUCCESS
2026-08-09T14:31:51Z user=nora.singh host=SQ-LT-03 event=PROCESS_START session=756d1c655d pid=61229 process=npm executable=/usr/bin/npm cwd='~/Downloads' command='npm audit --omit=dev' status=SUCCESS
2026-08-09T14:32:06Z user=nora.singh host=SQ-LT-03 event=VPN_DISCONNECT session=756d1c655d profile=corp-vpn status=SUCCESS
2026-08-09T14:35:18Z user=nora.singh host=SQ-LT-03 event=LOGOUT session=756d1c655d status=SUCCESS
2026-08-09T14:41:56Z host=SQ-LT-03 event=POWER_OFF login=none status=SUCCESS
2026-08-10T08:34:55Z host=SQ-LT-03 event=SYSTEM_BOOT boot_id=acf05ce840 status=SUCCESS
2026-08-10T08:37:20Z user=nora.singh host=SQ-LT-03 event=LOGIN session=a3355d1dfe method=password+fido2 status=SUCCESS
2026-08-10T08:40:05Z user=nora.singh host=SQ-LT-03 event=TIME_SYNC session=a3355d1dfe source=ntp.silverquill.internal status=SUCCESS
2026-08-10T08:41:55Z user=nora.singh host=SQ-LT-03 event=PROCESS_START session=a3355d1dfe pid=46122 process=python3 executable=/usr/bin/python3 cwd='~/src/quill-admin' command='python3 scripts/report_health.py' status=SUCCESS
2026-08-10T08:44:29Z user=nora.singh host=SQ-LT-03 event=VPN_CONNECT session=a3355d1dfe profile=corp-vpn gateway=vpn-blr-02 status=SUCCESS
2026-08-10T08:44:39Z user=nora.singh host=SQ-LT-03 event=IDLE_CHECK session=a3355d1dfe status=SUCCESS
2026-08-10T08:46:09Z user=nora.singh host=SQ-LT-03 event=PROCESS_START session=a3355d1dfe pid=3849 process=chrome executable=/opt/google/chrome/chrome cwd='~/src/deploy-scripts' status=SUCCESS
2026-08-10T08:49:32Z user=nora.singh host=SQ-LT-03 event=FILE_OPEN session=a3355d1dfe path='~/src/deploy-scripts/src/services/metrics.ts' process=node status=SUCCESS
2026-08-10T08:50:41Z user=nora.singh host=SQ-LT-03 event=FILE_WRITE session=a3355d1dfe path='~/src/deploy-scripts/Dockerfile' process=code status=SUCCESS
2026-08-10T08:55:00Z user=nora.singh host=SQ-LT-03 event=FILE_OPEN session=a3355d1dfe path='~/src/observability/src/routes/status.ts' process=code status=SUCCESS
2026-08-10T08:57:19Z user=nora.singh host=SQ-LT-03 event=FILE_WRITE session=a3355d1dfe path='~/src/platform-tools/Dockerfile' process=npm status=SUCCESS
2026-08-10T08:58:54Z user=nora.singh host=SQ-LT-03 event=NETWORK_CONNECT session=a3355d1dfe process=chrome destination=sso.silverquill.internal dest_ip=10.18.7.11 dest_port=443 protocol=tcp status=SUCCESS
2026-08-10T09:00:08Z user=nora.singh host=SQ-LT-03 event=FILE_OPEN session=a3355d1dfe path='~/src/observability/.github/workflows/ci.yml' process=npm status=SUCCESS
2026-08-10T09:02:44Z user=nora.singh host=SQ-LT-03 event=FILE_SYNC session=a3355d1dfe target=settings-roam status=SUCCESS
2026-08-10T09:02:45Z user=nora.singh host=SQ-LT-03 event=NETWORK_CONNECT session=a3355d1dfe process=code destination=jira.silverquill.internal dest_ip=10.18.1.21 dest_port=443 protocol=tcp status=SUCCESS
2026-08-10T09:07:04Z user=nora.singh host=SQ-LT-03 event=FILE_WRITE session=a3355d1dfe path='~/src/deploy-scripts/src/services/deploy.ts' process=npm status=SUCCESS
2026-08-10T09:09:14Z user=nora.singh host=SQ-LT-03 event=ANTIVIRUS_SCAN session=a3355d1dfe engine=defender mode=quick status=SUCCESS
2026-08-10T09:19:35Z user=nora.singh host=SQ-LT-03 event=PROCESS_START session=a3355d1dfe pid=28593 process=bash executable=/usr/bin/bash cwd='~/Downloads' command='bash scripts/check-env.sh' status=SUCCESS
2026-08-10T09:21:55Z user=nora.singh host=SQ-LT-03 event=SCREEN_LOCK session=a3355d1dfe status=SUCCESS
2026-08-10T09:22:32Z user=nora.singh host=SQ-LT-03 event=NETWORK_CONNECT session=a3355d1dfe process=code destination=grafana.silverquill.internal dest_ip=10.18.4.18 dest_port=443 protocol=tcp status=SUCCESS
2026-08-10T09:24:51Z user=nora.singh host=SQ-LT-03 event=NETWORK_CONNECT session=a3355d1dfe process=code destination=docs.silverquill.internal dest_ip=10.18.6.14 dest_port=443 protocol=tcp status=SUCCESS
2026-08-10T09:27:09Z user=nora.singh host=SQ-LT-03 event=FILE_WRITE session=a3355d1dfe path='~/src/platform-tools/Dockerfile' process=code status=SUCCESS
2026-08-10T09:28:09Z user=nora.singh host=SQ-LT-03 event=FILE_OPEN session=a3355d1dfe path='~/src/observability/scripts/release.sh' process=node status=SUCCESS
2026-08-10T09:28:19Z user=nora.singh host=SQ-LT-03 event=NETWORK_CONNECT session=a3355d1dfe process=code destination=registry.silverquill.internal dest_ip=10.18.3.12 dest_port=443 protocol=tcp status=SUCCESS
2026-08-10T09:29:14Z user=nora.singh host=SQ-LT-03 event=FILE_WRITE session=a3355d1dfe path='~/src/platform-tools/scripts/check-config.js' process=python3 status=SUCCESS
2026-08-10T09:29:54Z user=nora.singh host=SQ-LT-03 event=PROCESS_START session=a3355d1dfe pid=55303 process=python3 executable=/usr/bin/python3 cwd='~/src/observability' command='python3 scripts/report_health.py' status=SUCCESS
2026-08-10T09:31:45Z user=nora.singh host=SQ-LT-03 event=FILE_SYNC session=a3355d1dfe target=corp-drive status=SUCCESS
2026-08-10T09:35:29Z user=nora.singh host=SQ-LT-03 event=PROCESS_START session=a3355d1dfe pid=34862 process=slack executable=/usr/bin/slack cwd='~' status=SUCCESS
2026-08-10T09:37:25Z user=nora.singh host=SQ-LT-03 event=IDLE_CHECK session=a3355d1dfe status=SUCCESS
2026-08-10T09:38:03Z user=nora.singh host=SQ-LT-03 event=USB_MOUNT session=a3355d1dfe device=Logitech-Receiver status=SUCCESS
2026-08-10T09:38:41Z user=nora.singh host=SQ-LT-03 event=FILE_OPEN session=a3355d1dfe path='~/src/quill-api/scripts/release.sh' process=python3 status=SUCCESS
2026-08-10T09:41:38Z user=nora.singh host=SQ-LT-03 event=FILE_WRITE session=a3355d1dfe path='~/src/observability/.github/workflows/ci.yml' process=code status=SUCCESS
2026-08-10T09:43:50Z user=nora.singh host=SQ-LT-03 event=NETWORK_CONNECT session=a3355d1dfe process=python3 destination=ci.silverquill.internal dest_ip=10.18.5.9 dest_port=443 protocol=tcp status=SUCCESS
2026-08-10T09:44:56Z user=nora.singh host=SQ-LT-03 event=PROCESS_START session=a3355d1dfe pid=4032 process=chrome executable=/opt/google/chrome/chrome cwd='~/Downloads' status=SUCCESS
2026-08-10T09:45:20Z user=nora.singh host=SQ-LT-03 event=FILE_OPEN session=a3355d1dfe path='~/src/quill-api/package.json' process=npm status=SUCCESS
2026-08-10T09:46:03Z user=nora.singh host=SQ-LT-03 event=FILE_WRITE session=a3355d1dfe path='~/src/deploy-scripts/scripts/release.sh' process=npm status=SUCCESS
2026-08-10T09:46:58Z user=nora.singh host=SQ-LT-03 event=IDLE_CHECK session=a3355d1dfe status=SUCCESS
2026-08-10T09:47:31Z user=nora.singh host=SQ-LT-03 event=POLICY_REFRESH session=a3355d1dfe policy=endpoint-standard-v6 status=SUCCESS
2026-08-10T09:50:29Z user=nora.singh host=SQ-LT-03 event=NETWORK_CONNECT session=a3355d1dfe process=chrome destination=jira.silverquill.internal dest_ip=10.18.1.21 dest_port=443 protocol=tcp status=SUCCESS
2026-08-10T09:50:44Z user=nora.singh host=SQ-LT-03 event=FILE_WRITE session=a3355d1dfe path='~/src/quill-api/src/config.ts' process=python3 status=SUCCESS
2026-08-10T09:51:28Z user=nora.singh host=SQ-LT-03 event=PROCESS_START session=a3355d1dfe pid=32319 process=code executable=/usr/share/code/code cwd='~/src/observability' status=SUCCESS
2026-08-10T09:52:36Z user=nora.singh host=SQ-LT-03 event=PROCESS_START session=a3355d1dfe pid=45794 process=python3 executable=/usr/bin/python3 cwd='~' command='python3 scripts/audit_config.py' status=SUCCESS
2026-08-10T09:54:25Z user=nora.singh host=SQ-LT-03 event=FILE_OPEN session=a3355d1dfe path='~/src/observability/README.md' process=node status=SUCCESS
2026-08-10T09:54:40Z user=nora.singh host=SQ-LT-03 event=USB_MOUNT session=a3355d1dfe device=Logitech-Receiver status=SUCCESS
2026-08-10T09:57:04Z user=nora.singh host=SQ-LT-03 event=NETWORK_CONNECT session=a3355d1dfe process=chrome destination=docs.silverquill.internal dest_ip=10.18.6.14 dest_port=443 protocol=tcp status=SUCCESS
2026-08-10T09:57:12Z user=nora.singh host=SQ-LT-03 event=SCREEN_UNLOCK session=a3355d1dfe method=fido2 status=SUCCESS
2026-08-10T09:59:16Z user=nora.singh host=SQ-LT-03 event=NETWORK_CONNECT session=a3355d1dfe process=python3 destination=packages.silverquill.internal dest_ip=10.18.2.7 dest_port=443 protocol=tcp status=SUCCESS
2026-08-10T10:00:04Z user=nora.singh host=SQ-LT-03 event=NETWORK_CONNECT session=a3355d1dfe process=code destination=ci.silverquill.internal dest_ip=10.18.5.9 dest_port=443 protocol=tcp status=SUCCESS
2026-08-10T10:03:37Z user=nora.singh host=SQ-LT-03 event=FILE_OPEN session=a3355d1dfe path='~/src/platform-tools/scripts/check-config.js' process=python3 status=SUCCESS
2026-08-10T10:09:32Z user=nora.singh host=SQ-LT-03 event=POLICY_REFRESH session=a3355d1dfe policy=endpoint-standard-v6 status=SUCCESS
2026-08-10T10:10:54Z user=nora.singh host=SQ-LT-03 event=IDLE_CHECK session=a3355d1dfe status=SUCCESS
2026-08-10T10:15:43Z user=nora.singh host=SQ-LT-03 event=FILE_WRITE session=a3355d1dfe path='~/src/deploy-scripts/src/routes/status.ts' process=python3 status=SUCCESS
2026-08-10T10:16:04Z user=nora.singh host=SQ-LT-03 event=IDLE_CHECK session=a3355d1dfe status=SUCCESS
2026-08-10T10:16:48Z user=nora.singh host=SQ-LT-03 event=ANTIVIRUS_SCAN session=a3355d1dfe engine=defender mode=quick status=SUCCESS
2026-08-10T10:16:49Z user=nora.singh host=SQ-LT-03 event=PROCESS_START session=a3355d1dfe pid=14342 process=npm executable=/usr/bin/npm cwd='~' command='npm audit --omit=dev' status=SUCCESS
2026-08-10T10:17:57Z user=nora.singh host=SQ-LT-03 event=PROCESS_START session=a3355d1dfe pid=20560 process=node executable=/usr/bin/node cwd='~' command='node ./dist/server.js' status=SUCCESS
2026-08-10T10:21:45Z user=nora.singh host=SQ-LT-03 event=USB_UNMOUNT session=a3355d1dfe device=YubiKey-5C-NFC status=SUCCESS
2026-08-10T10:23:27Z user=nora.singh host=SQ-LT-03 event=ANTIVIRUS_SCAN session=a3355d1dfe engine=defender mode=realtime status=SUCCESS
2026-08-10T10:24:16Z user=nora.singh host=SQ-LT-03 event=USB_UNMOUNT session=a3355d1dfe device=Logitech-Receiver status=SUCCESS
2026-08-10T10:26:35Z user=nora.singh host=SQ-LT-03 event=FILE_SYNC session=a3355d1dfe target=settings-roam status=SUCCESS
2026-08-10T10:28:21Z user=nora.singh host=SQ-LT-03 event=ANTIVIRUS_SCAN session=a3355d1dfe engine=defender mode=realtime status=SUCCESS
2026-08-10T10:31:03Z user=nora.singh host=SQ-LT-03 event=FILE_SYNC session=a3355d1dfe target=settings-roam status=SUCCESS
2026-08-10T10:36:56Z user=nora.singh host=SQ-LT-03 event=PROCESS_START session=a3355d1dfe pid=41043 process=node executable=/usr/bin/node cwd='~/Downloads' command='node ./scripts/check-config.js' status=SUCCESS
2026-08-10T10:37:59Z user=nora.singh host=SQ-LT-03 event=NETWORK_CONNECT session=a3355d1dfe process=node destination=registry.silverquill.internal dest_ip=10.18.3.12 dest_port=443 protocol=tcp status=SUCCESS
2026-08-10T10:39:26Z user=nora.singh host=SQ-LT-03 event=IDLE_CHECK session=a3355d1dfe status=SUCCESS
2026-08-10T10:40:50Z user=nora.singh host=SQ-LT-03 event=PROCESS_START session=a3355d1dfe pid=4503 process=chrome executable=/opt/google/chrome/chrome cwd='~/src/deploy-scripts' status=SUCCESS
2026-08-10T10:42:03Z user=nora.singh host=SQ-LT-03 event=IDLE_CHECK session=a3355d1dfe status=SUCCESS
2026-08-10T10:43:09Z user=nora.singh host=SQ-LT-03 event=FILE_SYNC session=a3355d1dfe target=corp-drive status=SUCCESS
2026-08-10T10:48:09Z user=nora.singh host=SQ-LT-03 event=FILE_OPEN session=a3355d1dfe path='~/src/observability/Dockerfile' process=python3 status=SUCCESS
2026-08-10T10:53:26Z user=nora.singh host=SQ-LT-03 event=PACKAGE_UPDATE session=a3355d1dfe package=python3 status=SUCCESS
2026-08-10T10:56:07Z user=nora.singh host=SQ-LT-03 event=NETWORK_CONNECT session=a3355d1dfe process=npm destination=docs.silverquill.internal dest_ip=10.18.6.14 dest_port=443 protocol=tcp status=SUCCESS
2026-08-10T11:05:17Z user=nora.singh host=SQ-LT-03 event=HEARTBEAT session=a3355d1dfe agent=edr-7.4.2 status=SUCCESS
2026-08-10T11:07:27Z user=nora.singh host=SQ-LT-03 event=SCREEN_LOCK session=a3355d1dfe status=SUCCESS
2026-08-10T11:07:33Z user=nora.singh host=SQ-LT-03 event=NETWORK_CONNECT session=a3355d1dfe process=python3 destination=ci.silverquill.internal dest_ip=10.18.5.9 dest_port=443 protocol=tcp status=SUCCESS
2026-08-10T11:11:36Z user=nora.singh host=SQ-LT-03 event=NETWORK_CONNECT session=a3355d1dfe process=node destination=registry.silverquill.internal dest_ip=10.18.3.12 dest_port=443 protocol=tcp status=SUCCESS
2026-08-10T11:17:08Z user=nora.singh host=SQ-LT-03 event=NETWORK_CONNECT session=a3355d1dfe process=node destination=sso.silverquill.internal dest_ip=10.18.7.11 dest_port=443 protocol=tcp status=SUCCESS
2026-08-10T11:17:53Z user=nora.singh host=SQ-LT-03 event=FILE_SYNC session=a3355d1dfe target=settings-roam status=SUCCESS
2026-08-10T11:24:51Z user=nora.singh host=SQ-LT-03 event=EDR_HEALTH session=a3355d1dfe sensor=healthy status=SUCCESS
2026-08-10T11:27:04Z user=nora.singh host=SQ-LT-03 event=PROCESS_START session=a3355d1dfe pid=41277 process=node executable=/usr/bin/node cwd='~/src/observability' command='node ./scripts/validate-schema.js' status=SUCCESS
2026-08-10T11:28:44Z user=nora.singh host=SQ-LT-03 event=POLICY_REFRESH session=a3355d1dfe policy=endpoint-standard-v6 status=SUCCESS
2026-08-10T11:33:44Z user=nora.singh host=SQ-LT-03 event=IDLE_CHECK session=a3355d1dfe status=SUCCESS
2026-08-10T11:34:27Z user=nora.singh host=SQ-LT-03 event=FILE_WRITE session=a3355d1dfe path='~/src/quill-admin/src/routes/status.ts' process=node status=SUCCESS
2026-08-10T11:36:24Z user=nora.singh host=SQ-LT-03 event=PROCESS_START session=a3355d1dfe pid=35336 process=bash executable=/usr/bin/bash cwd='~/src/quill-admin' command='bash scripts/check-env.sh' status=SUCCESS
2026-08-10T11:37:44Z user=nora.singh host=SQ-LT-03 event=EDR_HEALTH session=a3355d1dfe sensor=healthy status=SUCCESS
2026-08-10T11:39:38Z user=nora.singh host=SQ-LT-03 event=NETWORK_CONNECT session=a3355d1dfe process=chrome destination=grafana.silverquill.internal dest_ip=10.18.4.18 dest_port=443 protocol=tcp status=SUCCESS
2026-08-10T11:41:36Z user=nora.singh host=SQ-LT-03 event=SCREEN_UNLOCK session=a3355d1dfe method=fido2 status=SUCCESS
2026-08-10T11:42:41Z user=nora.singh host=SQ-LT-03 event=IDLE_CHECK session=a3355d1dfe status=SUCCESS
2026-08-10T11:42:48Z user=nora.singh host=SQ-LT-03 event=FILE_OPEN session=a3355d1dfe path='~/src/platform-tools/src/routes/status.ts' process=node status=SUCCESS
2026-08-10T11:43:33Z user=nora.singh host=SQ-LT-03 event=IDLE_CHECK session=a3355d1dfe status=SUCCESS
2026-08-10T11:49:20Z user=nora.singh host=SQ-LT-03 event=FILE_WRITE session=a3355d1dfe path='~/src/quill-admin/src/config.ts' process=python3 status=SUCCESS
2026-08-10T11:51:12Z user=nora.singh host=SQ-LT-03 event=NETWORK_CONNECT session=a3355d1dfe process=code destination=grafana.silverquill.internal dest_ip=10.18.4.18 dest_port=443 protocol=tcp status=SUCCESS
2026-08-10T11:53:36Z user=nora.singh host=SQ-LT-03 event=NETWORK_CONNECT session=a3355d1dfe process=python3 destination=jira.silverquill.internal dest_ip=10.18.1.21 dest_port=443 protocol=tcp status=SUCCESS
2026-08-10T11:57:40Z user=nora.singh host=SQ-LT-03 event=EDR_HEALTH session=a3355d1dfe sensor=healthy status=SUCCESS
2026-08-10T12:01:44Z user=nora.singh host=SQ-LT-03 event=IDLE_CHECK session=a3355d1dfe status=SUCCESS
2026-08-10T12:02:08Z user=nora.singh host=SQ-LT-03 event=FILE_WRITE session=a3355d1dfe path='~/src/quill-api/.github/workflows/ci.yml' process=node status=SUCCESS
2026-08-10T12:02:23Z user=nora.singh host=SQ-LT-03 event=TIME_SYNC session=a3355d1dfe source=ntp.silverquill.internal status=SUCCESS
2026-08-10T12:06:24Z user=nora.singh host=SQ-LT-03 event=FILE_OPEN session=a3355d1dfe path='~/src/quill-admin/scripts/check-config.js' process=node status=SUCCESS
2026-08-10T12:07:27Z user=nora.singh host=SQ-LT-03 event=FILE_OPEN session=a3355d1dfe path='~/src/quill-admin/.github/workflows/ci.yml' process=npm status=SUCCESS
2026-08-10T12:08:39Z user=nora.singh host=SQ-LT-03 event=IDLE_CHECK session=a3355d1dfe status=SUCCESS
2026-08-10T12:20:02Z user=nora.singh host=SQ-LT-03 event=NETWORK_CONNECT session=a3355d1dfe process=node destination=jira.silverquill.internal dest_ip=10.18.1.21 dest_port=443 protocol=tcp status=SUCCESS
2026-08-10T12:25:11Z user=nora.singh host=SQ-LT-03 event=NETWORK_CONNECT session=a3355d1dfe process=python3 destination=ci.silverquill.internal dest_ip=10.18.5.9 dest_port=443 protocol=tcp status=SUCCESS
2026-08-10T12:25:20Z user=nora.singh host=SQ-LT-03 event=PROCESS_START session=a3355d1dfe pid=63762 process=code executable=/usr/share/code/code cwd='~' status=SUCCESS
2026-08-10T12:26:52Z user=nora.singh host=SQ-LT-03 event=HEARTBEAT session=a3355d1dfe agent=edr-7.4.2 status=SUCCESS
2026-08-10T12:29:50Z user=nora.singh host=SQ-LT-03 event=ANTIVIRUS_SCAN session=a3355d1dfe engine=defender mode=quick status=SUCCESS
2026-08-10T12:33:44Z user=nora.singh host=SQ-LT-03 event=NETWORK_CONNECT session=a3355d1dfe process=node destination=registry.silverquill.internal dest_ip=10.18.3.12 dest_port=443 protocol=tcp status=SUCCESS
2026-08-10T12:37:51Z user=nora.singh host=SQ-LT-03 event=FILE_WRITE session=a3355d1dfe path='~/src/quill-admin/Dockerfile' process=npm status=SUCCESS
2026-08-10T12:39:55Z user=nora.singh host=SQ-LT-03 event=HEARTBEAT session=a3355d1dfe agent=edr-7.4.2 status=SUCCESS
2026-08-10T12:41:15Z user=nora.singh host=SQ-LT-03 event=EDR_HEALTH session=a3355d1dfe sensor=healthy status=SUCCESS
2026-08-10T12:41:26Z user=nora.singh host=SQ-LT-03 event=PROCESS_START session=a3355d1dfe pid=42442 process=bash executable=/usr/bin/bash cwd='~/src/platform-tools' command='bash scripts/test-health.sh' status=SUCCESS
2026-08-10T12:44:40Z user=nora.singh host=SQ-LT-03 event=FILE_OPEN session=a3355d1dfe path='~/src/observability/package.json' process=code status=SUCCESS
2026-08-10T12:57:23Z user=nora.singh host=SQ-LT-03 event=PROCESS_START session=a3355d1dfe pid=9240 process=node executable=/usr/bin/node cwd='~/src/quill-api' command='node ./scripts/validate-schema.js' status=SUCCESS
2026-08-10T12:58:45Z user=nora.singh host=SQ-LT-03 event=FILE_OPEN session=a3355d1dfe path='~/src/platform-tools/package.json' process=npm status=SUCCESS
2026-08-10T13:01:01Z user=nora.singh host=SQ-LT-03 event=NETWORK_CONNECT session=a3355d1dfe process=code destination=registry.silverquill.internal dest_ip=10.18.3.12 dest_port=443 protocol=tcp status=SUCCESS
2026-08-10T13:02:21Z user=nora.singh host=SQ-LT-03 event=PROCESS_START session=a3355d1dfe pid=20158 process=npm executable=/usr/bin/npm cwd='~/src/platform-tools' command='npm run build' status=SUCCESS
2026-08-10T13:04:23Z user=nora.singh host=SQ-LT-03 event=FILE_OPEN session=a3355d1dfe path='~/src/quill-api/package-lock.json' process=node status=SUCCESS
2026-08-10T13:13:33Z user=nora.singh host=SQ-LT-03 event=FILE_OPEN session=a3355d1dfe path='~/src/deploy-scripts/src/services/deploy.ts' process=npm status=SUCCESS
2026-08-10T13:18:39Z user=nora.singh host=SQ-LT-03 event=EDR_HEALTH session=a3355d1dfe sensor=healthy status=SUCCESS
2026-08-10T13:21:18Z user=nora.singh host=SQ-LT-03 event=TIME_SYNC session=a3355d1dfe source=ntp.silverquill.internal status=SUCCESS
2026-08-10T13:21:58Z user=nora.singh host=SQ-LT-03 event=PROCESS_START session=a3355d1dfe pid=51299 process=python3 executable=/usr/bin/python3 cwd='~/Downloads' command='python3 scripts/report_health.py' status=SUCCESS
2026-08-10T13:22:07Z user=nora.singh host=SQ-LT-03 event=EDR_HEALTH session=a3355d1dfe sensor=healthy status=SUCCESS
2026-08-10T13:23:18Z user=nora.singh host=SQ-LT-03 event=PROCESS_START session=a3355d1dfe pid=2193 process=slack executable=/usr/bin/slack cwd='~/src/quill-api' status=SUCCESS
2026-08-10T13:26:49Z user=nora.singh host=SQ-LT-03 event=PROCESS_START session=a3355d1dfe pid=34962 process=python3 executable=/usr/bin/python3 cwd='~' command='python3 scripts/audit_config.py' status=SUCCESS
2026-08-10T13:29:54Z user=nora.singh host=SQ-LT-03 event=PROCESS_START session=a3355d1dfe pid=29559 process=python3 executable=/usr/bin/python3 cwd='~/src/observability' command='python3 scripts/report_health.py' status=SUCCESS
2026-08-10T13:30:25Z user=nora.singh host=SQ-LT-03 event=HEARTBEAT session=a3355d1dfe agent=edr-7.4.2 status=SUCCESS
2026-08-10T13:33:15Z user=nora.singh host=SQ-LT-03 event=POLICY_REFRESH session=a3355d1dfe policy=endpoint-standard-v6 status=SUCCESS
2026-08-10T13:33:28Z user=nora.singh host=SQ-LT-03 event=PROCESS_START session=a3355d1dfe pid=61264 process=npm executable=/usr/bin/npm cwd='~/src/quill-admin' command='npm test' status=SUCCESS
2026-08-10T13:43:32Z user=nora.singh host=SQ-LT-03 event=IDLE_CHECK session=a3355d1dfe status=SUCCESS
2026-08-10T13:44:19Z user=nora.singh host=SQ-LT-03 event=SCREEN_LOCK session=a3355d1dfe status=SUCCESS
2026-08-10T13:58:45Z user=nora.singh host=SQ-LT-03 event=PRINT_JOB session=a3355d1dfe printer=sq-floor3-mfp pages=4 status=SUCCESS
2026-08-10T14:01:08Z user=nora.singh host=SQ-LT-03 event=SCREEN_UNLOCK session=a3355d1dfe method=fido2 status=SUCCESS
2026-08-10T14:10:02Z user=nora.singh host=SQ-LT-03 event=FILE_SYNC session=a3355d1dfe target=settings-roam status=SUCCESS
2026-08-10T14:16:18Z user=nora.singh host=SQ-LT-03 event=TIME_SYNC session=a3355d1dfe source=ntp.silverquill.internal status=SUCCESS
2026-08-10T14:21:07Z user=nora.singh host=SQ-LT-03 event=PROCESS_START session=a3355d1dfe pid=6934 process=node executable=/usr/bin/node cwd='~/src/observability' command='node ./scripts/validate-schema.js' status=SUCCESS
2026-08-10T14:22:57Z user=nora.singh host=SQ-LT-03 event=FILE_OPEN session=a3355d1dfe path='~/src/platform-tools/.github/workflows/ci.yml' process=node status=SUCCESS
2026-08-10T14:26:16Z user=nora.singh host=SQ-LT-03 event=NETWORK_CONNECT session=a3355d1dfe process=npm destination=sso.silverquill.internal dest_ip=10.18.7.11 dest_port=443 protocol=tcp status=SUCCESS
2026-08-10T14:26:43Z user=nora.singh host=SQ-LT-03 event=USB_MOUNT session=a3355d1dfe device=YubiKey-5C-NFC status=SUCCESS
2026-08-10T14:29:00Z user=nora.singh host=SQ-LT-03 event=NETWORK_CONNECT session=a3355d1dfe process=npm destination=sso.silverquill.internal dest_ip=10.18.7.11 dest_port=443 protocol=tcp status=SUCCESS
2026-08-10T14:32:15Z user=nora.singh host=SQ-LT-03 event=PROCESS_START session=a3355d1dfe pid=15535 process=slack executable=/usr/bin/slack cwd='~/src/deploy-scripts' status=SUCCESS
2026-08-10T14:34:19Z user=nora.singh host=SQ-LT-03 event=NETWORK_CONNECT session=a3355d1dfe process=node destination=jira.silverquill.internal dest_ip=10.18.1.21 dest_port=443 protocol=tcp status=SUCCESS
2026-08-10T14:38:42Z user=nora.singh host=SQ-LT-03 event=HEARTBEAT session=a3355d1dfe agent=edr-7.4.2 status=SUCCESS
2026-08-10T14:41:42Z user=nora.singh host=SQ-LT-03 event=IDLE_CHECK session=a3355d1dfe status=SUCCESS
2026-08-10T14:42:58Z user=nora.singh host=SQ-LT-03 event=FILE_WRITE session=a3355d1dfe path='~/src/deploy-scripts/package.json' process=code status=SUCCESS
2026-08-10T14:47:57Z user=nora.singh host=SQ-LT-03 event=POLICY_REFRESH session=a3355d1dfe policy=endpoint-standard-v6 status=SUCCESS
2026-08-10T14:49:05Z user=nora.singh host=SQ-LT-03 event=PROCESS_START session=a3355d1dfe pid=57396 process=chrome executable=/opt/google/chrome/chrome cwd='~/src/platform-tools' status=SUCCESS
2026-08-10T14:49:25Z user=nora.singh host=SQ-LT-03 event=FILE_WRITE session=a3355d1dfe path='~/src/platform-tools/src/services/deploy.ts' process=code status=SUCCESS
2026-08-10T14:56:06Z user=nora.singh host=SQ-LT-03 event=FILE_SYNC session=a3355d1dfe target=corp-drive status=SUCCESS
2026-08-10T14:59:33Z user=nora.singh host=SQ-LT-03 event=PROCESS_START session=a3355d1dfe pid=33157 process=chrome executable=/opt/google/chrome/chrome cwd='~/src/quill-admin' status=SUCCESS
2026-08-10T15:03:03Z user=nora.singh host=SQ-LT-03 event=PROCESS_START session=a3355d1dfe pid=25076 process=slack executable=/usr/bin/slack cwd='~/src/platform-tools' status=SUCCESS
2026-08-10T15:06:20Z user=nora.singh host=SQ-LT-03 event=SCREEN_LOCK session=a3355d1dfe status=SUCCESS
2026-08-10T15:10:47Z user=nora.singh host=SQ-LT-03 event=POLICY_REFRESH session=a3355d1dfe policy=endpoint-standard-v6 status=SUCCESS
2026-08-10T15:10:50Z user=nora.singh host=SQ-LT-03 event=FILE_WRITE session=a3355d1dfe path='~/src/deploy-scripts/scripts/check-config.js' process=node status=SUCCESS
2026-08-10T15:16:16Z user=nora.singh host=SQ-LT-03 event=NETWORK_CONNECT session=a3355d1dfe process=python3 destination=docs.silverquill.internal dest_ip=10.18.6.14 dest_port=443 protocol=tcp status=SUCCESS
2026-08-10T15:17:37Z user=nora.singh host=SQ-LT-03 event=PROCESS_START session=a3355d1dfe pid=19707 process=chrome executable=/opt/google/chrome/chrome cwd='~/src/observability' status=SUCCESS
2026-08-10T15:23:26Z user=nora.singh host=SQ-LT-03 event=POLICY_REFRESH session=a3355d1dfe policy=endpoint-standard-v6 status=SUCCESS
2026-08-10T15:24:52Z user=nora.singh host=SQ-LT-03 event=EDR_HEALTH session=a3355d1dfe sensor=healthy status=SUCCESS
2026-08-10T15:28:27Z user=nora.singh host=SQ-LT-03 event=SCREEN_UNLOCK session=a3355d1dfe method=fido2 status=SUCCESS
2026-08-10T15:29:39Z user=nora.singh host=SQ-LT-03 event=FILE_OPEN session=a3355d1dfe path='~/src/deploy-scripts/package-lock.json' process=code status=SUCCESS
2026-08-10T15:31:12Z user=nora.singh host=SQ-LT-03 event=PROCESS_START session=a3355d1dfe pid=20510 process=code executable=/usr/share/code/code cwd='~/src/platform-tools' status=SUCCESS
2026-08-10T15:31:16Z user=nora.singh host=SQ-LT-03 event=HEARTBEAT session=a3355d1dfe agent=edr-7.4.2 status=SUCCESS
2026-08-10T15:33:26Z user=nora.singh host=SQ-LT-03 event=ANTIVIRUS_SCAN session=a3355d1dfe engine=defender mode=quick status=SUCCESS
2026-08-10T15:34:39Z user=nora.singh host=SQ-LT-03 event=FILE_OPEN session=a3355d1dfe path='~/src/quill-admin/src/services/metrics.ts' process=node status=SUCCESS
2026-08-10T15:44:31Z user=nora.singh host=SQ-LT-03 event=NETWORK_CONNECT session=a3355d1dfe process=node destination=packages.silverquill.internal dest_ip=10.18.2.7 dest_port=443 protocol=tcp status=SUCCESS
2026-08-10T15:46:54Z user=nora.singh host=SQ-LT-03 event=NETWORK_CONNECT session=a3355d1dfe process=code destination=jira.silverquill.internal dest_ip=10.18.1.21 dest_port=443 protocol=tcp status=SUCCESS
2026-08-10T15:49:37Z user=nora.singh host=SQ-LT-03 event=TIME_SYNC session=a3355d1dfe source=ntp.silverquill.internal status=SUCCESS
2026-08-10T15:52:59Z user=nora.singh host=SQ-LT-03 event=PROCESS_START session=a3355d1dfe pid=44283 process=python3 executable=/usr/bin/python3 cwd='~/src/quill-admin' command='python3 scripts/report_health.py' status=SUCCESS
2026-08-10T15:54:04Z user=nora.singh host=SQ-LT-03 event=ANTIVIRUS_SCAN session=a3355d1dfe engine=defender mode=quick status=SUCCESS
2026-08-10T15:55:49Z user=nora.singh host=SQ-LT-03 event=PROCESS_START session=a3355d1dfe pid=5242 process=chrome executable=/opt/google/chrome/chrome cwd='~/src/quill-admin' status=SUCCESS
2026-08-10T15:58:30Z user=nora.singh host=SQ-LT-03 event=POLICY_REFRESH session=a3355d1dfe policy=endpoint-standard-v6 status=SUCCESS
2026-08-10T16:02:32Z user=nora.singh host=SQ-LT-03 event=EDR_HEALTH session=a3355d1dfe sensor=healthy status=SUCCESS
2026-08-10T16:04:36Z user=nora.singh host=SQ-LT-03 event=FILE_OPEN session=a3355d1dfe path='~/src/deploy-scripts/package-lock.json' process=node status=SUCCESS
2026-08-10T16:06:01Z user=nora.singh host=SQ-LT-03 event=NETWORK_CONNECT session=a3355d1dfe process=npm destination=docs.silverquill.internal dest_ip=10.18.6.14 dest_port=443 protocol=tcp status=SUCCESS
2026-08-10T16:09:54Z user=nora.singh host=SQ-LT-03 event=PACKAGE_UPDATE session=a3355d1dfe package=python3 status=SUCCESS
2026-08-10T16:12:55Z user=nora.singh host=SQ-LT-03 event=ANTIVIRUS_SCAN session=a3355d1dfe engine=defender mode=quick status=SUCCESS
2026-08-10T16:14:37Z user=nora.singh host=SQ-LT-03 event=PROCESS_START session=a3355d1dfe pid=50704 process=slack executable=/usr/bin/slack cwd='~/src/platform-tools' status=SUCCESS
2026-08-10T16:14:52Z user=nora.singh host=SQ-LT-03 event=FILE_WRITE session=a3355d1dfe path='~/src/quill-api/src/services/metrics.ts' process=node status=SUCCESS
2026-08-10T16:18:41Z user=nora.singh host=SQ-LT-03 event=PROCESS_START session=a3355d1dfe pid=14767 process=bash executable=/usr/bin/bash cwd='~/src/deploy-scripts' command='bash scripts/run-local.sh' status=SUCCESS
2026-08-10T16:19:42Z user=nora.singh host=SQ-LT-03 event=PRINT_JOB session=a3355d1dfe printer=sq-floor3-mfp pages=1 status=SUCCESS
2026-08-10T16:26:06Z user=nora.singh host=SQ-LT-03 event=FILE_WRITE session=a3355d1dfe path='~/src/deploy-scripts/src/routes/health.ts' process=code status=SUCCESS
2026-08-10T16:27:13Z user=nora.singh host=SQ-LT-03 event=NETWORK_CONNECT session=a3355d1dfe process=npm destination=packages.silverquill.internal dest_ip=10.18.2.7 dest_port=443 protocol=tcp status=SUCCESS
2026-08-10T16:29:44Z user=nora.singh host=SQ-LT-03 event=FILE_WRITE session=a3355d1dfe path='~/src/observability/src/services/metrics.ts' process=code status=SUCCESS
2026-08-10T16:31:08Z user=nora.singh host=SQ-LT-03 event=PROCESS_START session=a3355d1dfe pid=50942 process=python3 executable=/usr/bin/python3 cwd='~/src/deploy-scripts' command='python3 scripts/audit_config.py' status=SUCCESS
2026-08-10T16:36:09Z user=nora.singh host=SQ-LT-03 event=NETWORK_CONNECT session=a3355d1dfe process=chrome destination=docs.silverquill.internal dest_ip=10.18.6.14 dest_port=443 protocol=tcp status=SUCCESS
2026-08-10T16:39:40Z user=nora.singh host=SQ-LT-03 event=ANTIVIRUS_SCAN session=a3355d1dfe engine=defender mode=quick status=SUCCESS
2026-08-10T16:40:29Z user=nora.singh host=SQ-LT-03 event=EDR_HEALTH session=a3355d1dfe sensor=healthy status=SUCCESS
2026-08-10T16:41:27Z user=nora.singh host=SQ-LT-03 event=PROCESS_START session=a3355d1dfe pid=10936 process=npm executable=/usr/bin/npm cwd='~/src/quill-api' command='npm test' status=SUCCESS
2026-08-10T16:48:15Z user=nora.singh host=SQ-LT-03 event=EDR_HEALTH session=a3355d1dfe sensor=healthy status=SUCCESS
2026-08-10T16:53:57Z user=nora.singh host=SQ-LT-03 event=IDLE_CHECK session=a3355d1dfe status=SUCCESS
2026-08-10T16:55:27Z user=nora.singh host=SQ-LT-03 event=EDR_HEALTH session=a3355d1dfe sensor=healthy status=SUCCESS
2026-08-10T17:00:44Z user=nora.singh host=SQ-LT-03 event=NETWORK_CONNECT session=a3355d1dfe process=node destination=jira.silverquill.internal dest_ip=10.18.1.21 dest_port=443 protocol=tcp status=SUCCESS
2026-08-10T17:02:14Z user=nora.singh host=SQ-LT-03 event=TIME_SYNC session=a3355d1dfe source=ntp.silverquill.internal status=SUCCESS
2026-08-10T17:06:23Z user=nora.singh host=SQ-LT-03 event=NETWORK_CONNECT session=a3355d1dfe process=code destination=grafana.silverquill.internal dest_ip=10.18.4.18 dest_port=443 protocol=tcp status=SUCCESS
2026-08-10T17:10:30Z user=nora.singh host=SQ-LT-03 event=PROCESS_START session=a3355d1dfe pid=30382 process=slack executable=/usr/bin/slack cwd='~/src/quill-api' status=SUCCESS
2026-08-10T17:11:48Z user=nora.singh host=SQ-LT-03 event=EDR_HEALTH session=a3355d1dfe sensor=healthy status=SUCCESS
2026-08-10T17:13:35Z user=nora.singh host=SQ-LT-03 event=FILE_WRITE session=a3355d1dfe path='~/src/observability/scripts/check-config.js' process=python3 status=SUCCESS
2026-08-10T17:15:26Z user=nora.singh host=SQ-LT-03 event=PROCESS_START session=a3355d1dfe pid=14464 process=python3 executable=/usr/bin/python3 cwd='~/Downloads' command='python3 scripts/audit_config.py' status=SUCCESS
2026-08-10T17:16:20Z user=nora.singh host=SQ-LT-03 event=POLICY_REFRESH session=a3355d1dfe policy=endpoint-standard-v6 status=SUCCESS
2026-08-10T17:16:58Z user=nora.singh host=SQ-LT-03 event=FILE_OPEN session=a3355d1dfe path='~/src/quill-api/scripts/release.sh' process=code status=SUCCESS
2026-08-10T17:18:21Z user=nora.singh host=SQ-LT-03 event=FILE_SYNC session=a3355d1dfe target=settings-roam status=SUCCESS
2026-08-10T17:28:32Z user=nora.singh host=SQ-LT-03 event=PACKAGE_UPDATE session=a3355d1dfe package=nodejs status=SUCCESS
2026-08-10T17:31:13Z user=nora.singh host=SQ-LT-03 event=SCREEN_LOCK session=a3355d1dfe status=SUCCESS
2026-08-10T17:37:31Z user=nora.singh host=SQ-LT-03 event=PROCESS_START session=a3355d1dfe pid=55605 process=chrome executable=/opt/google/chrome/chrome cwd='~/src/quill-admin' status=SUCCESS
2026-08-10T17:39:46Z user=nora.singh host=SQ-LT-03 event=POLICY_REFRESH session=a3355d1dfe policy=endpoint-standard-v6 status=SUCCESS
2026-08-10T17:41:09Z user=nora.singh host=SQ-LT-03 event=EDR_HEALTH session=a3355d1dfe sensor=healthy status=SUCCESS
2026-08-10T17:46:37Z user=nora.singh host=SQ-LT-03 event=POLICY_REFRESH session=a3355d1dfe policy=endpoint-standard-v6 status=SUCCESS
2026-08-10T17:46:43Z user=nora.singh host=SQ-LT-03 event=FILE_WRITE session=a3355d1dfe path='~/src/quill-api/scripts/release.sh' process=npm status=SUCCESS
2026-08-10T17:47:54Z user=nora.singh host=SQ-LT-03 event=POLICY_REFRESH session=a3355d1dfe policy=endpoint-standard-v6 status=SUCCESS
2026-08-10T17:51:03Z user=nora.singh host=SQ-LT-03 event=NETWORK_CONNECT session=a3355d1dfe process=code destination=ci.silverquill.internal dest_ip=10.18.5.9 dest_port=443 protocol=tcp status=SUCCESS
2026-08-10T17:55:47Z user=nora.singh host=SQ-LT-03 event=USB_MOUNT session=a3355d1dfe device=YubiKey-5C-NFC status=SUCCESS
2026-08-10T18:04:49Z user=nora.singh host=SQ-LT-03 event=ANTIVIRUS_SCAN session=a3355d1dfe engine=defender mode=realtime status=SUCCESS
2026-08-10T18:05:05Z user=nora.singh host=SQ-LT-03 event=SCREEN_UNLOCK session=a3355d1dfe method=fido2 status=SUCCESS
2026-08-10T18:07:42Z user=nora.singh host=SQ-LT-03 event=PROCESS_START session=a3355d1dfe pid=43255 process=bash executable=/usr/bin/bash cwd='~/src/quill-admin' command='bash scripts/test-health.sh' status=SUCCESS
2026-08-10T18:09:37Z user=nora.singh host=SQ-LT-03 event=TIME_SYNC session=a3355d1dfe source=ntp.silverquill.internal status=SUCCESS
2026-08-10T18:10:13Z user=nora.singh host=SQ-LT-03 event=NETWORK_CONNECT session=a3355d1dfe process=node destination=sso.silverquill.internal dest_ip=10.18.7.11 dest_port=443 protocol=tcp status=SUCCESS
2026-08-10T18:18:18Z user=nora.singh host=SQ-LT-03 event=POLICY_REFRESH session=a3355d1dfe policy=endpoint-standard-v6 status=SUCCESS
2026-08-10T18:31:24Z user=nora.singh host=SQ-LT-03 event=PROCESS_START session=a3355d1dfe pid=56966 process=node executable=/usr/bin/node cwd='~/src/observability' command='node ./scripts/check-config.js' status=SUCCESS
2026-08-10T18:32:31Z user=nora.singh host=SQ-LT-03 event=EDR_HEALTH session=a3355d1dfe sensor=healthy status=SUCCESS
2026-08-10T18:37:49Z user=nora.singh host=SQ-LT-03 event=IDLE_CHECK session=a3355d1dfe status=SUCCESS
2026-08-10T18:41:33Z user=nora.singh host=SQ-LT-03 event=VPN_DISCONNECT session=a3355d1dfe profile=corp-vpn status=SUCCESS
2026-08-10T18:42:18Z user=nora.singh host=SQ-LT-03 event=FILE_OPEN session=a3355d1dfe path='~/src/quill-admin/src/config.ts' process=python3 status=SUCCESS
2026-08-10T18:42:24Z user=nora.singh host=SQ-LT-03 event=NETWORK_CONNECT session=a3355d1dfe process=chrome destination=ci.silverquill.internal dest_ip=10.18.5.9 dest_port=443 protocol=tcp status=SUCCESS
2026-08-10T18:45:24Z user=nora.singh host=SQ-LT-03 event=LOGOUT session=a3355d1dfe status=SUCCESS
2026-08-10T18:49:45Z host=SQ-LT-03 event=POWER_OFF login=none status=SUCCESS
2026-08-11T07:23:37Z host=SQ-LT-03 event=SYSTEM_BOOT boot_id=8774fb53c8 status=SUCCESS
2026-08-11T07:25:19Z user=nora.singh host=SQ-LT-03 event=LOGIN session=d3e1b033b7 method=password+fido2 status=SUCCESS
2026-08-11T07:26:19Z user=nora.singh host=SQ-LT-03 event=FILE_WRITE session=d3e1b033b7 path='~/src/observability/src/routes/health.ts' process=npm status=SUCCESS
2026-08-11T07:28:05Z user=nora.singh host=SQ-LT-03 event=EDR_HEALTH session=d3e1b033b7 sensor=healthy status=SUCCESS
2026-08-11T07:30:23Z user=nora.singh host=SQ-LT-03 event=VPN_CONNECT session=d3e1b033b7 profile=corp-vpn gateway=vpn-blr-02 status=SUCCESS
2026-08-11T07:31:36Z user=nora.singh host=SQ-LT-03 event=HEARTBEAT session=d3e1b033b7 agent=edr-7.4.2 status=SUCCESS
2026-08-11T07:32:52Z user=nora.singh host=SQ-LT-03 event=PROCESS_START session=d3e1b033b7 pid=53772 process=npm executable=/usr/bin/npm cwd='~/src/platform-tools' command='npm test' status=SUCCESS
2026-08-11T07:35:33Z user=nora.singh host=SQ-LT-03 event=USB_UNMOUNT session=d3e1b033b7 device=Logitech-Receiver status=SUCCESS
2026-08-11T07:37:13Z user=nora.singh host=SQ-LT-03 event=NETWORK_CONNECT session=d3e1b033b7 process=chrome destination=packages.silverquill.internal dest_ip=10.18.2.7 dest_port=443 protocol=tcp status=SUCCESS
2026-08-11T07:43:52Z user=nora.singh host=SQ-LT-03 event=PROCESS_START session=d3e1b033b7 pid=19676 process=node executable=/usr/bin/node cwd='~/src/deploy-scripts' command='node ./scripts/validate-schema.js' status=SUCCESS
2026-08-11T07:49:29Z user=nora.singh host=SQ-LT-03 event=NETWORK_CONNECT session=d3e1b033b7 process=node destination=packages.silverquill.internal dest_ip=10.18.2.7 dest_port=443 protocol=tcp status=SUCCESS
2026-08-11T07:49:37Z user=nora.singh host=SQ-LT-03 event=FILE_SYNC session=d3e1b033b7 target=settings-roam status=SUCCESS
2026-08-11T07:49:45Z user=nora.singh host=SQ-LT-03 event=NETWORK_CONNECT session=d3e1b033b7 process=chrome destination=registry.silverquill.internal dest_ip=10.18.3.12 dest_port=443 protocol=tcp status=SUCCESS
2026-08-11T07:54:44Z user=nora.singh host=SQ-LT-03 event=FILE_OPEN session=d3e1b033b7 path='~/src/observability/src/config.ts' process=code status=SUCCESS
2026-08-11T08:03:39Z user=nora.singh host=SQ-LT-03 event=FILE_WRITE session=d3e1b033b7 path='~/src/platform-tools/scripts/release.sh' process=node status=SUCCESS
2026-08-11T08:07:29Z user=nora.singh host=SQ-LT-03 event=PROCESS_START session=d3e1b033b7 pid=25364 process=slack executable=/usr/bin/slack cwd='~' status=SUCCESS
2026-08-11T08:09:59Z user=nora.singh host=SQ-LT-03 event=NETWORK_CONNECT session=d3e1b033b7 process=npm destination=jira.silverquill.internal dest_ip=10.18.1.21 dest_port=443 protocol=tcp status=SUCCESS
2026-08-11T08:13:14Z user=nora.singh host=SQ-LT-03 event=FILE_WRITE session=d3e1b033b7 path='~/src/platform-tools/package-lock.json' process=npm status=SUCCESS
2026-08-11T08:14:48Z user=nora.singh host=SQ-LT-03 event=PROCESS_START session=d3e1b033b7 pid=6803 process=chrome executable=/opt/google/chrome/chrome cwd='~' status=SUCCESS
2026-08-11T08:14:58Z user=nora.singh host=SQ-LT-03 event=FILE_OPEN session=d3e1b033b7 path='~/src/quill-api/package-lock.json' process=code status=SUCCESS
2026-08-11T08:21:04Z user=nora.singh host=SQ-LT-03 event=PROCESS_START session=d3e1b033b7 pid=20355 process=chrome executable=/opt/google/chrome/chrome cwd='~/src/quill-admin' status=SUCCESS
2026-08-11T08:33:36Z user=nora.singh host=SQ-LT-03 event=FILE_OPEN session=d3e1b033b7 path='~/src/quill-api/src/routes/health.ts' process=code status=SUCCESS
2026-08-11T08:35:00Z user=nora.singh host=SQ-LT-03 event=NETWORK_CONNECT session=d3e1b033b7 process=node destination=ci.silverquill.internal dest_ip=10.18.5.9 dest_port=443 protocol=tcp status=SUCCESS
2026-08-11T08:38:16Z user=nora.singh host=SQ-LT-03 event=NETWORK_CONNECT session=d3e1b033b7 process=code destination=jira.silverquill.internal dest_ip=10.18.1.21 dest_port=443 protocol=tcp status=SUCCESS
2026-08-11T08:38:29Z user=nora.singh host=SQ-LT-03 event=NETWORK_CONNECT session=d3e1b033b7 process=chrome destination=sso.silverquill.internal dest_ip=10.18.7.11 dest_port=443 protocol=tcp status=SUCCESS
2026-08-11T08:39:15Z user=nora.singh host=SQ-LT-03 event=IDLE_CHECK session=d3e1b033b7 status=SUCCESS
2026-08-11T08:39:17Z user=nora.singh host=SQ-LT-03 event=FILE_WRITE session=d3e1b033b7 path='~/src/deploy-scripts/scripts/release.sh' process=npm status=SUCCESS
2026-08-11T08:43:32Z user=nora.singh host=SQ-LT-03 event=IDLE_CHECK session=d3e1b033b7 status=SUCCESS
2026-08-11T08:46:16Z user=nora.singh host=SQ-LT-03 event=TIME_SYNC session=d3e1b033b7 source=ntp.silverquill.internal status=SUCCESS
2026-08-11T08:47:23Z user=nora.singh host=SQ-LT-03 event=FILE_WRITE session=d3e1b033b7 path='~/src/quill-api/src/services/metrics.ts' process=npm status=SUCCESS
2026-08-11T08:47:25Z user=nora.singh host=SQ-LT-03 event=NETWORK_CONNECT session=d3e1b033b7 process=code destination=ci.silverquill.internal dest_ip=10.18.5.9 dest_port=443 protocol=tcp status=SUCCESS
2026-08-11T08:47:44Z user=nora.singh host=SQ-LT-03 event=IDLE_CHECK session=d3e1b033b7 status=SUCCESS
2026-08-11T08:55:24Z user=nora.singh host=SQ-LT-03 event=NETWORK_CONNECT session=d3e1b033b7 process=node destination=docs.silverquill.internal dest_ip=10.18.6.14 dest_port=443 protocol=tcp status=SUCCESS
2026-08-11T08:58:21Z user=nora.singh host=SQ-LT-03 event=SCREEN_LOCK session=d3e1b033b7 status=SUCCESS
2026-08-11T09:04:12Z user=nora.singh host=SQ-LT-03 event=FILE_OPEN session=d3e1b033b7 path='~/src/deploy-scripts/src/config.ts' process=npm status=SUCCESS
2026-08-11T09:13:07Z user=nora.singh host=SQ-LT-03 event=SCREEN_UNLOCK session=d3e1b033b7 method=fido2 status=SUCCESS
2026-08-11T09:15:58Z user=nora.singh host=SQ-LT-03 event=FILE_OPEN session=d3e1b033b7 path='~/src/platform-tools/README.md' process=code status=SUCCESS
2026-08-11T09:16:39Z user=nora.singh host=SQ-LT-03 event=NETWORK_CONNECT session=d3e1b033b7 process=chrome destination=registry.silverquill.internal dest_ip=10.18.3.12 dest_port=443 protocol=tcp status=SUCCESS
2026-08-11T09:22:16Z user=nora.singh host=SQ-LT-03 event=EDR_HEALTH session=d3e1b033b7 sensor=healthy status=SUCCESS
2026-08-11T09:29:27Z user=nora.singh host=SQ-LT-03 event=NETWORK_CONNECT session=d3e1b033b7 process=npm destination=docs.silverquill.internal dest_ip=10.18.6.14 dest_port=443 protocol=tcp status=SUCCESS
2026-08-11T09:29:38Z user=nora.singh host=SQ-LT-03 event=PROCESS_START session=d3e1b033b7 pid=11914 process=node executable=/usr/bin/node cwd='~/src/platform-tools' command='node ./scripts/check-config.js' status=SUCCESS
2026-08-11T09:35:27Z user=nora.singh host=SQ-LT-03 event=PROCESS_START session=d3e1b033b7 pid=43207 process=npm executable=/usr/bin/npm cwd='~/src/quill-api' command='npm run build' status=SUCCESS
2026-08-11T09:35:55Z user=nora.singh host=SQ-LT-03 event=PROCESS_START session=d3e1b033b7 pid=60864 process=code executable=/usr/share/code/code cwd='~/src/deploy-scripts' status=SUCCESS
2026-08-11T09:37:47Z user=nora.singh host=SQ-LT-03 event=PACKAGE_UPDATE session=d3e1b033b7 package=nodejs status=SUCCESS
2026-08-11T09:38:09Z user=nora.singh host=SQ-LT-03 event=FILE_OPEN session=d3e1b033b7 path='~/src/observability/scripts/release.sh' process=python3 status=SUCCESS
2026-08-11T09:39:21Z user=nora.singh host=SQ-LT-03 event=FILE_OPEN session=d3e1b033b7 path='~/src/deploy-scripts/package.json' process=npm status=SUCCESS
2026-08-11T09:45:37Z user=nora.singh host=SQ-LT-03 event=PROCESS_START session=d3e1b033b7 pid=44198 process=python3 executable=/usr/bin/python3 cwd='~/src/deploy-scripts' command='python3 scripts/report_health.py' status=SUCCESS
2026-08-11T09:46:45Z user=nora.singh host=SQ-LT-03 event=PROCESS_START session=d3e1b033b7 pid=19633 process=chrome executable=/opt/google/chrome/chrome cwd='~/src/deploy-scripts' status=SUCCESS
2026-08-11T09:47:02Z user=nora.singh host=SQ-LT-03 event=FILE_WRITE session=d3e1b033b7 path='~/src/quill-api/package-lock.json' process=python3 status=SUCCESS
2026-08-11T09:51:07Z user=nora.singh host=SQ-LT-03 event=TIME_SYNC session=d3e1b033b7 source=ntp.silverquill.internal status=SUCCESS
2026-08-11T09:57:54Z user=nora.singh host=SQ-LT-03 event=FILE_OPEN session=d3e1b033b7 path='~/src/quill-api/src/config.ts' process=npm status=SUCCESS
2026-08-11T10:01:45Z user=nora.singh host=SQ-LT-03 event=ANTIVIRUS_SCAN session=d3e1b033b7 engine=defender mode=realtime status=SUCCESS
2026-08-11T10:05:51Z user=nora.singh host=SQ-LT-03 event=NETWORK_CONNECT session=d3e1b033b7 process=npm destination=docs.silverquill.internal dest_ip=10.18.6.14 dest_port=443 protocol=tcp status=SUCCESS
2026-08-11T10:07:57Z user=nora.singh host=SQ-LT-03 event=PRINT_JOB session=d3e1b033b7 printer=sq-floor3-mfp pages=2 status=SUCCESS
2026-08-11T10:08:07Z user=nora.singh host=SQ-LT-03 event=EDR_HEALTH session=d3e1b033b7 sensor=healthy status=SUCCESS
2026-08-11T10:08:27Z user=nora.singh host=SQ-LT-03 event=ANTIVIRUS_SCAN session=d3e1b033b7 engine=defender mode=quick status=SUCCESS
2026-08-11T10:10:33Z user=nora.singh host=SQ-LT-03 event=PROCESS_START session=d3e1b033b7 pid=10938 process=node executable=/usr/bin/node cwd='~' command='node ./scripts/check-config.js' status=SUCCESS
2026-08-11T10:14:20Z user=nora.singh host=SQ-LT-03 event=FILE_SYNC session=d3e1b033b7 target=corp-drive status=SUCCESS
2026-08-11T10:22:51Z user=nora.singh host=SQ-LT-03 event=PROCESS_START session=d3e1b033b7 pid=42805 process=npm executable=/usr/bin/npm cwd='~/src/deploy-scripts' command='npm run build' status=SUCCESS
2026-08-11T10:29:08Z user=nora.singh host=SQ-LT-03 event=PROCESS_START session=d3e1b033b7 pid=54820 process=node executable=/usr/bin/node cwd='~/src/quill-api' command='node ./dist/server.js' status=SUCCESS
2026-08-11T10:32:15Z user=nora.singh host=SQ-LT-03 event=EDR_HEALTH session=d3e1b033b7 sensor=healthy status=SUCCESS
2026-08-11T10:35:44Z user=nora.singh host=SQ-LT-03 event=PROCESS_START session=d3e1b033b7 pid=35622 process=npm executable=/usr/bin/npm cwd='~/src/deploy-scripts' command='npm test' status=SUCCESS
2026-08-11T10:39:18Z user=nora.singh host=SQ-LT-03 event=NETWORK_CONNECT session=d3e1b033b7 process=npm destination=ci.silverquill.internal dest_ip=10.18.5.9 dest_port=443 protocol=tcp status=SUCCESS
2026-08-11T10:41:05Z user=nora.singh host=SQ-LT-03 event=TIME_SYNC session=d3e1b033b7 source=ntp.silverquill.internal status=SUCCESS
2026-08-11T10:42:55Z user=nora.singh host=SQ-LT-03 event=NETWORK_CONNECT session=d3e1b033b7 process=python3 destination=sso.silverquill.internal dest_ip=10.18.7.11 dest_port=443 protocol=tcp status=SUCCESS
2026-08-11T10:43:05Z user=nora.singh host=SQ-LT-03 event=PROCESS_START session=d3e1b033b7 pid=30432 process=chrome executable=/opt/google/chrome/chrome cwd='~/src/quill-api' status=SUCCESS
2026-08-11T10:44:34Z user=nora.singh host=SQ-LT-03 event=FILE_OPEN session=d3e1b033b7 path='~/src/deploy-scripts/README.md' process=npm status=SUCCESS
2026-08-11T10:44:46Z user=nora.singh host=SQ-LT-03 event=FILE_WRITE session=d3e1b033b7 path='~/src/quill-admin/Dockerfile' process=npm status=SUCCESS
2026-08-11T10:44:48Z user=nora.singh host=SQ-LT-03 event=PROCESS_START session=d3e1b033b7 pid=11546 process=code executable=/usr/share/code/code cwd='~/src/quill-api' status=SUCCESS
2026-08-11T10:45:28Z user=nora.singh host=SQ-LT-03 event=PRINT_JOB session=d3e1b033b7 printer=sq-floor3-mfp pages=1 status=SUCCESS
2026-08-11T10:46:22Z user=nora.singh host=SQ-LT-03 event=PROCESS_START session=d3e1b033b7 pid=2621 process=bash executable=/usr/bin/bash cwd='~/src/quill-admin' command='bash scripts/test-health.sh' status=SUCCESS
2026-08-11T10:47:10Z user=nora.singh host=SQ-LT-03 event=FILE_WRITE session=d3e1b033b7 path='~/src/quill-api/README.md' process=code status=SUCCESS
2026-08-11T10:48:44Z user=nora.singh host=SQ-LT-03 event=IDLE_CHECK session=d3e1b033b7 status=SUCCESS
2026-08-11T10:49:21Z user=nora.singh host=SQ-LT-03 event=PROCESS_START session=d3e1b033b7 pid=40742 process=slack executable=/usr/bin/slack cwd='~' status=SUCCESS
2026-08-11T10:52:10Z user=nora.singh host=SQ-LT-03 event=FILE_WRITE session=d3e1b033b7 path='~/src/quill-admin/src/routes/status.ts' process=node status=SUCCESS
2026-08-11T10:52:13Z user=nora.singh host=SQ-LT-03 event=PROCESS_START session=d3e1b033b7 pid=31314 process=code executable=/usr/share/code/code cwd='~/src/deploy-scripts' status=SUCCESS
2026-08-11T10:54:04Z user=nora.singh host=SQ-LT-03 event=USB_UNMOUNT session=d3e1b033b7 device=YubiKey-5C-NFC status=SUCCESS
2026-08-11T10:54:13Z user=nora.singh host=SQ-LT-03 event=FILE_WRITE session=d3e1b033b7 path='~/src/deploy-scripts/Dockerfile' process=npm status=SUCCESS
2026-08-11T10:55:24Z user=nora.singh host=SQ-LT-03 event=NETWORK_CONNECT session=d3e1b033b7 process=npm destination=docs.silverquill.internal dest_ip=10.18.6.14 dest_port=443 protocol=tcp status=SUCCESS
2026-08-11T10:57:50Z user=nora.singh host=SQ-LT-03 event=NETWORK_CONNECT session=d3e1b033b7 process=code destination=registry.silverquill.internal dest_ip=10.18.3.12 dest_port=443 protocol=tcp status=SUCCESS
2026-08-11T10:59:30Z user=nora.singh host=SQ-LT-03 event=PROCESS_START session=d3e1b033b7 pid=31818 process=npm executable=/usr/bin/npm cwd='~' command='npm test' status=SUCCESS
2026-08-11T11:00:07Z user=nora.singh host=SQ-LT-03 event=FILE_WRITE session=d3e1b033b7 path='~/src/platform-tools/.github/workflows/ci.yml' process=node status=SUCCESS
2026-08-11T11:01:25Z user=nora.singh host=SQ-LT-03 event=FILE_OPEN session=d3e1b033b7 path='~/src/quill-api/Dockerfile' process=python3 status=SUCCESS
2026-08-11T11:01:26Z user=nora.singh host=SQ-LT-03 event=SCREEN_LOCK session=d3e1b033b7 status=SUCCESS
2026-08-11T11:02:05Z user=nora.singh host=SQ-LT-03 event=EDR_HEALTH session=d3e1b033b7 sensor=healthy status=SUCCESS
2026-08-11T11:05:22Z user=nora.singh host=SQ-LT-03 event=POLICY_REFRESH session=d3e1b033b7 policy=endpoint-standard-v6 status=SUCCESS
2026-08-11T11:05:58Z user=nora.singh host=SQ-LT-03 event=TIME_SYNC session=d3e1b033b7 source=ntp.silverquill.internal status=SUCCESS
2026-08-11T11:07:30Z user=nora.singh host=SQ-LT-03 event=POLICY_REFRESH session=d3e1b033b7 status=SUCCESS
2026-08-11T11:08:51Z user=nora.singh host=SQ-LT-03 event=PROCESS_START session=d3e1b033b7 pid=8501 process=node executable=/usr/bin/node cwd='~/src/quill-api' command='node ./scripts/validate-schema.js' status=SUCCESS
2026-08-11T11:10:05Z user=nora.singh host=SQ-LT-03 event=FILE_WRITE session=d3e1b033b7 path='~/src/quill-admin/scripts/release.sh' process=npm status=SUCCESS
2026-08-11T11:10:36Z user=nora.singh host=SQ-LT-03 event=IDLE_CHECK session=d3e1b033b7 status=SUCCESS
2026-08-11T11:14:41Z user=nora.singh host=SQ-LT-03 event=FILE_OPEN session=d3e1b033b7 path='~/src/deploy-scripts/src/services/deploy.ts' process=code status=SUCCESS
2026-08-11T11:16:09Z user=nora.singh host=SQ-LT-03 event=PROCESS_START session=d3e1b033b7 pid=62418 process=slack executable=/usr/bin/slack cwd='~/src/observability' status=SUCCESS
2026-08-11T11:21:47Z user=nora.singh host=SQ-LT-03 event=NETWORK_CONNECT session=d3e1b033b7 process=npm destination=grafana.silverquill.internal dest_ip=10.18.4.18 dest_port=443 protocol=tcp status=SUCCESS
2026-08-11T11:23:38Z user=nora.singh host=SQ-LT-03 event=NETWORK_CONNECT session=d3e1b033b7 process=node destination=docs.silverquill.internal dest_ip=10.18.6.14 dest_port=443 protocol=tcp status=SUCCESS
2026-08-11T11:31:54Z user=nora.singh host=SQ-LT-03 event=NETWORK_CONNECT session=d3e1b033b7 process=node destination=grafana.silverquill.internal dest_ip=10.18.4.18 dest_port=443 protocol=tcp status=SUCCESS
2026-08-11T11:35:45Z user=nora.singh host=SQ-LT-03 event=SCREEN_UNLOCK session=d3e1b033b7 method=fido2 status=SUCCESS
2026-08-11T11:35:45Z user=nora.singh host=SQ-LT-03 event=TIME_SYNC session=d3e1b033b7 source=ntp.silverquill.internal status=SUCCESS
2026-08-11T11:46:20Z user=nora.singh host=SQ-LT-03 event=NETWORK_CONNECT session=d3e1b033b7 process=code destination=sso.silverquill.internal dest_ip=10.18.7.11 dest_port=443 protocol=tcp status=SUCCESS
2026-08-11T11:50:38Z user=nora.singh host=SQ-LT-03 event=ANTIVIRUS_SCAN session=d3e1b033b7 engine=defender mode=quick status=SUCCESS
2026-08-11T11:54:31Z user=nora.singh host=SQ-LT-03 event=ANTIVIRUS_SCAN session=d3e1b033b7 engine=defender mode=quick status=SUCCESS
2026-08-11T11:54:57Z user=nora.singh host=SQ-LT-03 event=HEARTBEAT session=d3e1b033b7 agent=edr-7.4.2 status=SUCCESS
2026-08-11T11:58:15Z user=nora.singh host=SQ-LT-03 event=ANTIVIRUS_SCAN session=d3e1b033b7 engine=defender mode=realtime status=SUCCESS
2026-08-11T12:02:58Z user=nora.singh host=SQ-LT-03 event=SCREEN_LOCK session=d3e1b033b7 status=SUCCESS
2026-08-11T12:05:45Z user=nora.singh host=SQ-LT-03 event=PROCESS_START session=d3e1b033b7 pid=4430 process=slack executable=/usr/bin/slack cwd='~/src/platform-tools' status=SUCCESS
2026-08-11T12:06:05Z user=nora.singh host=SQ-LT-03 event=PROCESS_START session=d3e1b033b7 pid=26353 process=python3 executable=/usr/bin/python3 cwd='~/src/quill-admin' command='python3 scripts/audit_config.py' status=SUCCESS
2026-08-11T12:06:23Z user=nora.singh host=SQ-LT-03 event=PROCESS_START session=d3e1b033b7 pid=14395 process=slack executable=/usr/bin/slack cwd='~/src/platform-tools' status=SUCCESS
2026-08-11T12:08:05Z user=nora.singh host=SQ-LT-03 event=POLICY_REFRESH session=d3e1b033b7 policy=endpoint-standard-v6 status=SUCCESS
2026-08-11T12:08:15Z user=nora.singh host=SQ-LT-03 event=PRINT_JOB session=d3e1b033b7 printer=sq-floor3-mfp pages=9 status=SUCCESS
2026-08-11T12:09:32Z user=nora.singh host=SQ-LT-03 event=FILE_OPEN session=d3e1b033b7 path='~/src/deploy-scripts/src/config.ts' process=node status=SUCCESS
2026-08-11T12:13:32Z user=nora.singh host=SQ-LT-03 event=NETWORK_CONNECT session=d3e1b033b7 process=npm destination=jira.silverquill.internal dest_ip=10.18.1.21 dest_port=443 protocol=tcp status=SUCCESS
2026-08-11T12:14:06Z user=nora.singh host=SQ-LT-03 event=FILE_WRITE session=d3e1b033b7 path='~/src/observability/README.md' process=node status=SUCCESS
2026-08-11T12:16:53Z user=nora.singh host=SQ-LT-03 event=SCREEN_UNLOCK session=d3e1b033b7 method=fido2 status=SUCCESS
2026-08-11T12:26:41Z user=nora.singh host=SQ-LT-03 event=NETWORK_CONNECT session=d3e1b033b7 process=chrome destination=jira.silverquill.internal dest_ip=10.18.1.21 dest_port=443 protocol=tcp status=SUCCESS
2026-08-11T12:28:40Z user=nora.singh host=SQ-LT-03 event=TIME_SYNC session=d3e1b033b7 source=ntp.silverquill.internal status=SUCCESS
2026-08-11T12:34:50Z user=nora.singh host=SQ-LT-03 event=FILE_SYNC session=d3e1b033b7 target=corp-drive status=SUCCESS
2026-08-11T12:37:54Z user=nora.singh host=SQ-LT-03 event=PROCESS_START session=d3e1b033b7 pid=19843 process=npm executable=/usr/bin/npm cwd='~' command='npm audit --omit=dev' status=SUCCESS
2026-08-11T12:39:53Z user=nora.singh host=SQ-LT-03 event=FILE_OPEN session=d3e1b033b7 path='~/src/observability/.github/workflows/ci.yml' process=python3 status=SUCCESS
2026-08-11T12:40:01Z user=nora.singh host=SQ-LT-03 event=PROCESS_START session=d3e1b033b7 pid=15433 process=npm executable=/usr/bin/npm cwd='~' command='npm test' status=SUCCESS
2026-08-11T12:42:29Z user=nora.singh host=SQ-LT-03 event=FILE_WRITE session=d3e1b033b7 path='~/src/deploy-scripts/.github/workflows/ci.yml' process=code status=SUCCESS
2026-08-11T12:45:27Z user=nora.singh host=SQ-LT-03 event=FILE_SYNC session=d3e1b033b7 target=settings-roam status=SUCCESS
2026-08-11T12:57:58Z user=nora.singh host=SQ-LT-03 event=FILE_SYNC session=d3e1b033b7 target=settings-roam status=SUCCESS
2026-08-11T12:59:26Z user=nora.singh host=SQ-LT-03 event=TIME_SYNC session=d3e1b033b7 source=ntp.silverquill.internal status=SUCCESS
2026-08-11T13:00:12Z user=nora.singh host=SQ-LT-03 event=PROCESS_START session=d3e1b033b7 pid=2260 process=bash executable=/usr/bin/bash cwd='~/Downloads' command='bash scripts/check-env.sh' status=SUCCESS
2026-08-11T13:07:47Z user=nora.singh host=SQ-LT-03 event=ANTIVIRUS_SCAN session=d3e1b033b7 engine=defender mode=quick status=SUCCESS
2026-08-11T13:14:38Z user=nora.singh host=SQ-LT-03 event=FILE_WRITE session=d3e1b033b7 path='~/src/deploy-scripts/package.json' process=python3 status=SUCCESS
2026-08-11T13:16:19Z user=nora.singh host=SQ-LT-03 event=TIME_SYNC session=d3e1b033b7 source=ntp.silverquill.internal status=SUCCESS
2026-08-11T13:19:14Z user=nora.singh host=SQ-LT-03 event=NETWORK_CONNECT session=d3e1b033b7 process=code destination=sso.silverquill.internal dest_ip=10.18.7.11 dest_port=443 protocol=tcp status=SUCCESS
2026-08-11T13:23:19Z user=nora.singh host=SQ-LT-03 event=FILE_SYNC session=d3e1b033b7 target=corp-drive status=SUCCESS
2026-08-11T13:24:54Z user=nora.singh host=SQ-LT-03 event=PROCESS_START session=d3e1b033b7 pid=34442 process=slack executable=/usr/bin/slack cwd='~/src/quill-admin' status=SUCCESS
2026-08-11T13:26:08Z user=nora.singh host=SQ-LT-03 event=POLICY_REFRESH session=d3e1b033b7 policy=endpoint-standard-v6 status=SUCCESS
2026-08-11T13:28:06Z user=nora.singh host=SQ-LT-03 event=FILE_OPEN session=d3e1b033b7 path='~/src/quill-admin/scripts/release.sh' process=node status=SUCCESS
2026-08-11T13:29:54Z user=nora.singh host=SQ-LT-03 event=PRINT_JOB session=d3e1b033b7 printer=sq-floor3-mfp pages=1 status=SUCCESS
2026-08-11T13:36:09Z user=nora.singh host=SQ-LT-03 event=HEARTBEAT session=d3e1b033b7 agent=edr-7.4.2 status=SUCCESS
2026-08-11T13:37:38Z user=nora.singh host=SQ-LT-03 event=ANTIVIRUS_SCAN session=d3e1b033b7 engine=defender mode=realtime status=SUCCESS
2026-08-11T13:40:52Z user=nora.singh host=SQ-LT-03 event=IDLE_CHECK session=d3e1b033b7 status=SUCCESS
2026-08-11T13:43:50Z user=nora.singh host=SQ-LT-03 event=NETWORK_CONNECT session=d3e1b033b7 process=python3 destination=packages.silverquill.internal dest_ip=10.18.2.7 dest_port=443 protocol=tcp status=SUCCESS
2026-08-11T13:45:24Z user=nora.singh host=SQ-LT-03 event=FILE_WRITE session=d3e1b033b7 path='~/src/observability/Dockerfile' process=npm status=SUCCESS
2026-08-11T13:47:30Z user=nora.singh host=SQ-LT-03 event=PROCESS_START session=d3e1b033b7 pid=31434 process=python3 executable=/usr/bin/python3 cwd='~/src/quill-admin' command='python3 scripts/report_health.py' status=SUCCESS
2026-08-11T13:47:36Z user=nora.singh host=SQ-LT-03 event=FILE_WRITE session=d3e1b033b7 path='~/src/quill-api/scripts/check-config.js' process=npm status=SUCCESS
2026-08-11T13:51:56Z user=nora.singh host=SQ-LT-03 event=TIME_SYNC session=d3e1b033b7 source=ntp.silverquill.internal status=SUCCESS
2026-08-11T13:55:17Z user=nora.singh host=SQ-LT-03 event=EDR_HEALTH session=d3e1b033b7 sensor=healthy status=SUCCESS
2026-08-11T13:57:12Z user=nora.singh host=SQ-LT-03 event=ANTIVIRUS_SCAN session=d3e1b033b7 engine=defender mode=quick status=SUCCESS
2026-08-11T13:59:52Z user=nora.singh host=SQ-LT-03 event=NETWORK_CONNECT session=d3e1b033b7 process=python3 destination=grafana.silverquill.internal dest_ip=10.18.4.18 dest_port=443 protocol=tcp status=SUCCESS
2026-08-11T14:01:32Z user=nora.singh host=SQ-LT-03 event=PROCESS_START session=d3e1b033b7 pid=13676 process=npm executable=/usr/bin/npm cwd='~/src/platform-tools' command='npm audit --omit=dev' status=SUCCESS
2026-08-11T14:01:35Z user=nora.singh host=SQ-LT-03 event=USB_MOUNT session=d3e1b033b7 device=Logitech-Receiver status=SUCCESS
2026-08-11T14:02:09Z user=nora.singh host=SQ-LT-03 event=FILE_WRITE session=d3e1b033b7 path='~/src/observability/scripts/release.sh' process=node status=SUCCESS
2026-08-11T14:05:45Z user=nora.singh host=SQ-LT-03 event=POLICY_REFRESH session=d3e1b033b7 policy=endpoint-standard-v6 status=SUCCESS
2026-08-11T14:09:22Z user=nora.singh host=SQ-LT-03 event=TIME_SYNC session=d3e1b033b7 source=ntp.silverquill.internal status=SUCCESS
2026-08-11T14:11:05Z user=nora.singh host=SQ-LT-03 event=FILE_WRITE session=d3e1b033b7 path='~/src/deploy-scripts/scripts/check-config.js' process=node status=SUCCESS
2026-08-11T14:11:32Z user=nora.singh host=SQ-LT-03 event=PROCESS_START session=d3e1b033b7 pid=5463 process=python3 executable=/usr/bin/python3 cwd='~/src/observability' command='python3 scripts/report_health.py' status=SUCCESS
2026-08-11T14:12:07Z user=nora.singh host=SQ-LT-03 event=HEARTBEAT session=d3e1b033b7 agent=edr-7.4.2 status=SUCCESS
2026-08-11T14:12:27Z user=nora.singh host=SQ-LT-03 event=POLICY_REFRESH session=d3e1b033b7 policy=endpoint-standard-v6 status=SUCCESS
2026-08-11T14:15:01Z user=nora.singh host=SQ-LT-03 event=PROCESS_START session=d3e1b033b7 pid=23588 process=bash executable=/usr/bin/bash cwd='~/src/platform-tools' command='bash scripts/run-local.sh' status=SUCCESS
2026-08-11T14:16:54Z user=nora.singh host=SQ-LT-03 event=PROCESS_START session=d3e1b033b7 pid=59877 process=slack executable=/usr/bin/slack cwd='~/src/quill-admin' status=SUCCESS
2026-08-11T14:18:01Z user=nora.singh host=SQ-LT-03 event=IDLE_CHECK session=d3e1b033b7 status=SUCCESS
2026-08-11T14:25:12Z user=nora.singh host=SQ-LT-03 event=FILE_OPEN session=d3e1b033b7 path='~/src/quill-api/README.md' process=node status=SUCCESS
2026-08-11T14:29:47Z user=nora.singh host=SQ-LT-03 event=PROCESS_START session=d3e1b033b7 pid=42650 process=code executable=/usr/share/code/code cwd='~' status=SUCCESS
2026-08-11T14:29:58Z user=nora.singh host=SQ-LT-03 event=PACKAGE_UPDATE session=d3e1b033b7 package=python3 status=SUCCESS
2026-08-11T14:31:25Z user=nora.singh host=SQ-LT-03 event=FILE_WRITE session=d3e1b033b7 path='~/src/quill-api/.github/workflows/ci.yml' process=npm status=SUCCESS
2026-08-11T14:34:47Z user=nora.singh host=SQ-LT-03 event=NETWORK_CONNECT session=d3e1b033b7 process=node destination=grafana.silverquill.internal dest_ip=10.18.4.18 dest_port=443 protocol=tcp status=SUCCESS
2026-08-11T14:35:06Z user=nora.singh host=SQ-LT-03 event=FILE_WRITE session=d3e1b033b7 path='~/src/quill-admin/README.md' process=npm status=SUCCESS
2026-08-11T14:35:10Z user=nora.singh host=SQ-LT-03 event=FILE_SYNC session=d3e1b033b7 target=settings-roam status=SUCCESS
2026-08-11T14:36:12Z user=nora.singh host=SQ-LT-03 event=FILE_OPEN session=d3e1b033b7 path='~/src/platform-tools/src/routes/status.ts' process=python3 status=SUCCESS
2026-08-11T14:36:57Z user=nora.singh host=SQ-LT-03 event=PROCESS_START session=d3e1b033b7 pid=3042 process=node executable=/usr/bin/node cwd='~/src/deploy-scripts' command='node ./scripts/check-config.js' status=SUCCESS
2026-08-11T14:37:17Z user=nora.singh host=SQ-LT-03 event=FILE_OPEN session=d3e1b033b7 path='~/src/observability/package.json' process=code status=SUCCESS
2026-08-11T14:40:18Z user=nora.singh host=SQ-LT-03 event=USB_MOUNT session=d3e1b033b7 device=YubiKey-5C-NFC status=SUCCESS
2026-08-11T14:48:49Z user=nora.singh host=SQ-LT-03 event=PROCESS_START session=d3e1b033b7 pid=13714 process=code executable=/usr/share/code/code cwd='~/Downloads' status=SUCCESS
2026-08-11T14:48:58Z user=nora.singh host=SQ-LT-03 event=PROCESS_START session=d3e1b033b7 pid=31551 process=slack executable=/usr/bin/slack cwd='~/src/platform-tools' status=SUCCESS
2026-08-11T14:54:40Z user=nora.singh host=SQ-LT-03 event=IDLE_CHECK session=d3e1b033b7 status=SUCCESS
2026-08-11T14:57:10Z user=nora.singh host=SQ-LT-03 event=IDLE_CHECK session=d3e1b033b7 status=SUCCESS
2026-08-11T14:58:47Z user=nora.singh host=SQ-LT-03 event=NETWORK_CONNECT session=d3e1b033b7 process=node destination=jira.silverquill.internal dest_ip=10.18.1.21 dest_port=443 protocol=tcp status=SUCCESS
2026-08-11T15:01:33Z user=nora.singh host=SQ-LT-03 event=FILE_WRITE session=d3e1b033b7 path='~/src/quill-admin/Dockerfile' process=code status=SUCCESS
2026-08-11T15:01:35Z user=nora.singh host=SQ-LT-03 event=HEARTBEAT session=d3e1b033b7 agent=edr-7.4.2 status=SUCCESS
2026-08-11T15:05:42Z user=nora.singh host=SQ-LT-03 event=USB_MOUNT session=d3e1b033b7 device=YubiKey-5C-NFC status=SUCCESS
2026-08-11T15:10:14Z user=nora.singh host=SQ-LT-03 event=EDR_HEALTH session=d3e1b033b7 sensor=healthy status=SUCCESS
2026-08-11T15:10:17Z user=nora.singh host=SQ-LT-03 event=NETWORK_CONNECT session=d3e1b033b7 process=code destination=grafana.silverquill.internal dest_ip=10.18.4.18 dest_port=443 protocol=tcp status=SUCCESS
2026-08-11T15:16:47Z user=nora.singh host=SQ-LT-03 event=HEARTBEAT session=d3e1b033b7 agent=edr-7.4.2 status=SUCCESS
2026-08-11T15:17:22Z user=nora.singh host=SQ-LT-03 event=FILE_OPEN session=d3e1b033b7 path='~/src/deploy-scripts/src/services/metrics.ts' process=python3 status=SUCCESS
2026-08-11T15:17:56Z user=nora.singh host=SQ-LT-03 event=FILE_WRITE session=d3e1b033b7 path='~/src/observability/Dockerfile' process=node status=SUCCESS
2026-08-11T15:19:56Z user=nora.singh host=SQ-LT-03 event=USB_UNMOUNT session=d3e1b033b7 device=YubiKey-5C-NFC status=SUCCESS
2026-08-11T15:20:14Z user=nora.singh host=SQ-LT-03 event=FILE_OPEN session=d3e1b033b7 path='~/src/platform-tools/Dockerfile' process=code status=SUCCESS
2026-08-11T15:23:05Z user=nora.singh host=SQ-LT-03 event=PROCESS_START session=d3e1b033b7 pid=34186 process=node executable=/usr/bin/node cwd='~/Downloads' command='node ./scripts/check-config.js' status=SUCCESS
2026-08-11T15:24:21Z user=nora.singh host=SQ-LT-03 event=NETWORK_CONNECT session=d3e1b033b7 process=node destination=docs.silverquill.internal dest_ip=10.18.6.14 dest_port=443 protocol=tcp status=SUCCESS
2026-08-11T15:27:37Z user=nora.singh host=SQ-LT-03 event=IDLE_CHECK session=d3e1b033b7 status=SUCCESS
2026-08-11T15:30:37Z user=nora.singh host=SQ-LT-03 event=EDR_HEALTH session=d3e1b033b7 sensor=healthy status=SUCCESS
2026-08-11T15:33:58Z user=nora.singh host=SQ-LT-03 event=ANTIVIRUS_SCAN session=d3e1b033b7 engine=defender mode=quick status=SUCCESS
2026-08-11T15:35:18Z user=nora.singh host=SQ-LT-03 event=PACKAGE_UPDATE session=d3e1b033b7 package=chrome status=SUCCESS
2026-08-11T15:44:59Z user=nora.singh host=SQ-LT-03 event=HEARTBEAT session=d3e1b033b7 agent=edr-7.4.2 status=SUCCESS
2026-08-11T15:47:42Z user=nora.singh host=SQ-LT-03 event=EDR_HEALTH session=d3e1b033b7 sensor=healthy status=SUCCESS
2026-08-11T15:48:04Z user=nora.singh host=SQ-LT-03 event=POLICY_REFRESH session=d3e1b033b7 policy=endpoint-standard-v6 status=SUCCESS
2026-08-11T15:48:38Z user=nora.singh host=SQ-LT-03 event=FILE_OPEN session=d3e1b033b7 path='~/src/observability/package-lock.json' process=npm status=SUCCESS
2026-08-11T15:54:44Z user=nora.singh host=SQ-LT-03 event=NETWORK_CONNECT session=d3e1b033b7 process=python3 destination=grafana.silverquill.internal dest_ip=10.18.4.18 dest_port=443 protocol=tcp status=SUCCESS
2026-08-11T15:58:48Z user=nora.singh host=SQ-LT-03 event=SCREEN_LOCK session=d3e1b033b7 status=SUCCESS
2026-08-11T15:59:52Z user=nora.singh host=SQ-LT-03 event=PROCESS_START session=d3e1b033b7 pid=12929 process=node executable=/usr/bin/node cwd='~/src/quill-api' command='node ./dist/server.js' status=SUCCESS
2026-08-11T16:11:46Z user=nora.singh host=SQ-LT-03 event=FILE_OPEN session=d3e1b033b7 path='~/src/deploy-scripts/src/services/metrics.ts' process=npm status=SUCCESS
2026-08-11T16:16:21Z user=nora.singh host=SQ-LT-03 event=PROCESS_START session=d3e1b033b7 pid=50812 process=npm executable=/usr/bin/npm cwd='~' command='npm test' status=SUCCESS
2026-08-11T16:19:17Z user=nora.singh host=SQ-LT-03 event=USB_MOUNT session=d3e1b033b7 device=Logitech-Receiver status=SUCCESS
2026-08-11T16:19:36Z user=nora.singh host=SQ-LT-03 event=HEARTBEAT session=d3e1b033b7 agent=edr-7.4.2 status=SUCCESS
2026-08-11T16:22:45Z user=nora.singh host=SQ-LT-03 event=PROCESS_START session=d3e1b033b7 pid=50887 process=node executable=/usr/bin/node cwd='~/src/deploy-scripts' command='node ./scripts/validate-schema.js' status=SUCCESS
2026-08-11T16:23:45Z user=nora.singh host=SQ-LT-03 event=PROCESS_START session=d3e1b033b7 pid=50556 process=npm executable=/usr/bin/npm cwd='~/src/platform-tools' command='npm test' status=SUCCESS
2026-08-11T16:24:34Z user=nora.singh host=SQ-LT-03 event=PROCESS_START session=d3e1b033b7 pid=5546 process=npm executable=/usr/bin/npm cwd='~/src/quill-api' command='npm audit --omit=dev' status=SUCCESS
2026-08-11T16:27:28Z user=nora.singh host=SQ-LT-03 event=USB_MOUNT session=d3e1b033b7 device=Logitech-Receiver status=SUCCESS
2026-08-11T16:30:18Z user=nora.singh host=SQ-LT-03 event=HEARTBEAT session=d3e1b033b7 agent=edr-7.4.2 status=SUCCESS
2026-08-11T16:32:17Z user=nora.singh host=SQ-LT-03 event=PROCESS_START session=d3e1b033b7 pid=37104 process=code executable=/usr/share/code/code cwd='~/src/quill-api' status=SUCCESS
2026-08-11T16:33:11Z user=nora.singh host=SQ-LT-03 event=HEARTBEAT session=d3e1b033b7 agent=edr-7.4.2 status=SUCCESS
2026-08-11T16:34:23Z user=nora.singh host=SQ-LT-03 event=SCREEN_UNLOCK session=d3e1b033b7 method=fido2 status=SUCCESS
2026-08-11T16:35:40Z user=nora.singh host=SQ-LT-03 event=PROCESS_START session=d3e1b033b7 pid=41575 process=node executable=/usr/bin/node cwd='~/Downloads' command='node ./scripts/validate-schema.js' status=SUCCESS
2026-08-11T16:36:41Z user=nora.singh host=SQ-LT-03 event=NETWORK_CONNECT session=d3e1b033b7 process=npm destination=jira.silverquill.internal dest_ip=10.18.1.21 dest_port=443 protocol=tcp status=SUCCESS
2026-08-11T16:42:01Z user=nora.singh host=SQ-LT-03 event=POLICY_REFRESH session=d3e1b033b7 policy=endpoint-standard-v6 status=SUCCESS
2026-08-11T16:43:28Z user=nora.singh host=SQ-LT-03 event=ANTIVIRUS_SCAN session=d3e1b033b7 engine=defender mode=realtime status=SUCCESS
2026-08-11T16:44:38Z user=nora.singh host=SQ-LT-03 event=FILE_WRITE session=d3e1b033b7 path='~/src/observability/scripts/release.sh' process=code status=SUCCESS
2026-08-11T16:53:11Z user=nora.singh host=SQ-LT-03 event=PROCESS_START session=d3e1b033b7 pid=30341 process=node executable=/usr/bin/node cwd='~/src/deploy-scripts' command='node ./scripts/check-config.js' status=SUCCESS
2026-08-11T17:07:54Z user=nora.singh host=SQ-LT-03 event=PRINT_JOB session=d3e1b033b7 printer=sq-floor3-mfp pages=7 status=SUCCESS
2026-08-11T17:08:16Z user=nora.singh host=SQ-LT-03 event=FILE_WRITE session=d3e1b033b7 path='~/src/observability/src/services/deploy.ts' process=npm status=SUCCESS
2026-08-11T17:10:16Z user=nora.singh host=SQ-LT-03 event=EDR_HEALTH session=d3e1b033b7 sensor=healthy status=SUCCESS
2026-08-11T17:11:53Z user=nora.singh host=SQ-LT-03 event=PROCESS_START session=d3e1b033b7 pid=48672 process=python3 executable=/usr/bin/python3 cwd='~/src/quill-admin' command='python3 scripts/check_release.py' status=SUCCESS
2026-08-11T17:17:28Z user=nora.singh host=SQ-LT-03 event=FILE_WRITE session=d3e1b033b7 path='~/src/observability/scripts/release.sh' process=node status=SUCCESS
2026-08-11T17:26:07Z user=nora.singh host=SQ-LT-03 event=PROCESS_START session=d3e1b033b7 pid=43116 process=slack executable=/usr/bin/slack cwd='~/src/platform-tools' status=SUCCESS
2026-08-11T17:39:14Z user=nora.singh host=SQ-LT-03 event=VPN_DISCONNECT session=d3e1b033b7 profile=corp-vpn status=SUCCESS
2026-08-11T17:39:30Z user=nora.singh host=SQ-LT-03 event=HEARTBEAT session=d3e1b033b7 agent=edr-7.4.2 status=SUCCESS
2026-08-11T17:40:09Z user=nora.singh host=SQ-LT-03 event=PROCESS_START session=d3e1b033b7 pid=49833 process=node executable=/usr/bin/node cwd='~/src/deploy-scripts' command='node ./scripts/validate-schema.js' status=SUCCESS
2026-08-11T17:42:06Z user=nora.singh host=SQ-LT-03 event=LOGOUT session=d3e1b033b7 status=SUCCESS
2026-08-11T17:48:43Z host=SQ-LT-03 event=POWER_OFF login=none status=SUCCESS
2026-08-13T07:32:24Z host=SQ-LT-03 event=SYSTEM_BOOT boot_id=66f1d84309 status=SUCCESS
2026-08-13T07:33:52Z user=nora.singh host=SQ-LT-03 event=LOGIN session=138b0e1b87 method=password+fido2 status=SUCCESS
2026-08-13T07:35:53Z user=nora.singh host=SQ-LT-03 event=PROCESS_START session=138b0e1b87 pid=33068 process=chrome executable=/opt/google/chrome/chrome cwd='~/Downloads' status=SUCCESS
2026-08-13T07:37:49Z user=nora.singh host=SQ-LT-03 event=VPN_CONNECT session=138b0e1b87 profile=corp-vpn gateway=vpn-blr-02 status=SUCCESS
2026-08-13T07:39:26Z user=nora.singh host=SQ-LT-03 event=TIME_SYNC session=138b0e1b87 source=ntp.silverquill.internal status=SUCCESS
2026-08-13T07:42:22Z user=nora.singh host=SQ-LT-03 event=NETWORK_CONNECT session=138b0e1b87 process=npm destination=registry.silverquill.internal dest_ip=10.18.3.12 dest_port=443 protocol=tcp status=SUCCESS
2026-08-13T07:44:27Z user=nora.singh host=SQ-LT-03 event=PROCESS_START session=138b0e1b87 pid=62917 process=bash executable=/usr/bin/bash cwd='~/Downloads' command='bash scripts/check-env.sh' status=SUCCESS
2026-08-13T07:47:01Z user=nora.singh host=SQ-LT-03 event=HEARTBEAT session=138b0e1b87 status=SUCCESS
2026-08-13T07:47:25Z user=nora.singh host=SQ-LT-03 event=POLICY_REFRESH session=138b0e1b87 policy=endpoint-standard-v6 status=SUCCESS
2026-08-13T07:48:45Z user=nora.singh host=SQ-LT-03 event=FILE_SYNC session=138b0e1b87 target=corp-drive status=SUCCESS
2026-08-13T07:51:26Z user=nora.singh host=SQ-LT-03 event=NETWORK_CONNECT session=138b0e1b87 process=node destination=grafana.silverquill.internal dest_ip=10.18.4.18 dest_port=443 protocol=tcp status=SUCCESS
2026-08-13T07:54:32Z user=nora.singh host=SQ-LT-03 event=EDR_HEALTH session=138b0e1b87 sensor=healthy status=SUCCESS
2026-08-13T07:54:40Z user=nora.singh host=SQ-LT-03 event=HEARTBEAT session=138b0e1b87 agent=edr-7.4.2 status=SUCCESS
2026-08-13T07:57:54Z user=nora.singh host=SQ-LT-03 event=PROCESS_START session=138b0e1b87 pid=44680 process=code executable=/usr/share/code/code cwd='~/src/quill-api' status=SUCCESS
2026-08-13T07:59:03Z user=nora.singh host=SQ-LT-03 event=SCREEN_LOCK session=138b0e1b87 status=SUCCESS
2026-08-13T08:06:58Z user=nora.singh host=SQ-LT-03 event=PROCESS_START session=138b0e1b87 pid=56594 process=slack executable=/usr/bin/slack cwd='~/src/platform-tools' status=SUCCESS
2026-08-13T08:09:55Z user=nora.singh host=SQ-LT-03 event=PROCESS_START session=138b0e1b87 pid=33658 process=code executable=/usr/share/code/code cwd='~/src/deploy-scripts' status=SUCCESS
2026-08-13T08:11:27Z user=nora.singh host=SQ-LT-03 event=FILE_WRITE session=138b0e1b87 path='~/src/quill-api/src/services/deploy.ts' process=python3 status=SUCCESS
2026-08-13T08:12:16Z user=nora.singh host=SQ-LT-03 event=PROCESS_START session=138b0e1b87 pid=19324 process=slack executable=/usr/bin/slack cwd='~' status=SUCCESS
2026-08-13T08:12:44Z user=nora.singh host=SQ-LT-03 event=IDLE_CHECK session=138b0e1b87 status=SUCCESS
2026-08-13T08:18:26Z user=nora.singh host=SQ-LT-03 event=HEARTBEAT session=138b0e1b87 agent=edr-7.4.2 status=SUCCESS
2026-08-13T08:20:39Z user=nora.singh host=SQ-LT-03 event=NETWORK_CONNECT session=138b0e1b87 process=chrome destination=docs.silverquill.internal dest_ip=10.18.6.14 dest_port=443 protocol=tcp status=SUCCESS
2026-08-13T08:21:43Z user=nora.singh host=SQ-LT-03 event=PROCESS_START session=138b0e1b87 pid=40817 process=bash executable=/usr/bin/bash cwd='~' command='bash scripts/run-local.sh' status=SUCCESS
2026-08-13T08:23:08Z user=nora.singh host=SQ-LT-03 event=SCREEN_UNLOCK session=138b0e1b87 method=fido2 status=SUCCESS
2026-08-13T08:27:18Z user=nora.singh host=SQ-LT-03 event=NETWORK_CONNECT session=138b0e1b87 process=node destination=registry.silverquill.internal dest_ip=10.18.3.12 dest_port=443 protocol=tcp status=SUCCESS
2026-08-13T08:28:52Z user=nora.singh host=SQ-LT-03 event=FILE_SYNC session=138b0e1b87 target=settings-roam status=SUCCESS
2026-08-13T08:32:59Z user=nora.singh host=SQ-LT-03 event=TIME_SYNC session=138b0e1b87 source=ntp.silverquill.internal status=SUCCESS
2026-08-13T08:34:30Z user=nora.singh host=SQ-LT-03 event=HEARTBEAT session=138b0e1b87 agent=edr-7.4.2 status=SUCCESS
2026-08-13T08:36:55Z user=nora.singh host=SQ-LT-03 event=TIME_SYNC session=138b0e1b87 source=ntp.silverquill.internal status=SUCCESS
2026-08-13T08:43:59Z user=nora.singh host=SQ-LT-03 event=PROCESS_START session=138b0e1b87 pid=61022 process=chrome executable=/opt/google/chrome/chrome cwd='~' status=SUCCESS
2026-08-13T08:44:15Z user=nora.singh host=SQ-LT-03 event=USB_UNMOUNT session=138b0e1b87 device=YubiKey-5C-NFC status=SUCCESS
2026-08-13T08:47:18Z user=nora.singh host=SQ-LT-03 event=EDR_HEALTH session=138b0e1b87 sensor=healthy status=SUCCESS
2026-08-13T08:47:47Z user=nora.singh host=SQ-LT-03 event=EDR_HEALTH session=138b0e1b87 sensor=healthy status=SUCCESS
2026-08-13T08:47:53Z user=nora.singh host=SQ-LT-03 event=NETWORK_CONNECT session=138b0e1b87 process=chrome destination=grafana.silverquill.internal dest_ip=10.18.4.18 dest_port=443 protocol=tcp status=SUCCESS
2026-08-13T08:50:37Z user=nora.singh host=SQ-LT-03 event=PROCESS_START session=138b0e1b87 pid=13438 process=npm executable=/usr/bin/npm cwd='~/src/observability' command='npm run lint' status=SUCCESS
2026-08-13T08:52:01Z user=nora.singh host=SQ-LT-03 event=USB_UNMOUNT session=138b0e1b87 device=Logitech-Receiver status=SUCCESS
2026-08-13T08:53:03Z user=nora.singh host=SQ-LT-03 event=TIME_SYNC session=138b0e1b87 source=ntp.silverquill.internal status=SUCCESS
2026-08-13T08:53:18Z user=nora.singh host=SQ-LT-03 event=NETWORK_CONNECT session=138b0e1b87 process=chrome destination=packages.silverquill.internal dest_ip=10.18.2.7 dest_port=443 protocol=tcp status=SUCCESS
2026-08-13T08:58:42Z user=nora.singh host=SQ-LT-03 event=PROCESS_START session=138b0e1b87 pid=9247 process=node executable=/usr/bin/node cwd='~/src/observability' command='node ./scripts/check-config.js' status=SUCCESS
2026-08-13T09:07:13Z user=nora.singh host=SQ-LT-03 event=FILE_WRITE session=138b0e1b87 path='~/src/quill-admin/src/routes/health.ts' process=npm status=SUCCESS
2026-08-13T09:10:56Z user=nora.singh host=SQ-LT-03 event=PROCESS_START session=138b0e1b87 pid=41118 process=chrome executable=/opt/google/chrome/chrome cwd='~/Downloads' status=SUCCESS
2026-08-13T09:12:36Z user=nora.singh host=SQ-LT-03 event=NETWORK_CONNECT session=138b0e1b87 process=code destination=packages.silverquill.internal dest_ip=10.18.2.7 dest_port=443 protocol=tcp status=SUCCESS
2026-08-13T09:20:51Z user=nora.singh host=SQ-LT-03 event=PROCESS_START session=138b0e1b87 pid=30502 process=code executable=/usr/share/code/code cwd='~' status=SUCCESS
2026-08-13T09:24:58Z user=nora.singh host=SQ-LT-03 event=PROCESS_START session=138b0e1b87 pid=25003 process=chrome executable=/opt/google/chrome/chrome cwd='~/src/quill-api' status=SUCCESS
2026-08-13T09:28:58Z user=nora.singh host=SQ-LT-03 event=FILE_SYNC session=138b0e1b87 target=corp-drive status=SUCCESS
2026-08-13T09:29:42Z user=nora.singh host=SQ-LT-03 event=NETWORK_CONNECT session=138b0e1b87 process=npm destination=sso.silverquill.internal dest_ip=10.18.7.11 dest_port=443 protocol=tcp status=SUCCESS
2026-08-13T09:31:48Z user=nora.singh host=SQ-LT-03 event=PROCESS_START session=138b0e1b87 pid=7611 process=npm executable=/usr/bin/npm cwd='~/src/deploy-scripts' command='npm ci' status=SUCCESS
2026-08-13T09:32:26Z user=nora.singh host=SQ-LT-03 event=EDR_HEALTH session=138b0e1b87 sensor=healthy status=SUCCESS
2026-08-13T09:35:23Z user=nora.singh host=SQ-LT-03 event=EDR_HEALTH session=138b0e1b87 status=SUCCESS
2026-08-13T09:37:00Z user=nora.singh host=SQ-LT-03 event=PROCESS_START session=138b0e1b87 pid=30703 process=bash executable=/usr/bin/bash cwd='~' command='bash scripts/test-health.sh' status=SUCCESS
2026-08-13T09:42:51Z user=nora.singh host=SQ-LT-03 event=HEARTBEAT session=138b0e1b87 agent=edr-7.4.2 status=SUCCESS
2026-08-13T09:55:25Z user=nora.singh host=SQ-LT-03 event=PROCESS_START session=138b0e1b87 pid=47657 process=python3 executable=/usr/bin/python3 cwd='~/src/platform-tools' command='python3 scripts/check_release.py' status=SUCCESS
2026-08-13T09:55:42Z user=nora.singh host=SQ-LT-03 event=FILE_OPEN session=138b0e1b87 path='~/src/quill-api/.github/workflows/ci.yml' process=node status=SUCCESS
2026-08-13T09:57:51Z user=nora.singh host=SQ-LT-03 event=PACKAGE_UPDATE session=138b0e1b87 package=nodejs status=SUCCESS
2026-08-13T09:58:15Z user=nora.singh host=SQ-LT-03 event=IDLE_CHECK session=138b0e1b87 status=SUCCESS
2026-08-13T10:01:10Z user=nora.singh host=SQ-LT-03 event=POLICY_REFRESH session=138b0e1b87 policy=endpoint-standard-v6 status=SUCCESS
2026-08-13T10:03:02Z user=nora.singh host=SQ-LT-03 event=USB_UNMOUNT session=138b0e1b87 device=YubiKey-5C-NFC status=SUCCESS
2026-08-13T10:04:43Z user=nora.singh host=SQ-LT-03 event=FILE_OPEN session=138b0e1b87 path='~/src/platform-tools/src/routes/status.ts' process=python3 status=SUCCESS
2026-08-13T10:05:32Z user=nora.singh host=SQ-LT-03 event=ANTIVIRUS_SCAN session=138b0e1b87 engine=defender mode=quick status=SUCCESS
2026-08-13T10:12:27Z user=nora.singh host=SQ-LT-03 event=NETWORK_CONNECT session=138b0e1b87 process=chrome destination=ci.silverquill.internal dest_ip=10.18.5.9 dest_port=443 protocol=tcp status=SUCCESS
2026-08-13T10:18:59Z user=nora.singh host=SQ-LT-03 event=NETWORK_CONNECT session=138b0e1b87 process=python3 destination=docs.silverquill.internal dest_ip=10.18.6.14 dest_port=443 protocol=tcp status=SUCCESS
2026-08-13T10:20:28Z user=nora.singh host=SQ-LT-03 event=PROCESS_START session=138b0e1b87 pid=57682 process=node executable=/usr/bin/node cwd='~/Downloads' command='node ./dist/server.js' status=SUCCESS
2026-08-13T10:27:22Z user=nora.singh host=SQ-LT-03 event=PROCESS_START session=138b0e1b87 pid=12665 process=python3 executable=/usr/bin/python3 cwd='~/src/platform-tools' command='python3 scripts/report_health.py' status=SUCCESS
2026-08-13T10:32:48Z user=nora.singh host=SQ-LT-03 event=FILE_SYNC session=138b0e1b87 target=corp-drive status=SUCCESS
2026-08-13T10:35:51Z user=nora.singh host=SQ-LT-03 event=NETWORK_CONNECT session=138b0e1b87 process=npm destination=registry.silverquill.internal dest_ip=10.18.3.12 dest_port=443 protocol=tcp status=SUCCESS
2026-08-13T10:36:24Z user=nora.singh host=SQ-LT-03 event=HEARTBEAT session=138b0e1b87 agent=edr-7.4.2 status=SUCCESS
2026-08-13T10:37:35Z user=nora.singh host=SQ-LT-03 event=HEARTBEAT session=138b0e1b87 agent=edr-7.4.2 status=SUCCESS
2026-08-13T10:43:37Z user=nora.singh host=SQ-LT-03 event=PROCESS_START session=138b0e1b87 pid=29523 process=node executable=/usr/bin/node cwd='~/Downloads' command='node ./dist/server.js' status=SUCCESS
2026-08-13T10:43:51Z user=nora.singh host=SQ-LT-03 event=FILE_SYNC session=138b0e1b87 target=corp-drive status=SUCCESS
2026-08-13T10:43:51Z user=nora.singh host=SQ-LT-03 event=PROCESS_START session=138b0e1b87 pid=58751 process=npm executable=/usr/bin/npm cwd='~/src/deploy-scripts' command='npm run build' status=SUCCESS
2026-08-13T10:49:38Z user=nora.singh host=SQ-LT-03 event=TIME_SYNC session=138b0e1b87 source=ntp.silverquill.internal status=SUCCESS
2026-08-13T10:50:51Z user=nora.singh host=SQ-LT-03 event=PROCESS_START session=138b0e1b87 pid=23639 process=bash executable=/usr/bin/bash cwd='~/src/platform-tools' command='bash scripts/test-health.sh' status=SUCCESS
2026-08-13T10:54:54Z user=nora.singh host=SQ-LT-03 event=TIME_SYNC session=138b0e1b87 source=ntp.silverquill.internal status=SUCCESS
2026-08-13T10:55:52Z user=nora.singh host=SQ-LT-03 event=NETWORK_CONNECT session=138b0e1b87 process=python3 destination=ci.silverquill.internal dest_ip=10.18.5.9 dest_port=443 protocol=tcp status=SUCCESS
2026-08-13T11:00:13Z user=nora.singh host=SQ-LT-03 event=TIME_SYNC session=138b0e1b87 source=ntp.silverquill.internal status=SUCCESS
2026-08-13T11:02:11Z user=nora.singh host=SQ-LT-03 event=NETWORK_CONNECT session=138b0e1b87 process=chrome destination=sso.silverquill.internal dest_ip=10.18.7.11 dest_port=443 protocol=tcp status=SUCCESS
2026-08-13T11:02:20Z user=nora.singh host=SQ-LT-03 event=FILE_OPEN session=138b0e1b87 path='~/src/observability/README.md' process=python3 status=SUCCESS
2026-08-13T11:03:18Z user=nora.singh host=SQ-LT-03 event=SCREEN_LOCK session=138b0e1b87 status=SUCCESS
2026-08-13T11:05:17Z user=nora.singh host=SQ-LT-03 event=POLICY_REFRESH session=138b0e1b87 policy=endpoint-standard-v6 status=SUCCESS
2026-08-13T11:06:41Z user=nora.singh host=SQ-LT-03 event=POLICY_REFRESH session=138b0e1b87 policy=endpoint-standard-v6 status=SUCCESS
2026-08-13T11:11:55Z user=nora.singh host=SQ-LT-03 event=NETWORK_CONNECT session=138b0e1b87 process=python3 destination=grafana.silverquill.internal dest_ip=10.18.4.18 dest_port=443 protocol=tcp status=SUCCESS
2026-08-13T11:21:25Z user=nora.singh host=SQ-LT-03 event=PROCESS_START session=138b0e1b87 pid=38082 process=chrome executable=/opt/google/chrome/chrome cwd='~/src/platform-tools' status=SUCCESS
2026-08-13T11:22:42Z user=nora.singh host=SQ-LT-03 event=HEARTBEAT session=138b0e1b87 agent=edr-7.4.2 status=SUCCESS
2026-08-13T11:24:02Z user=nora.singh host=SQ-LT-03 event=ANTIVIRUS_SCAN session=138b0e1b87 engine=defender mode=quick status=SUCCESS
2026-08-13T11:25:16Z user=nora.singh host=SQ-LT-03 event=PROCESS_START session=138b0e1b87 pid=9130 process=bash executable=/usr/bin/bash cwd='~/src/quill-api' command='bash scripts/test-health.sh' status=SUCCESS
2026-08-13T11:27:10Z user=nora.singh host=SQ-LT-03 event=NETWORK_CONNECT session=138b0e1b87 process=chrome destination=grafana.silverquill.internal dest_ip=10.18.4.18 dest_port=443 protocol=tcp status=SUCCESS
2026-08-13T11:29:59Z user=nora.singh host=SQ-LT-03 event=PROCESS_START session=138b0e1b87 pid=27629 process=bash executable=/usr/bin/bash cwd='~/src/platform-tools' command='bash scripts/test-health.sh' status=SUCCESS
2026-08-13T11:36:46Z user=nora.singh host=SQ-LT-03 event=PROCESS_START session=138b0e1b87 pid=4655 process=code executable=/usr/share/code/code cwd='~/src/observability' status=SUCCESS
2026-08-13T11:36:50Z user=nora.singh host=SQ-LT-03 event=SCREEN_UNLOCK session=138b0e1b87 method=fido2 status=SUCCESS
2026-08-13T11:42:37Z user=nora.singh host=SQ-LT-03 event=POLICY_REFRESH session=138b0e1b87 policy=endpoint-standard-v6 status=SUCCESS
2026-08-13T11:42:46Z user=nora.singh host=SQ-LT-03 event=PROCESS_START session=138b0e1b87 pid=49204 process=npm executable=/usr/bin/npm cwd='~/src/quill-admin' command='npm run lint' status=SUCCESS
2026-08-13T11:42:56Z user=nora.singh host=SQ-LT-03 event=PROCESS_START session=138b0e1b87 pid=35232 process=slack executable=/usr/bin/slack cwd='~/src/quill-api' status=SUCCESS
2026-08-13T11:44:00Z user=nora.singh host=SQ-LT-03 event=USB_UNMOUNT session=138b0e1b87 device=Logitech-Receiver status=SUCCESS
2026-08-13T11:45:23Z user=nora.singh host=SQ-LT-03 event=NETWORK_CONNECT session=138b0e1b87 process=python3 destination=docs.silverquill.internal dest_ip=10.18.6.14 dest_port=443 protocol=tcp status=SUCCESS
2026-08-13T11:45:26Z user=nora.singh host=SQ-LT-03 event=TIME_SYNC session=138b0e1b87 source=ntp.silverquill.internal status=SUCCESS
2026-08-13T11:47:07Z user=nora.singh host=SQ-LT-03 event=ANTIVIRUS_SCAN session=138b0e1b87 engine=defender mode=realtime status=SUCCESS
2026-08-13T11:47:34Z user=nora.singh host=SQ-LT-03 event=FILE_SYNC session=138b0e1b87 target=corp-drive status=SUCCESS
2026-08-13T11:51:16Z user=nora.singh host=SQ-LT-03 event=NETWORK_CONNECT session=138b0e1b87 process=python3 destination=registry.silverquill.internal dest_ip=10.18.3.12 dest_port=443 protocol=tcp status=SUCCESS
2026-08-13T11:52:41Z user=nora.singh host=SQ-LT-03 event=PROCESS_START session=138b0e1b87 pid=29151 process=python3 executable=/usr/bin/python3 cwd='~/Downloads' command='python3 scripts/report_health.py' status=SUCCESS
2026-08-13T11:57:48Z user=nora.singh host=SQ-LT-03 event=HEARTBEAT session=138b0e1b87 agent=edr-7.4.2 status=SUCCESS
2026-08-13T11:58:15Z user=nora.singh host=SQ-LT-03 event=NETWORK_CONNECT session=138b0e1b87 process=python3 destination=ci.silverquill.internal dest_ip=10.18.5.9 dest_port=443 protocol=tcp status=SUCCESS
2026-08-13T11:58:29Z user=nora.singh host=SQ-LT-03 event=FILE_OPEN session=138b0e1b87 path='~/src/quill-api/package.json' process=npm status=SUCCESS
2026-08-13T12:04:32Z user=nora.singh host=SQ-LT-03 event=TIME_SYNC session=138b0e1b87 source=ntp.silverquill.internal status=SUCCESS
2026-08-13T12:05:43Z user=nora.singh host=SQ-LT-03 event=NETWORK_CONNECT session=138b0e1b87 process=python3 destination=ci.silverquill.internal dest_ip=10.18.5.9 dest_port=443 protocol=tcp status=SUCCESS
2026-08-13T12:16:44Z user=nora.singh host=SQ-LT-03 event=TIME_SYNC session=138b0e1b87 source=ntp.silverquill.internal status=SUCCESS
2026-08-13T12:19:13Z user=nora.singh host=SQ-LT-03 event=NETWORK_CONNECT session=138b0e1b87 process=chrome destination=sso.silverquill.internal dest_ip=10.18.7.11 dest_port=443 protocol=tcp status=SUCCESS
2026-08-13T12:23:05Z user=nora.singh host=SQ-LT-03 event=ANTIVIRUS_SCAN session=138b0e1b87 engine=defender mode=quick status=SUCCESS
2026-08-13T12:24:57Z user=nora.singh host=SQ-LT-03 event=ANTIVIRUS_SCAN session=138b0e1b87 engine=defender mode=realtime status=SUCCESS
2026-08-13T12:27:12Z user=nora.singh host=SQ-LT-03 event=PROCESS_START session=138b0e1b87 pid=59756 process=npm executable=/usr/bin/npm cwd='~/src/deploy-scripts' command='npm ci' status=SUCCESS
2026-08-13T12:27:39Z user=nora.singh host=SQ-LT-03 event=IDLE_CHECK session=138b0e1b87 status=SUCCESS
2026-08-13T12:31:12Z user=nora.singh host=SQ-LT-03 event=PROCESS_START session=138b0e1b87 pid=29182 process=npm executable=/usr/bin/npm cwd='~/src/platform-tools' command='npm run build' status=SUCCESS
2026-08-13T12:40:05Z user=nora.singh host=SQ-LT-03 event=ANTIVIRUS_SCAN session=138b0e1b87 engine=defender mode=realtime status=SUCCESS
2026-08-13T12:44:03Z user=nora.singh host=SQ-LT-03 event=FILE_WRITE session=138b0e1b87 path='~/src/platform-tools/src/services/deploy.ts' process=code status=SUCCESS
2026-08-13T12:45:38Z user=nora.singh host=SQ-LT-03 event=FILE_OPEN session=138b0e1b87 path='~/src/platform-tools/scripts/release.sh' process=python3 status=SUCCESS
2026-08-13T12:45:52Z user=nora.singh host=SQ-LT-03 event=IDLE_CHECK session=138b0e1b87 status=SUCCESS
2026-08-13T12:47:21Z user=nora.singh host=SQ-LT-03 event=NETWORK_CONNECT session=138b0e1b87 process=npm destination=grafana.silverquill.internal dest_ip=10.18.4.18 dest_port=443 protocol=tcp status=SUCCESS
2026-08-13T12:50:06Z user=nora.singh host=SQ-LT-03 event=FILE_OPEN session=138b0e1b87 path='~/src/quill-api/src/routes/health.ts' process=python3 status=SUCCESS
2026-08-13T12:50:08Z user=nora.singh host=SQ-LT-03 event=PROCESS_START session=138b0e1b87 pid=54279 process=chrome executable=/opt/google/chrome/chrome cwd='~/src/quill-api' status=SUCCESS
2026-08-13T12:51:35Z user=nora.singh host=SQ-LT-03 event=POLICY_REFRESH session=138b0e1b87 policy=endpoint-standard-v6 status=SUCCESS
2026-08-13T12:51:50Z user=nora.singh host=SQ-LT-03 event=FILE_WRITE session=138b0e1b87 path='~/src/quill-admin/scripts/release.sh' process=code status=SUCCESS
2026-08-13T13:05:07Z user=nora.singh host=SQ-LT-03 event=FILE_OPEN session=138b0e1b87 path='~/src/observability/package-lock.json' process=python3 status=SUCCESS
2026-08-13T13:10:22Z user=nora.singh host=SQ-LT-03 event=FILE_WRITE session=138b0e1b87 path='~/src/observability/src/config.ts' process=code status=SUCCESS
2026-08-13T13:14:04Z user=nora.singh host=SQ-LT-03 event=EDR_HEALTH session=138b0e1b87 sensor=healthy status=SUCCESS
2026-08-13T13:16:52Z user=nora.singh host=SQ-LT-03 event=FILE_SYNC session=138b0e1b87 target=settings-roam status=SUCCESS
2026-08-13T13:17:13Z user=nora.singh host=SQ-LT-03 event=NETWORK_CONNECT session=138b0e1b87 process=chrome destination=grafana.silverquill.internal dest_ip=10.18.4.18 dest_port=443 protocol=tcp status=SUCCESS
2026-08-13T13:25:05Z user=nora.singh host=SQ-LT-03 event=PACKAGE_UPDATE session=138b0e1b87 package=chrome status=SUCCESS
2026-08-13T13:28:11Z user=nora.singh host=SQ-LT-03 event=SCREEN_LOCK session=138b0e1b87 status=SUCCESS
2026-08-13T13:28:57Z user=nora.singh host=SQ-LT-03 event=POLICY_REFRESH session=138b0e1b87 policy=endpoint-standard-v6 status=SUCCESS
2026-08-13T13:29:17Z user=nora.singh host=SQ-LT-03 event=EDR_HEALTH session=138b0e1b87 sensor=healthy status=SUCCESS
2026-08-13T13:29:52Z user=nora.singh host=SQ-LT-03 event=FILE_WRITE session=138b0e1b87 path='~/src/deploy-scripts/src/routes/health.ts' process=npm status=SUCCESS
2026-08-13T13:30:04Z user=nora.singh host=SQ-LT-03 event=TIME_SYNC session=138b0e1b87 source=ntp.silverquill.internal status=SUCCESS
2026-08-13T13:33:09Z user=nora.singh host=SQ-LT-03 event=ANTIVIRUS_SCAN session=138b0e1b87 engine=defender mode=quick status=SUCCESS
2026-08-13T13:37:14Z user=nora.singh host=SQ-LT-03 event=PACKAGE_UPDATE session=138b0e1b87 package=code status=SUCCESS
2026-08-13T13:37:32Z user=nora.singh host=SQ-LT-03 event=FILE_OPEN session=138b0e1b87 path='~/src/platform-tools/src/services/deploy.ts' process=node status=SUCCESS
2026-08-13T13:38:49Z user=nora.singh host=SQ-LT-03 event=PROCESS_START session=138b0e1b87 pid=26756 process=code executable=/usr/share/code/code cwd='~/src/quill-api' status=SUCCESS
2026-08-13T13:38:53Z user=nora.singh host=SQ-LT-03 event=POLICY_REFRESH session=138b0e1b87 policy=endpoint-standard-v6 status=SUCCESS
2026-08-13T13:44:47Z user=nora.singh host=SQ-LT-03 event=PROCESS_START session=138b0e1b87 pid=12842 process=bash executable=/usr/bin/bash cwd='~/Downloads' command='bash scripts/check-env.sh' status=SUCCESS
2026-08-13T13:45:08Z user=nora.singh host=SQ-LT-03 event=FILE_WRITE session=138b0e1b87 path='~/src/quill-api/.github/workflows/ci.yml' process=python3 status=SUCCESS
2026-08-13T13:45:46Z user=nora.singh host=SQ-LT-03 event=PROCESS_START session=138b0e1b87 pid=48245 process=bash executable=/usr/bin/bash cwd='~/src/quill-api' command='bash scripts/test-health.sh' status=SUCCESS
2026-08-13T13:45:48Z user=nora.singh host=SQ-LT-03 event=USB_UNMOUNT session=138b0e1b87 device=YubiKey-5C-NFC status=SUCCESS
2026-08-13T13:46:56Z user=nora.singh host=SQ-LT-03 event=PROCESS_START session=138b0e1b87 pid=46820 process=slack executable=/usr/bin/slack cwd='~/src/platform-tools' status=SUCCESS
2026-08-13T13:47:31Z user=nora.singh host=SQ-LT-03 event=NETWORK_CONNECT session=138b0e1b87 process=chrome destination=packages.silverquill.internal dest_ip=10.18.2.7 dest_port=443 protocol=tcp status=SUCCESS
2026-08-13T13:48:07Z user=nora.singh host=SQ-LT-03 event=NETWORK_CONNECT session=138b0e1b87 process=code destination=ci.silverquill.internal dest_ip=10.18.5.9 dest_port=443 protocol=tcp status=SUCCESS
2026-08-13T13:48:58Z user=nora.singh host=SQ-LT-03 event=FILE_SYNC session=138b0e1b87 target=corp-drive status=SUCCESS
2026-08-13T13:49:25Z user=nora.singh host=SQ-LT-03 event=SCREEN_UNLOCK session=138b0e1b87 method=fido2 status=SUCCESS
2026-08-13T13:50:56Z user=nora.singh host=SQ-LT-03 event=PROCESS_START session=138b0e1b87 pid=60927 process=chrome executable=/opt/google/chrome/chrome cwd='~/Downloads' status=SUCCESS
2026-08-13T13:51:01Z user=nora.singh host=SQ-LT-03 event=NETWORK_CONNECT session=138b0e1b87 process=npm destination=sso.silverquill.internal dest_ip=10.18.7.11 dest_port=443 protocol=tcp status=SUCCESS
2026-08-13T13:53:12Z user=nora.singh host=SQ-LT-03 event=PROCESS_START session=138b0e1b87 pid=12390 process=chrome executable=/opt/google/chrome/chrome cwd='~/src/quill-admin' status=SUCCESS
2026-08-13T13:57:35Z user=nora.singh host=SQ-LT-03 event=FILE_WRITE session=138b0e1b87 path='~/src/quill-api/package.json' process=node status=SUCCESS
2026-08-13T13:57:47Z user=nora.singh host=SQ-LT-03 event=FILE_WRITE session=138b0e1b87 path='~/src/observability/src/services/metrics.ts' process=python3 status=SUCCESS
2026-08-13T13:58:06Z user=nora.singh host=SQ-LT-03 event=HEARTBEAT session=138b0e1b87 agent=edr-7.4.2 status=SUCCESS
2026-08-13T14:01:01Z user=nora.singh host=SQ-LT-03 event=POLICY_REFRESH session=138b0e1b87 policy=endpoint-standard-v6 status=SUCCESS
2026-08-13T14:02:55Z user=nora.singh host=SQ-LT-03 event=PROCESS_START session=138b0e1b87 pid=8217 process=code executable=/usr/share/code/code cwd='~/src/quill-api' status=SUCCESS
2026-08-13T14:06:04Z user=nora.singh host=SQ-LT-03 event=FILE_WRITE session=138b0e1b87 path='~/src/quill-api/README.md' process=python3 status=SUCCESS
2026-08-13T14:12:12Z user=nora.singh host=SQ-LT-03 event=ANTIVIRUS_SCAN session=138b0e1b87 engine=defender mode=quick status=SUCCESS
2026-08-13T14:12:24Z user=nora.singh host=SQ-LT-03 event=NETWORK_CONNECT session=138b0e1b87 process=python3 destination=packages.silverquill.internal dest_ip=10.18.2.7 dest_port=443 protocol=tcp status=SUCCESS
2026-08-13T14:16:54Z user=nora.singh host=SQ-LT-03 event=PROCESS_START session=138b0e1b87 pid=2149 process=python3 executable=/usr/bin/python3 cwd='~/Downloads' command='python3 scripts/audit_config.py' status=SUCCESS
2026-08-13T14:21:13Z user=nora.singh host=SQ-LT-03 event=FILE_OPEN session=138b0e1b87 path='~/src/deploy-scripts/src/services/deploy.ts' process=npm status=SUCCESS
2026-08-13T14:22:02Z user=nora.singh host=SQ-LT-03 event=PROCESS_START session=138b0e1b87 pid=25903 process=code executable=/usr/share/code/code cwd='~/src/deploy-scripts' status=SUCCESS
2026-08-13T14:28:29Z user=nora.singh host=SQ-LT-03 event=FILE_WRITE session=138b0e1b87 path='~/src/quill-api/src/routes/health.ts' process=code status=SUCCESS
2026-08-13T14:29:43Z user=nora.singh host=SQ-LT-03 event=NETWORK_CONNECT session=138b0e1b87 process=chrome destination=registry.silverquill.internal dest_ip=10.18.3.12 dest_port=443 protocol=tcp status=SUCCESS
2026-08-13T14:33:18Z user=nora.singh host=SQ-LT-03 event=NETWORK_CONNECT session=138b0e1b87 process=npm destination=registry.silverquill.internal dest_ip=10.18.3.12 dest_port=443 protocol=tcp status=SUCCESS
2026-08-13T14:33:35Z user=nora.singh host=SQ-LT-03 event=FILE_WRITE session=138b0e1b87 path='~/src/quill-admin/.github/workflows/ci.yml' process=python3 status=SUCCESS
2026-08-13T14:35:14Z user=nora.singh host=SQ-LT-03 event=PROCESS_START session=138b0e1b87 pid=21455 process=npm executable=/usr/bin/npm cwd='~/src/platform-tools' command='npm ci' status=SUCCESS
2026-08-13T14:40:33Z user=nora.singh host=SQ-LT-03 event=NETWORK_CONNECT session=138b0e1b87 process=code destination=grafana.silverquill.internal dest_ip=10.18.4.18 dest_port=443 protocol=tcp status=SUCCESS
2026-08-13T14:40:40Z user=nora.singh host=SQ-LT-03 event=ANTIVIRUS_SCAN session=138b0e1b87 engine=defender mode=realtime status=SUCCESS
2026-08-13T14:41:22Z user=nora.singh host=SQ-LT-03 event=PROCESS_START session=138b0e1b87 pid=11126 process=bash executable=/usr/bin/bash cwd='~/src/observability' command='bash scripts/test-health.sh' status=SUCCESS
2026-08-13T14:43:25Z user=nora.singh host=SQ-LT-03 event=TIME_SYNC session=138b0e1b87 source=ntp.silverquill.internal status=SUCCESS
2026-08-13T14:46:43Z user=nora.singh host=SQ-LT-03 event=NETWORK_CONNECT session=138b0e1b87 process=node destination=docs.silverquill.internal dest_ip=10.18.6.14 dest_port=443 protocol=tcp status=SUCCESS
2026-08-13T15:00:27Z user=nora.singh host=SQ-LT-03 event=IDLE_CHECK session=138b0e1b87 status=SUCCESS
2026-08-13T15:03:42Z user=nora.singh host=SQ-LT-03 event=NETWORK_CONNECT session=138b0e1b87 process=python3 destination=packages.silverquill.internal dest_ip=10.18.2.7 dest_port=443 protocol=tcp status=SUCCESS
2026-08-13T15:10:41Z user=nora.singh host=SQ-LT-03 event=NETWORK_CONNECT session=138b0e1b87 process=chrome destination=registry.silverquill.internal dest_ip=10.18.3.12 dest_port=443 protocol=tcp status=SUCCESS
2026-08-13T15:10:49Z user=nora.singh host=SQ-LT-03 event=FILE_OPEN session=138b0e1b87 path='~/src/deploy-scripts/package.json' process=code status=SUCCESS
2026-08-13T15:10:53Z user=nora.singh host=SQ-LT-03 event=NETWORK_CONNECT session=138b0e1b87 process=code destination=ci.silverquill.internal dest_ip=10.18.5.9 dest_port=443 protocol=tcp status=SUCCESS
2026-08-13T15:15:16Z user=nora.singh host=SQ-LT-03 event=FILE_SYNC session=138b0e1b87 target=settings-roam status=SUCCESS
2026-08-13T15:15:28Z user=nora.singh host=SQ-LT-03 event=PROCESS_START session=138b0e1b87 pid=22679 process=python3 executable=/usr/bin/python3 cwd='~/src/quill-api' command='python3 scripts/audit_config.py' status=SUCCESS
2026-08-13T15:36:36Z user=nora.singh host=SQ-LT-03 event=NETWORK_CONNECT session=138b0e1b87 process=node destination=registry.silverquill.internal dest_ip=10.18.3.12 dest_port=443 protocol=tcp status=SUCCESS
2026-08-13T15:40:42Z user=nora.singh host=SQ-LT-03 event=HEARTBEAT session=138b0e1b87 agent=edr-7.4.2 status=SUCCESS
2026-08-13T15:44:15Z user=nora.singh host=SQ-LT-03 event=ANTIVIRUS_SCAN session=138b0e1b87 engine=defender mode=quick status=SUCCESS
2026-08-13T15:48:25Z user=nora.singh host=SQ-LT-03 event=ANTIVIRUS_SCAN session=138b0e1b87 engine=defender mode=realtime status=SUCCESS
2026-08-13T15:50:12Z user=nora.singh host=SQ-LT-03 event=FILE_WRITE session=138b0e1b87 path='~/src/deploy-scripts/package.json' process=npm status=SUCCESS
2026-08-13T16:08:13Z user=nora.singh host=SQ-LT-03 event=FILE_SYNC session=138b0e1b87 target=corp-drive status=SUCCESS
2026-08-13T16:09:48Z user=nora.singh host=SQ-LT-03 event=PRINT_JOB session=138b0e1b87 printer=sq-floor3-mfp pages=9 status=SUCCESS
2026-08-13T16:10:10Z user=nora.singh host=SQ-LT-03 event=FILE_WRITE session=138b0e1b87 path='~/src/observability/src/routes/health.ts' process=node status=SUCCESS
2026-08-13T16:12:32Z user=nora.singh host=SQ-LT-03 event=PROCESS_START session=138b0e1b87 pid=9346 process=node executable=/usr/bin/node cwd='~' command='node ./dist/server.js' status=SUCCESS
2026-08-13T16:13:27Z user=nora.singh host=SQ-LT-03 event=PROCESS_START session=138b0e1b87 pid=2405 process=code executable=/usr/share/code/code cwd='~/src/quill-admin' status=SUCCESS
2026-08-13T16:18:16Z user=nora.singh host=SQ-LT-03 event=PROCESS_START session=138b0e1b87 pid=1979 process=chrome executable=/opt/google/chrome/chrome cwd='~/src/platform-tools' status=SUCCESS
2026-08-13T16:22:22Z user=nora.singh host=SQ-LT-03 event=FILE_OPEN session=138b0e1b87 path='~/src/platform-tools/scripts/check-config.js' process=code status=SUCCESS
2026-08-13T16:24:27Z user=nora.singh host=SQ-LT-03 event=EDR_HEALTH session=138b0e1b87 sensor=healthy status=SUCCESS
2026-08-13T16:27:33Z user=nora.singh host=SQ-LT-03 event=PROCESS_START session=138b0e1b87 pid=10825 process=npm executable=/usr/bin/npm cwd='~/src/deploy-scripts' command='npm run build' status=SUCCESS
2026-08-13T16:30:29Z user=nora.singh host=SQ-LT-03 event=VPN_DISCONNECT session=138b0e1b87 profile=corp-vpn status=SUCCESS
2026-08-13T16:30:38Z user=nora.singh host=SQ-LT-03 event=PROCESS_START session=138b0e1b87 pid=38302 process=npm executable=/usr/bin/npm cwd='~' command='npm ci' status=SUCCESS
2026-08-13T16:32:28Z user=nora.singh host=SQ-LT-03 event=PROCESS_START session=138b0e1b87 pid=49399 process=slack executable=/usr/bin/slack cwd='~/src/quill-admin' status=SUCCESS
2026-08-13T16:33:45Z user=nora.singh host=SQ-LT-03 event=FILE_OPEN session=138b0e1b87 path='~/src/deploy-scripts/package.json' process=code status=SUCCESS
2026-08-13T16:34:33Z user=nora.singh host=SQ-LT-03 event=NETWORK_CONNECT session=138b0e1b87 process=node destination=sso.silverquill.internal dest_ip=10.18.7.11 dest_port=443 protocol=tcp status=SUCCESS
2026-08-13T16:34:55Z user=nora.singh host=SQ-LT-03 event=FILE_SYNC session=138b0e1b87 target=settings-roam status=SUCCESS
2026-08-13T16:36:07Z user=nora.singh host=SQ-LT-03 event=LOGOUT session=138b0e1b87 status=SUCCESS
2026-08-13T16:41:35Z host=SQ-LT-03 event=POWER_OFF login=none status=SUCCESS
2026-08-14T08:21:14Z host=SQ-LT-03 event=SYSTEM_BOOT boot_id=e586b90fb8 status=SUCCESS
2026-08-14T08:23:31Z user=nora.singh host=SQ-LT-03 event=LOGIN session=1a5fa3619b method=password+fido2 status=SUCCESS
2026-08-14T08:26:48Z user=nora.singh host=SQ-LT-03 event=FILE_SYNC session=1a5fa3619b target=settings-roam status=SUCCESS
2026-08-14T08:28:45Z user=nora.singh host=SQ-LT-03 event=VPN_CONNECT session=1a5fa3619b profile=corp-vpn gateway=vpn-blr-02 status=SUCCESS
2026-08-14T08:29:57Z user=nora.singh host=SQ-LT-03 event=TIME_SYNC session=1a5fa3619b source=ntp.silverquill.internal status=SUCCESS
2026-08-14T08:30:51Z user=nora.singh host=SQ-LT-03 event=TIME_SYNC session=1a5fa3619b source=ntp.silverquill.internal status=SUCCESS
2026-08-14T08:30:52Z user=nora.singh host=SQ-LT-03 event=HEARTBEAT session=1a5fa3619b agent=edr-7.4.2 status=SUCCESS
2026-08-14T08:31:20Z user=nora.singh host=SQ-LT-03 event=ANTIVIRUS_SCAN session=1a5fa3619b engine=defender mode=quick status=SUCCESS
2026-08-14T08:31:43Z user=nora.singh host=SQ-LT-03 event=EDR_HEALTH session=1a5fa3619b sensor=healthy status=SUCCESS
2026-08-14T08:32:06Z user=nora.singh host=SQ-LT-03 event=PRINT_JOB session=1a5fa3619b printer=sq-floor3-mfp pages=8 status=SUCCESS
2026-08-14T08:37:39Z user=nora.singh host=SQ-LT-03 event=FILE_SYNC session=1a5fa3619b target=settings-roam status=SUCCESS
2026-08-14T08:44:32Z user=nora.singh host=SQ-LT-03 event=IDLE_CHECK session=1a5fa3619b status=SUCCESS
2026-08-14T08:44:35Z user=nora.singh host=SQ-LT-03 event=FILE_WRITE session=1a5fa3619b path='~/src/deploy-scripts/package.json' process=node status=SUCCESS
2026-08-14T08:45:15Z user=nora.singh host=SQ-LT-03 event=ANTIVIRUS_SCAN session=1a5fa3619b engine=defender mode=realtime status=SUCCESS
2026-08-14T08:45:18Z user=nora.singh host=SQ-LT-03 event=PROCESS_START session=1a5fa3619b pid=16921 process=slack executable=/usr/bin/slack cwd='~/Downloads' status=SUCCESS
2026-08-14T08:46:08Z user=nora.singh host=SQ-LT-03 event=PROCESS_START session=1a5fa3619b pid=14771 process=slack executable=/usr/bin/slack cwd='~/src/observability' status=SUCCESS
2026-08-14T08:47:28Z user=nora.singh host=SQ-LT-03 event=FILE_OPEN session=1a5fa3619b path='~/src/quill-admin/src/services/metrics.ts' process=node status=SUCCESS
2026-08-14T08:47:49Z user=nora.singh host=SQ-LT-03 event=PROCESS_START session=1a5fa3619b pid=13365 process=code executable=/usr/share/code/code cwd='~/src/platform-tools' status=SUCCESS
2026-08-14T08:48:11Z user=nora.singh host=SQ-LT-03 event=IDLE_CHECK session=1a5fa3619b status=SUCCESS
2026-08-14T08:53:03Z user=nora.singh host=SQ-LT-03 event=FILE_WRITE session=1a5fa3619b path='~/src/quill-api/src/config.ts' process=node status=SUCCESS
2026-08-14T09:00:15Z user=nora.singh host=SQ-LT-03 event=FILE_WRITE session=1a5fa3619b path='~/src/observability/src/routes/health.ts' process=node status=SUCCESS
2026-08-14T09:05:38Z user=nora.singh host=SQ-LT-03 event=POLICY_REFRESH session=1a5fa3619b policy=endpoint-standard-v6 status=SUCCESS
2026-08-14T09:06:22Z user=nora.singh host=SQ-LT-03 event=PROCESS_START session=1a5fa3619b pid=29429 process=slack executable=/usr/bin/slack cwd='~/src/quill-admin' status=SUCCESS
2026-08-14T09:08:00Z user=nora.singh host=SQ-LT-03 event=USB_MOUNT session=1a5fa3619b device=Logitech-Receiver status=SUCCESS
2026-08-14T09:09:06Z user=nora.singh host=SQ-LT-03 event=PROCESS_START session=1a5fa3619b pid=30035 process=bash executable=/usr/bin/bash cwd='~/src/observability' command='bash scripts/test-health.sh' status=SUCCESS
2026-08-14T09:12:55Z user=nora.singh host=SQ-LT-03 event=NETWORK_CONNECT session=1a5fa3619b process=node destination=grafana.silverquill.internal dest_ip=10.18.4.18 dest_port=443 protocol=tcp status=SUCCESS
2026-08-14T09:17:53Z user=nora.singh host=SQ-LT-03 event=TIME_SYNC session=1a5fa3619b source=ntp.silverquill.internal status=SUCCESS
2026-08-14T09:19:10Z user=nora.singh host=SQ-LT-03 event=NETWORK_CONNECT session=1a5fa3619b process=chrome destination=sso.silverquill.internal dest_ip=10.18.7.11 dest_port=443 protocol=tcp status=SUCCESS
2026-08-14T09:19:30Z user=nora.singh host=SQ-LT-03 event=NETWORK_CONNECT session=1a5fa3619b process=chrome destination=jira.silverquill.internal dest_ip=10.18.1.21 dest_port=443 protocol=tcp status=SUCCESS
2026-08-14T09:20:44Z user=nora.singh host=SQ-LT-03 event=ANTIVIRUS_SCAN session=1a5fa3619b engine=defender mode=realtime status=SUCCESS
2026-08-14T09:23:06Z user=nora.singh host=SQ-LT-03 event=IDLE_CHECK session=1a5fa3619b status=SUCCESS
2026-08-14T09:26:11Z user=nora.singh host=SQ-LT-03 event=EDR_HEALTH session=1a5fa3619b sensor=healthy status=SUCCESS
2026-08-14T09:27:06Z user=nora.singh host=SQ-LT-03 event=NETWORK_CONNECT session=1a5fa3619b process=python3 destination=jira.silverquill.internal dest_ip=10.18.1.21 dest_port=443 protocol=tcp status=SUCCESS
2026-08-14T09:30:38Z user=nora.singh host=SQ-LT-03 event=PROCESS_START session=1a5fa3619b pid=47646 process=chrome executable=/opt/google/chrome/chrome cwd='~/src/observability' status=SUCCESS
2026-08-14T09:32:55Z user=nora.singh host=SQ-LT-03 event=EDR_HEALTH session=1a5fa3619b sensor=healthy status=SUCCESS
2026-08-14T09:32:56Z user=nora.singh host=SQ-LT-03 event=TIME_SYNC session=1a5fa3619b source=ntp.silverquill.internal status=SUCCESS
2026-08-14T09:39:25Z user=nora.singh host=SQ-LT-03 event=NETWORK_CONNECT session=1a5fa3619b process=python3 destination=sso.silverquill.internal dest_ip=10.18.7.11 dest_port=443 protocol=tcp status=SUCCESS
2026-08-14T09:39:48Z user=nora.singh host=SQ-LT-03 event=PROCESS_START session=1a5fa3619b pid=40978 process=chrome executable=/opt/google/chrome/chrome cwd='~/src/platform-tools' status=SUCCESS
2026-08-14T09:42:36Z user=nora.singh host=SQ-LT-03 event=FILE_OPEN session=1a5fa3619b path='~/src/quill-admin/src/services/deploy.ts' process=npm status=SUCCESS
2026-08-14T09:51:09Z user=nora.singh host=SQ-LT-03 event=FILE_OPEN session=1a5fa3619b path='~/src/platform-tools/.github/workflows/ci.yml' process=code status=SUCCESS
2026-08-14T09:53:40Z user=nora.singh host=SQ-LT-03 event=HEARTBEAT session=1a5fa3619b agent=edr-7.4.2 status=SUCCESS
2026-08-14T10:01:34Z user=nora.singh host=SQ-LT-03 event=FILE_WRITE session=1a5fa3619b path='~/src/deploy-scripts/src/routes/health.ts' process=npm status=SUCCESS
2026-08-14T10:05:29Z user=nora.singh host=SQ-LT-03 event=PACKAGE_UPDATE session=1a5fa3619b package=chrome status=SUCCESS
2026-08-14T10:09:23Z user=nora.singh host=SQ-LT-03 event=USB_UNMOUNT session=1a5fa3619b device=YubiKey-5C-NFC status=SUCCESS
2026-08-14T10:09:29Z user=nora.singh host=SQ-LT-03 event=PACKAGE_UPDATE session=1a5fa3619b package=code status=SUCCESS
2026-08-14T10:10:31Z user=nora.singh host=SQ-LT-03 event=FILE_OPEN session=1a5fa3619b path='~/src/deploy-scripts/src/services/metrics.ts' process=node status=SUCCESS
2026-08-14T10:11:20Z user=nora.singh host=SQ-LT-03 event=TIME_SYNC session=1a5fa3619b source=ntp.silverquill.internal status=SUCCESS
2026-08-14T10:15:13Z user=nora.singh host=SQ-LT-03 event=TIME_SYNC session=1a5fa3619b source=ntp.silverquill.internal status=SUCCESS
2026-08-14T10:16:12Z user=nora.singh host=SQ-LT-03 event=NETWORK_CONNECT session=1a5fa3619b process=code destination=packages.silverquill.internal dest_ip=10.18.2.7 dest_port=443 protocol=tcp status=SUCCESS
2026-08-14T10:19:03Z user=nora.singh host=SQ-LT-03 event=IDLE_CHECK session=1a5fa3619b status=SUCCESS
2026-08-14T10:19:14Z user=nora.singh host=SQ-LT-03 event=FILE_SYNC session=1a5fa3619b target=corp-drive status=SUCCESS
2026-08-14T10:22:50Z user=nora.singh host=SQ-LT-03 event=PROCESS_START session=1a5fa3619b pid=4210 process=code executable=/usr/share/code/code cwd='~/src/observability' status=SUCCESS
2026-08-14T10:23:57Z user=nora.singh host=SQ-LT-03 event=POLICY_REFRESH session=1a5fa3619b policy=endpoint-standard-v6 status=SUCCESS
2026-08-14T10:25:44Z user=nora.singh host=SQ-LT-03 event=PACKAGE_UPDATE session=1a5fa3619b package=python3 status=SUCCESS
2026-08-14T10:32:52Z user=nora.singh host=SQ-LT-03 event=NETWORK_CONNECT session=1a5fa3619b process=npm destination=grafana.silverquill.internal dest_ip=10.18.4.18 dest_port=443 protocol=tcp status=SUCCESS
2026-08-14T10:40:04Z user=nora.singh host=SQ-LT-03 event=POLICY_REFRESH session=1a5fa3619b policy=endpoint-standard-v6 status=SUCCESS
2026-08-14T10:40:53Z user=nora.singh host=SQ-LT-03 event=FILE_WRITE session=1a5fa3619b path='~/src/quill-api/scripts/check-config.js' process=python3 status=SUCCESS
2026-08-14T10:45:47Z user=nora.singh host=SQ-LT-03 event=NETWORK_CONNECT session=1a5fa3619b process=chrome destination=docs.silverquill.internal dest_ip=10.18.6.14 dest_port=443 protocol=tcp status=SUCCESS
2026-08-14T10:48:40Z user=nora.singh host=SQ-LT-03 event=NETWORK_CONNECT session=1a5fa3619b process=node destination=registry.silverquill.internal dest_ip=10.18.3.12 dest_port=443 protocol=tcp status=SUCCESS
2026-08-14T10:54:10Z user=nora.singh host=SQ-LT-03 event=PROCESS_START session=1a5fa3619b pid=12346 process=code executable=/usr/share/code/code cwd='~/src/quill-admin' status=SUCCESS
2026-08-14T10:54:29Z user=nora.singh host=SQ-LT-03 event=HEARTBEAT session=1a5fa3619b agent=edr-7.4.2 status=SUCCESS
2026-08-14T11:02:54Z user=nora.singh host=SQ-LT-03 event=USB_MOUNT session=1a5fa3619b device=Logitech-Receiver status=SUCCESS
2026-08-14T11:03:05Z user=nora.singh host=SQ-LT-03 event=PROCESS_START session=1a5fa3619b pid=43755 process=chrome executable=/opt/google/chrome/chrome cwd='~/src/platform-tools' status=SUCCESS
2026-08-14T11:09:39Z user=nora.singh host=SQ-LT-03 event=FILE_WRITE session=1a5fa3619b path='~/src/platform-tools/src/config.ts' process=node status=SUCCESS
2026-08-14T11:13:02Z user=nora.singh host=SQ-LT-03 event=NETWORK_CONNECT session=1a5fa3619b process=python3 destination=docs.silverquill.internal dest_ip=10.18.6.14 dest_port=443 protocol=tcp status=SUCCESS
2026-08-14T11:14:18Z user=nora.singh host=SQ-LT-03 event=FILE_SYNC session=1a5fa3619b target=settings-roam status=SUCCESS
2026-08-14T11:17:52Z user=nora.singh host=SQ-LT-03 event=FILE_WRITE session=1a5fa3619b path='~/src/platform-tools/package-lock.json' process=npm status=SUCCESS
2026-08-14T11:20:47Z user=nora.singh host=SQ-LT-03 event=NETWORK_CONNECT session=1a5fa3619b process=chrome destination=registry.silverquill.internal dest_ip=10.18.3.12 dest_port=443 protocol=tcp status=SUCCESS
2026-08-14T11:20:53Z user=nora.singh host=SQ-LT-03 event=FILE_WRITE session=1a5fa3619b path='~/src/observability/.github/workflows/ci.yml' process=code status=SUCCESS
2026-08-14T11:21:12Z user=nora.singh host=SQ-LT-03 event=NETWORK_CONNECT session=1a5fa3619b process=node destination=packages.silverquill.internal dest_ip=10.18.2.7 dest_port=443 protocol=tcp status=SUCCESS
2026-08-14T11:22:28Z user=nora.singh host=SQ-LT-03 event=PROCESS_START session=1a5fa3619b pid=19476 process=code executable=/usr/share/code/code cwd='~/src/quill-api' status=SUCCESS
2026-08-14T11:22:41Z user=nora.singh host=SQ-LT-03 event=FILE_OPEN session=1a5fa3619b path='~/src/deploy-scripts/src/services/metrics.ts' process=code status=SUCCESS
2026-08-14T11:22:46Z user=nora.singh host=SQ-LT-03 event=FILE_WRITE session=1a5fa3619b path='~/src/deploy-scripts/Dockerfile' process=npm status=SUCCESS
2026-08-14T11:24:27Z user=nora.singh host=SQ-LT-03 event=NETWORK_CONNECT session=1a5fa3619b process=python3 destination=grafana.silverquill.internal dest_ip=10.18.4.18 dest_port=443 protocol=tcp status=SUCCESS
2026-08-14T11:25:36Z user=nora.singh host=SQ-LT-03 event=PRINT_JOB session=1a5fa3619b printer=sq-floor3-mfp pages=5 status=SUCCESS
2026-08-14T11:29:50Z user=nora.singh host=SQ-LT-03 event=NETWORK_CONNECT session=1a5fa3619b process=npm destination=sso.silverquill.internal dest_ip=10.18.7.11 dest_port=443 protocol=tcp status=SUCCESS
2026-08-14T11:32:52Z user=nora.singh host=SQ-LT-03 event=FILE_SYNC session=1a5fa3619b target=corp-drive status=SUCCESS
2026-08-14T11:33:52Z user=nora.singh host=SQ-LT-03 event=PROCESS_START session=1a5fa3619b pid=2151 process=node executable=/usr/bin/node cwd='~/src/deploy-scripts' command='node ./dist/server.js' status=SUCCESS
2026-08-14T11:35:17Z user=nora.singh host=SQ-LT-03 event=ANTIVIRUS_SCAN session=1a5fa3619b engine=defender mode=realtime status=SUCCESS
2026-08-14T11:37:17Z user=nora.singh host=SQ-LT-03 event=PROCESS_START session=1a5fa3619b pid=15334 process=python3 executable=/usr/bin/python3 cwd='~/src/platform-tools' command='python3 scripts/report_health.py' status=SUCCESS
2026-08-14T11:37:32Z user=nora.singh host=SQ-LT-03 event=FILE_SYNC session=1a5fa3619b target=corp-drive status=SUCCESS
2026-08-14T11:42:55Z user=nora.singh host=SQ-LT-03 event=TIME_SYNC session=1a5fa3619b source=ntp.silverquill.internal status=SUCCESS
2026-08-14T11:43:05Z user=nora.singh host=SQ-LT-03 event=NETWORK_CONNECT session=1a5fa3619b process=npm destination=jira.silverquill.internal dest_ip=10.18.1.21 dest_port=443 protocol=tcp status=SUCCESS
2026-08-14T11:46:38Z user=nora.singh host=SQ-LT-03 event=NETWORK_CONNECT session=1a5fa3619b process=code destination=grafana.silverquill.internal dest_ip=10.18.4.18 dest_port=443 protocol=tcp status=SUCCESS
2026-08-14T11:48:22Z user=nora.singh host=SQ-LT-03 event=FILE_WRITE session=1a5fa3619b path='~/src/observability/README.md' process=npm status=SUCCESS
2026-08-14T11:49:37Z user=nora.singh host=SQ-LT-03 event=HEARTBEAT session=1a5fa3619b agent=edr-7.4.2 status=SUCCESS
2026-08-14T11:55:54Z user=nora.singh host=SQ-LT-03 event=NETWORK_CONNECT session=1a5fa3619b process=chrome destination=registry.silverquill.internal dest_ip=10.18.3.12 dest_port=443 protocol=tcp status=SUCCESS
2026-08-14T11:55:54Z user=nora.singh host=SQ-LT-03 event=SCREEN_LOCK session=1a5fa3619b status=SUCCESS
2026-08-14T12:02:08Z user=nora.singh host=SQ-LT-03 event=SCREEN_UNLOCK session=1a5fa3619b method=fido2 status=SUCCESS
2026-08-14T12:12:22Z user=nora.singh host=SQ-LT-03 event=FILE_OPEN session=1a5fa3619b path='~/src/deploy-scripts/src/services/deploy.ts' process=code status=SUCCESS
2026-08-14T12:12:38Z user=nora.singh host=SQ-LT-03 event=FILE_WRITE session=1a5fa3619b path='~/src/quill-admin/Dockerfile' process=npm status=SUCCESS
2026-08-14T12:22:00Z user=nora.singh host=SQ-LT-03 event=PROCESS_START session=1a5fa3619b pid=51235 process=slack executable=/usr/bin/slack cwd='~/src/platform-tools' status=SUCCESS
2026-08-14T12:23:35Z user=nora.singh host=SQ-LT-03 event=PROCESS_START session=1a5fa3619b pid=44264 process=npm executable=/usr/bin/npm cwd='~/src/quill-admin' command='npm run lint' status=SUCCESS
2026-08-14T12:26:04Z user=nora.singh host=SQ-LT-03 event=FILE_OPEN session=1a5fa3619b path='~/src/quill-admin/README.md' process=node status=SUCCESS
2026-08-14T12:30:28Z user=nora.singh host=SQ-LT-03 event=TIME_SYNC session=1a5fa3619b source=ntp.silverquill.internal status=SUCCESS
2026-08-14T12:34:31Z user=nora.singh host=SQ-LT-03 event=FILE_SYNC session=1a5fa3619b target=settings-roam status=SUCCESS
2026-08-14T12:34:45Z user=nora.singh host=SQ-LT-03 event=TIME_SYNC session=1a5fa3619b source=ntp.silverquill.internal status=SUCCESS
2026-08-14T12:36:30Z user=nora.singh host=SQ-LT-03 event=FILE_WRITE session=1a5fa3619b path='~/src/deploy-scripts/src/routes/status.ts' process=npm status=SUCCESS
2026-08-14T12:44:06Z user=nora.singh host=SQ-LT-03 event=EDR_HEALTH session=1a5fa3619b sensor=healthy status=SUCCESS
2026-08-14T12:48:10Z user=nora.singh host=SQ-LT-03 event=PROCESS_START session=1a5fa3619b pid=52474 process=code executable=/usr/share/code/code cwd='~/src/platform-tools' status=SUCCESS
2026-08-14T12:51:01Z user=nora.singh host=SQ-LT-03 event=FILE_SYNC session=1a5fa3619b target=corp-drive status=SUCCESS
2026-08-14T12:53:47Z user=nora.singh host=SQ-LT-03 event=TIME_SYNC session=1a5fa3619b source=ntp.silverquill.internal status=SUCCESS
2026-08-14T12:57:26Z user=nora.singh host=SQ-LT-03 event=PACKAGE_UPDATE session=1a5fa3619b package=code status=SUCCESS
2026-08-14T13:01:01Z user=nora.singh host=SQ-LT-03 event=FILE_WRITE session=1a5fa3619b path='~/src/observability/src/services/deploy.ts' process=code status=SUCCESS
2026-08-14T13:08:17Z user=nora.singh host=SQ-LT-03 event=NETWORK_CONNECT session=1a5fa3619b process=chrome destination=sso.silverquill.internal dest_ip=10.18.7.11 dest_port=443 protocol=tcp status=SUCCESS
2026-08-14T13:08:27Z user=nora.singh host=SQ-LT-03 event=PROCESS_START session=1a5fa3619b pid=40776 process=node executable=/usr/bin/node cwd='~/src/observability' command='node ./scripts/validate-schema.js' status=SUCCESS
2026-08-14T13:12:00Z user=nora.singh host=SQ-LT-03 event=PROCESS_START session=1a5fa3619b pid=21283 process=node executable=/usr/bin/node cwd='~/src/quill-api' command='node ./scripts/check-config.js' status=SUCCESS
2026-08-14T13:12:01Z user=nora.singh host=SQ-LT-03 event=FILE_WRITE session=1a5fa3619b path='~/src/platform-tools/src/services/deploy.ts' process=node status=SUCCESS
2026-08-14T13:12:16Z user=nora.singh host=SQ-LT-03 event=PROCESS_START session=1a5fa3619b pid=13082 process=slack executable=/usr/bin/slack cwd='~' status=SUCCESS
2026-08-14T13:14:04Z user=nora.singh host=SQ-LT-03 event=IDLE_CHECK session=1a5fa3619b status=SUCCESS
2026-08-14T13:16:50Z user=nora.singh host=SQ-LT-03 event=PROCESS_START session=1a5fa3619b pid=3963 process=bash executable=/usr/bin/bash cwd='~/src/deploy-scripts' command='bash scripts/test-health.sh' status=SUCCESS
2026-08-14T13:20:01Z user=nora.singh host=SQ-LT-03 event=PRINT_JOB session=1a5fa3619b printer=sq-floor3-mfp pages=8 status=SUCCESS
2026-08-14T13:27:02Z user=nora.singh host=SQ-LT-03 event=FILE_WRITE session=1a5fa3619b path='~/src/quill-admin/src/config.ts' process=node status=SUCCESS
2026-08-14T13:31:15Z user=nora.singh host=SQ-LT-03 event=FILE_SYNC session=1a5fa3619b target=settings-roam status=SUCCESS
2026-08-14T13:32:16Z user=nora.singh host=SQ-LT-03 event=PRINT_JOB session=1a5fa3619b printer=sq-floor3-mfp pages=9 status=SUCCESS
2026-08-14T13:38:50Z user=nora.singh host=SQ-LT-03 event=FILE_SYNC session=1a5fa3619b target=settings-roam status=SUCCESS
2026-08-14T13:39:12Z user=nora.singh host=SQ-LT-03 event=HEARTBEAT session=1a5fa3619b agent=edr-7.4.2 status=SUCCESS
2026-08-14T13:42:03Z user=nora.singh host=SQ-LT-03 event=NETWORK_CONNECT session=1a5fa3619b process=npm destination=grafana.silverquill.internal dest_ip=10.18.4.18 dest_port=443 protocol=tcp status=SUCCESS
2026-08-14T13:43:34Z user=nora.singh host=SQ-LT-03 event=SCREEN_LOCK session=1a5fa3619b status=SUCCESS
2026-08-14T13:54:19Z user=nora.singh host=SQ-LT-03 event=PROCESS_START session=1a5fa3619b pid=48742 process=bash executable=/usr/bin/bash cwd='~' command='bash scripts/check-env.sh' status=SUCCESS
2026-08-14T13:55:54Z user=nora.singh host=SQ-LT-03 event=FILE_SYNC session=1a5fa3619b target=corp-drive status=SUCCESS
2026-08-14T13:56:10Z user=nora.singh host=SQ-LT-03 event=NETWORK_CONNECT session=1a5fa3619b process=node destination=ci.silverquill.internal dest_ip=10.18.5.9 dest_port=443 protocol=tcp status=SUCCESS
2026-08-14T13:58:07Z user=nora.singh host=SQ-LT-03 event=PROCESS_START session=1a5fa3619b pid=62464 process=python3 executable=/usr/bin/python3 cwd='~/Downloads' command='python3 scripts/audit_config.py' status=SUCCESS
2026-08-14T14:02:04Z user=nora.singh host=SQ-LT-03 event=PROCESS_START session=1a5fa3619b pid=37034 process=slack executable=/usr/bin/slack cwd='~/src/observability' status=SUCCESS
2026-08-14T14:07:20Z user=nora.singh host=SQ-LT-03 event=TIME_SYNC session=1a5fa3619b source=ntp.silverquill.internal status=SUCCESS
2026-08-14T14:10:13Z user=nora.singh host=SQ-LT-03 event=POLICY_REFRESH session=1a5fa3619b policy=endpoint-standard-v6 status=SUCCESS
2026-08-14T14:13:52Z user=nora.singh host=SQ-LT-03 event=SCREEN_UNLOCK session=1a5fa3619b method=fido2 status=SUCCESS
2026-08-14T14:13:54Z user=nora.singh host=SQ-LT-03 event=PROCESS_START session=1a5fa3619b pid=17185 process=node executable=/usr/bin/node cwd='~/src/observability' command='node ./dist/server.js' status=SUCCESS
2026-08-14T14:14:57Z user=nora.singh host=SQ-LT-03 event=EDR_HEALTH session=1a5fa3619b sensor=healthy status=SUCCESS
2026-08-14T14:18:45Z user=nora.singh host=SQ-LT-03 event=SCREEN_LOCK session=1a5fa3619b status=SUCCESS
2026-08-14T14:23:06Z user=nora.singh host=SQ-LT-03 event=ANTIVIRUS_SCAN session=1a5fa3619b engine=defender mode=quick status=SUCCESS
2026-08-14T14:35:25Z user=nora.singh host=SQ-LT-03 event=ANTIVIRUS_SCAN session=1a5fa3619b engine=defender mode=quick status=SUCCESS
2026-08-14T14:36:24Z user=nora.singh host=SQ-LT-03 event=SCREEN_UNLOCK session=1a5fa3619b method=fido2 status=SUCCESS
2026-08-14T14:41:02Z user=nora.singh host=SQ-LT-03 event=HEARTBEAT session=1a5fa3619b agent=edr-7.4.2 status=SUCCESS
2026-08-14T14:42:43Z user=nora.singh host=SQ-LT-03 event=FILE_SYNC session=1a5fa3619b target=settings-roam status=SUCCESS
2026-08-14T14:44:39Z user=nora.singh host=SQ-LT-03 event=PROCESS_START session=1a5fa3619b pid=23002 process=bash executable=/usr/bin/bash cwd='~/src/observability' command='bash scripts/run-local.sh' status=SUCCESS
2026-08-14T14:50:44Z user=nora.singh host=SQ-LT-03 event=EDR_HEALTH session=1a5fa3619b sensor=healthy status=SUCCESS
2026-08-14T14:51:24Z user=nora.singh host=SQ-LT-03 event=PROCESS_START session=1a5fa3619b pid=23306 process=slack executable=/usr/bin/slack cwd='~/Downloads' status=SUCCESS
2026-08-14T14:56:14Z user=nora.singh host=SQ-LT-03 event=HEARTBEAT session=1a5fa3619b agent=edr-7.4.2 status=SUCCESS
2026-08-14T15:00:08Z user=nora.singh host=SQ-LT-03 event=NETWORK_CONNECT session=1a5fa3619b process=node destination=jira.silverquill.internal dest_ip=10.18.1.21 dest_port=443 protocol=tcp status=SUCCESS
2026-08-14T15:01:00Z user=nora.singh host=SQ-LT-03 event=PRINT_JOB session=1a5fa3619b printer=sq-floor3-mfp pages=3 status=SUCCESS
2026-08-14T15:01:54Z user=nora.singh host=SQ-LT-03 event=PROCESS_START session=1a5fa3619b pid=20372 process=chrome executable=/opt/google/chrome/chrome cwd='~/src/observability' status=SUCCESS
2026-08-14T15:02:23Z user=nora.singh host=SQ-LT-03 event=PRINT_JOB session=1a5fa3619b printer=sq-floor3-mfp pages=9 status=SUCCESS
2026-08-14T15:06:11Z user=nora.singh host=SQ-LT-03 event=TIME_SYNC session=1a5fa3619b source=ntp.silverquill.internal status=SUCCESS
2026-08-14T15:06:29Z user=nora.singh host=SQ-LT-03 event=ANTIVIRUS_SCAN session=1a5fa3619b engine=defender mode=realtime status=SUCCESS
2026-08-14T15:07:25Z user=nora.singh host=SQ-LT-03 event=FILE_WRITE session=1a5fa3619b path='~/src/deploy-scripts/.github/workflows/ci.yml' process=npm status=SUCCESS
2026-08-14T15:11:03Z user=nora.singh host=SQ-LT-03 session=1a5fa3619b event=PROCESS_START pid=17704 process=code executable=/usr/share/code/code cwd='~/src/quill-api' status=SUCCESS
2026-08-14T15:13:55Z user=nora.singh host=SQ-LT-03 event=IDLE_CHECK session=1a5fa3619b status=SUCCESS
2026-08-14T15:15:12Z user=nora.singh host=SQ-LT-03 event=NETWORK_CONNECT session=1a5fa3619b process=python3 destination=docs.silverquill.internal dest_ip=10.18.6.14 dest_port=443 protocol=tcp status=SUCCESS
2026-08-14T15:16:03Z user=nora.singh host=SQ-LT-03 session=1a5fa3619b event=FILE_OPEN path='~/src/quill-api/package.json' process=code status=SUCCESS
2026-08-14T15:20:45Z user=nora.singh host=SQ-LT-03 event=EDR_HEALTH session=1a5fa3619b status=SUCCESS
2026-08-14T15:21:20Z user=nora.singh host=SQ-LT-03 event=NETWORK_CONNECT session=1a5fa3619b process=code destination=grafana.silverquill.internal dest_ip=10.18.4.18 dest_port=443 protocol=tcp status=SUCCESS
2026-08-14T15:23:03Z user=nora.singh host=SQ-LT-03 session=1a5fa3619b event=NETWORK_CONNECT process=chrome destination=jira.silverquill.internal dest_ip=10.18.1.21 dest_port=443 protocol=tcp status=SUCCESS
2026-08-14T15:23:31Z user=nora.singh host=SQ-LT-03 event=PACKAGE_UPDATE session=1a5fa3619b package=chrome status=SUCCESS
2026-08-14T15:27:03Z user=nora.singh host=SQ-LT-03 session=1a5fa3619b event=FILE_OPEN path='~/src/quill-api/package-lock.json' process=code status=SUCCESS
2026-08-14T15:33:03Z user=nora.singh host=SQ-LT-03 session=1a5fa3619b event=FILE_WRITE path='~/src/quill-api/package.json' process=code change=quill-logger@4.1.0->quill-logger@4.2.0 ticket=SQ-1836 status=SUCCESS
2026-08-14T15:34:40Z user=nora.singh host=SQ-LT-03 event=PROCESS_START session=1a5fa3619b pid=25647 process=python3 executable=/usr/bin/python3 cwd='~' command='python3 scripts/audit_config.py' status=SUCCESS
2026-08-14T15:35:03Z user=nora.singh host=SQ-LT-03 session=1a5fa3619b event=PROCESS_START pid=18432 process=npm executable=/usr/bin/npm cwd='~/src/quill-api' command='npm install --package-lock-only' status=SUCCESS
2026-08-14T15:35:11Z user=nora.singh host=SQ-LT-03 event=NETWORK_CONNECT session=1a5fa3619b process=python3 destination=jira.silverquill.internal dest_ip=10.18.1.21 dest_port=443 protocol=tcp status=SUCCESS
2026-08-14T15:40:03Z user=nora.singh host=SQ-LT-03 session=1a5fa3619b event=NETWORK_CONNECT process=npm destination=packages.silverquill.internal dest_ip=10.18.2.7 dest_port=443 protocol=tcp status=SUCCESS
2026-08-14T15:41:14Z user=nora.singh host=SQ-LT-03 event=HEARTBEAT session=1a5fa3619b agent=edr-7.4.2 status=SUCCESS
2026-08-14T15:41:33Z user=nora.singh host=SQ-LT-03 event=PROCESS_START session=1a5fa3619b pid=47434 process=python3 executable=/usr/bin/python3 cwd='~/src/deploy-scripts' command='python3 scripts/audit_config.py' status=SUCCESS
2026-08-14T15:43:03Z user=nora.singh host=SQ-LT-03 session=1a5fa3619b event=FILE_WRITE path='~/src/quill-api/package-lock.json' process=npm status=SUCCESS
2026-08-14T15:44:20Z user=nora.singh host=SQ-LT-03 event=PROCESS_START session=1a5fa3619b pid=37683 process=code executable=/usr/share/code/code cwd='~/src/deploy-scripts' status=SUCCESS
2026-08-14T15:50:03Z user=nora.singh host=SQ-LT-03 session=1a5fa3619b event=PROCESS_START pid=18871 process=npm executable=/usr/bin/npm cwd='~/src/quill-api' command='npm test -- --runInBand' status=SUCCESS
2026-08-14T15:50:26Z user=nora.singh host=SQ-LT-03 event=PROCESS_START session=1a5fa3619b pid=47372 process=python3 executable=/usr/bin/python3 cwd='~/src/deploy-scripts' command='python3 scripts/audit_config.py' status=SUCCESS
2026-08-14T15:53:51Z user=nora.singh host=SQ-LT-03 event=PROCESS_START session=1a5fa3619b pid=12350 process=code executable=/usr/share/code/code cwd='~/src/deploy-scripts' status=SUCCESS
2026-08-14T15:54:55Z user=nora.singh host=SQ-LT-03 event=ANTIVIRUS_SCAN session=1a5fa3619b engine=defender mode=realtime status=SUCCESS
2026-08-14T15:56:03Z user=nora.singh host=SQ-LT-03 session=1a5fa3619b event=PROCESS_START pid=18944 process=npm executable=/usr/bin/npm cwd='~/src/quill-api' command='npm run lint' status=SUCCESS
2026-08-14T15:59:51Z user=nora.singh host=SQ-LT-03 event=FILE_SYNC session=1a5fa3619b target=corp-drive status=SUCCESS
2026-08-14T16:00:04Z user=nora.singh host=SQ-LT-03 event=ANTIVIRUS_SCAN session=1a5fa3619b engine=defender mode=realtime status=SUCCESS
2026-08-14T16:01:03Z user=nora.singh host=SQ-LT-03 session=1a5fa3619b event=FILE_OPEN path='~/src/quill-api/package.json' process=code status=SUCCESS
2026-08-14T16:05:50Z user=nora.singh host=SQ-LT-03 event=EDR_HEALTH session=1a5fa3619b sensor=healthy status=SUCCESS
2026-08-14T16:06:48Z user=nora.singh host=SQ-LT-03 event=ANTIVIRUS_SCAN session=1a5fa3619b engine=defender mode=quick status=SUCCESS
2026-08-14T16:06:53Z user=nora.singh host=SQ-LT-03 event=PROCESS_START session=1a5fa3619b pid=12994 process=chrome executable=/opt/google/chrome/chrome cwd='~/Downloads' status=SUCCESS
2026-08-14T16:07:03Z user=nora.singh host=SQ-LT-03 session=1a5fa3619b event=FILE_OPEN path='~/src/quill-api/package-lock.json' process=code status=SUCCESS
2026-08-14T16:07:09Z user=nora.singh host=SQ-LT-03 event=PROCESS_START session=1a5fa3619b pid=15673 process=bash executable=/usr/bin/bash cwd='~/src/quill-admin' command='bash scripts/check-env.sh' status=SUCCESS
2026-08-14T16:12:17Z user=nora.singh host=SQ-LT-03 event=FILE_WRITE session=1a5fa3619b path='~/src/platform-tools/package-lock.json' process=npm status=SUCCESS
2026-08-14T16:14:01Z user=nora.singh host=SQ-LT-03 event=PROCESS_START session=1a5fa3619b pid=27637 process=npm executable=/usr/bin/npm cwd='~/src/quill-api' command='npm test' status=SUCCESS
2026-08-14T16:15:35Z user=nora.singh host=SQ-LT-03 event=FILE_WRITE session=1a5fa3619b path='~/src/quill-api/src/routes/health.ts' process=node status=SUCCESS
2026-08-14T16:16:03Z user=nora.singh host=SQ-LT-03 session=1a5fa3619b event=NETWORK_CONNECT process=chrome destination=ci.silverquill.internal dest_ip=10.18.5.9 dest_port=443 protocol=tcp status=SUCCESS
2026-08-14T16:17:55Z user=nora.singh host=SQ-LT-03 event=NETWORK_CONNECT session=1a5fa3619b process=python3 destination=grafana.silverquill.internal dest_ip=10.18.4.18 dest_port=443 protocol=tcp status=SUCCESS
2026-08-14T16:21:03Z user=nora.singh host=SQ-LT-03 session=1a5fa3619b event=FILE_SYNC target=corp-drive status=SUCCESS
2026-08-14T16:27:03Z user=nora.singh host=SQ-LT-03 event=FILE_SYNC session=1a5fa3619b target=settings-roam status=SUCCESS
2026-08-14T16:35:44Z user=nora.singh host=SQ-LT-03 event=PACKAGE_UPDATE session=1a5fa3619b package=python3 status=SUCCESS
2026-08-14T16:38:30Z user=nora.singh host=SQ-LT-03 event=NETWORK_CONNECT session=1a5fa3619b process=python3 destination=jira.silverquill.internal dest_ip=10.18.1.21 dest_port=443 protocol=tcp status=SUCCESS
2026-08-14T16:40:53Z user=nora.singh host=SQ-LT-03 event=NETWORK_CONNECT session=1a5fa3619b process=code destination=sso.silverquill.internal dest_ip=10.18.7.11 dest_port=443 protocol=tcp status=SUCCESS
2026-08-14T16:41:33Z user=nora.singh host=SQ-LT-03 event=POLICY_REFRESH session=1a5fa3619b policy=endpoint-standard-v6 status=SUCCESS
2026-08-14T16:44:15Z user=nora.singh host=SQ-LT-03 event=PROCESS_START session=1a5fa3619b pid=63827 process=chrome executable=/opt/google/chrome/chrome cwd='~/src/observability' status=SUCCESS
2026-08-14T16:45:19Z user=nora.singh host=SQ-LT-03 event=FILE_OPEN session=1a5fa3619b path='~/src/quill-admin/src/routes/status.ts' process=node status=SUCCESS
2026-08-14T16:50:03Z user=nora.singh host=SQ-LT-03 event=TIME_SYNC session=1a5fa3619b source=ntp.silverquill.internal status=SUCCESS
2026-08-14T16:52:40Z user=nora.singh host=SQ-LT-03 event=TIME_SYNC session=1a5fa3619b source=ntp.silverquill.internal status=SUCCESS
2026-08-14T16:54:17Z user=nora.singh host=SQ-LT-03 event=IDLE_CHECK session=1a5fa3619b status=SUCCESS
2026-08-14T16:54:47Z user=nora.singh host=SQ-LT-03 event=PROCESS_START session=1a5fa3619b pid=4184 process=code executable=/usr/share/code/code cwd='~/src/observability' status=SUCCESS
2026-08-14T17:00:40Z user=nora.singh host=SQ-LT-03 event=PACKAGE_UPDATE session=1a5fa3619b package=nodejs status=SUCCESS
2026-08-14T17:08:25Z user=nora.singh host=SQ-LT-03 event=IDLE_CHECK session=1a5fa3619b status=SUCCESS
2026-08-14T17:14:48Z user=nora.singh host=SQ-LT-03 event=PROCESS_START session=1a5fa3619b pid=44518 process=slack executable=/usr/bin/slack cwd='~/src/observability' status=SUCCESS
2026-08-14T17:14:59Z user=nora.singh host=SQ-LT-03 event=FILE_WRITE session=1a5fa3619b path='~/src/deploy-scripts/.github/workflows/ci.yml' process=python3 status=SUCCESS
2026-08-14T17:15:15Z user=nora.singh host=SQ-LT-03 event=NETWORK_CONNECT session=1a5fa3619b process=node destination=packages.silverquill.internal dest_ip=10.18.2.7 dest_port=443 protocol=tcp status=SUCCESS
2026-08-14T17:16:28Z user=nora.singh host=SQ-LT-03 event=EDR_HEALTH session=1a5fa3619b sensor=healthy status=SUCCESS
2026-08-14T17:16:41Z user=nora.singh host=SQ-LT-03 event=NETWORK_CONNECT session=1a5fa3619b process=chrome destination=jira.silverquill.internal dest_ip=10.18.1.21 dest_port=443 protocol=tcp status=SUCCESS
2026-08-14T17:16:45Z user=nora.singh host=SQ-LT-03 event=EDR_HEALTH session=1a5fa3619b sensor=healthy status=SUCCESS
2026-08-14T17:17:14Z user=nora.singh host=SQ-LT-03 event=HEARTBEAT session=1a5fa3619b agent=edr-7.4.2 status=SUCCESS
2026-08-14T17:21:52Z user=nora.singh host=SQ-LT-03 event=EDR_HEALTH session=1a5fa3619b sensor=healthy status=SUCCESS
2026-08-14T17:25:30Z user=nora.singh host=SQ-LT-03 event=IDLE_CHECK session=1a5fa3619b status=SUCCESS
2026-08-14T17:26:54Z user=nora.singh host=SQ-LT-03 event=FILE_SYNC session=1a5fa3619b target=corp-drive status=SUCCESS
2026-08-14T17:27:50Z user=nora.singh host=SQ-LT-03 event=POLICY_REFRESH session=1a5fa3619b policy=endpoint-standard-v6 status=SUCCESS
2026-08-14T17:30:09Z user=nora.singh host=SQ-LT-03 event=FILE_WRITE session=1a5fa3619b path='~/src/observability/src/config.ts' process=code status=SUCCESS
2026-08-14T17:32:20Z user=nora.singh host=SQ-LT-03 event=FILE_SYNC session=1a5fa3619b target=settings-roam status=SUCCESS
2026-08-14T17:40:36Z user=nora.singh host=SQ-LT-03 event=HEARTBEAT session=1a5fa3619b agent=edr-7.4.2 status=SUCCESS
2026-08-14T17:40:47Z user=nora.singh host=SQ-LT-03 event=NETWORK_CONNECT session=1a5fa3619b process=npm destination=packages.silverquill.internal dest_ip=10.18.2.7 dest_port=443 protocol=tcp status=SUCCESS
2026-08-14T17:41:52Z user=nora.singh host=SQ-LT-03 event=PROCESS_START session=1a5fa3619b pid=27681 process=chrome executable=/opt/google/chrome/chrome cwd='~/Downloads' status=SUCCESS
2026-08-14T17:45:44Z user=nora.singh host=SQ-LT-03 event=ANTIVIRUS_SCAN session=1a5fa3619b engine=defender mode=quick status=SUCCESS
2026-08-14T17:46:35Z user=nora.singh host=SQ-LT-03 event=PROCESS_START session=1a5fa3619b pid=38379 process=slack executable=/usr/bin/slack cwd='~' status=SUCCESS
2026-08-14T17:49:29Z user=nora.singh host=SQ-LT-03 event=FILE_WRITE session=1a5fa3619b path='~/src/deploy-scripts/src/services/deploy.ts' process=node status=SUCCESS
2026-08-14T17:50:03Z user=nora.singh host=SQ-LT-03 event=USB_UNMOUNT session=1a5fa3619b device=Logitech-Receiver status=SUCCESS
2026-08-14T17:52:59Z user=nora.singh host=SQ-LT-03 event=FILE_WRITE session=1a5fa3619b path='~/src/platform-tools/scripts/release.sh' process=code status=SUCCESS
2026-08-14T17:55:12Z user=nora.singh host=SQ-LT-03 event=IDLE_CHECK session=1a5fa3619b status=SUCCESS
2026-08-14T17:56:18Z user=nora.singh host=SQ-LT-03 event=POLICY_REFRESH session=1a5fa3619b policy=endpoint-standard-v6 status=SUCCESS
2026-08-14T17:58:07Z user=nora.singh host=SQ-LT-03 event=IDLE_CHECK session=1a5fa3619b status=SUCCESS
2026-08-14T18:07:02Z user=nora.singh host=SQ-LT-03 event=TIME_SYNC session=1a5fa3619b source=ntp.silverquill.internal status=SUCCESS
2026-08-14T18:07:21Z user=nora.singh host=SQ-LT-03 event=IDLE_CHECK session=1a5fa3619b status=SUCCESS
2026-08-14T18:12:39Z user=nora.singh host=SQ-LT-03 event=FILE_WRITE session=1a5fa3619b path='~/src/deploy-scripts/.github/workflows/ci.yml' process=npm status=SUCCESS
2026-08-14T18:15:09Z user=nora.singh host=SQ-LT-03 event=PROCESS_START session=1a5fa3619b pid=33520 process=bash executable=/usr/bin/bash cwd='~/src/quill-admin' command='bash scripts/run-local.sh' status=SUCCESS
2026-08-14T18:16:13Z user=nora.singh host=SQ-LT-03 event=FILE_OPEN session=1a5fa3619b path='~/src/quill-admin/src/routes/health.ts' process=python3 status=SUCCESS
2026-08-14T18:17:13Z user=nora.singh host=SQ-LT-03 event=PROCESS_START session=1a5fa3619b pid=6158 process=bash executable=/usr/bin/bash cwd='~/src/quill-admin' command='bash scripts/test-health.sh' status=SUCCESS
2026-08-14T18:20:26Z user=nora.singh host=SQ-LT-03 event=NETWORK_CONNECT session=1a5fa3619b process=python3 destination=jira.silverquill.internal dest_ip=10.18.1.21 dest_port=443 protocol=tcp status=SUCCESS
2026-08-14T18:23:49Z user=nora.singh host=SQ-LT-03 event=FILE_SYNC session=1a5fa3619b target=corp-drive status=SUCCESS
2026-08-14T18:23:58Z user=nora.singh host=SQ-LT-03 event=FILE_WRITE session=1a5fa3619b path='~/src/quill-admin/src/config.ts' process=npm status=SUCCESS
2026-08-14T18:25:29Z user=nora.singh host=SQ-LT-03 event=NETWORK_CONNECT session=1a5fa3619b process=node destination=grafana.silverquill.internal dest_ip=10.18.4.18 dest_port=443 protocol=tcp status=SUCCESS
2026-08-14T18:29:53Z user=nora.singh host=SQ-LT-03 event=NETWORK_CONNECT session=1a5fa3619b process=npm destination=sso.silverquill.internal dest_ip=10.18.7.11 dest_port=443 protocol=tcp status=SUCCESS
2026-08-14T18:32:49Z user=nora.singh host=SQ-LT-03 event=PROCESS_START session=1a5fa3619b pid=55105 process=node executable=/usr/bin/node cwd='~/src/observability' command='node ./scripts/validate-schema.js' status=SUCCESS
2026-08-14T18:40:23Z user=nora.singh host=SQ-LT-03 event=PROCESS_START session=1a5fa3619b pid=19604 process=slack executable=/usr/bin/slack cwd='~' status=SUCCESS
2026-08-14T18:42:46Z user=nora.singh host=SQ-LT-03 event=PROCESS_START session=1a5fa3619b pid=14647 process=python3 executable=/usr/bin/python3 cwd='~/src/quill-api' command='python3 scripts/audit_config.py' status=SUCCESS
2026-08-14T18:44:03Z user=nora.singh host=SQ-LT-03 event=HEARTBEAT session=1a5fa3619b agent=edr-7.4.2 status=SUCCESS
2026-08-14T18:51:59Z user=nora.singh host=SQ-LT-03 event=PROCESS_START session=1a5fa3619b pid=41730 process=chrome executable=/opt/google/chrome/chrome cwd='~/Downloads' status=SUCCESS
2026-08-14T18:53:28Z user=nora.singh host=SQ-LT-03 event=PROCESS_START session=1a5fa3619b pid=56811 process=slack executable=/usr/bin/slack cwd='~/src/deploy-scripts' status=SUCCESS
2026-08-14T18:59:16Z user=nora.singh host=SQ-LT-03 event=EDR_HEALTH session=1a5fa3619b sensor=healthy status=SUCCESS
2026-08-14T19:01:51Z user=nora.singh host=SQ-LT-03 event=PACKAGE_UPDATE session=1a5fa3619b package=python3 status=SUCCESS
2026-08-14T19:02:59Z user=nora.singh host=SQ-LT-03 event=PROCESS_START session=1a5fa3619b pid=10329 process=bash executable=/usr/bin/bash cwd='~' command='bash scripts/check-env.sh' status=SUCCESS
2026-08-14T19:03:48Z user=nora.singh host=SQ-LT-03 event=PROCESS_START session=1a5fa3619b pid=43659 process=bash executable=/usr/bin/bash cwd='~/src/quill-api' command='bash scripts/check-env.sh' status=SUCCESS
2026-08-14T19:05:40Z user=nora.singh host=SQ-LT-03 event=NETWORK_CONNECT session=1a5fa3619b process=code destination=packages.silverquill.internal dest_ip=10.18.2.7 dest_port=443 protocol=tcp status=SUCCESS
2026-08-14T19:10:10Z user=nora.singh host=SQ-LT-03 event=PROCESS_START session=1a5fa3619b pid=41905 process=chrome executable=/opt/google/chrome/chrome cwd='~/src/quill-api' status=SUCCESS
2026-08-14T19:12:45Z user=nora.singh host=SQ-LT-03 event=VPN_DISCONNECT session=1a5fa3619b profile=corp-vpn status=SUCCESS
2026-08-14T19:13:02Z user=nora.singh host=SQ-LT-03 event=PROCESS_START session=1a5fa3619b pid=63071 process=node executable=/usr/bin/node cwd='~/src/deploy-scripts' command='node ./scripts/validate-schema.js' status=SUCCESS
2026-08-14T19:13:17Z user=nora.singh host=SQ-LT-03 event=NETWORK_CONNECT session=1a5fa3619b process=node destination=docs.silverquill.internal dest_ip=10.18.6.14 dest_port=443 protocol=tcp status=SUCCESS
2026-08-14T19:15:31Z user=nora.singh host=SQ-LT-03 event=LOGOUT session=1a5fa3619b status=SUCCESS
2026-08-14T19:18:42Z host=SQ-LT-03 event=POWER_OFF login=none status=SUCCESS
2026-08-15T08:07:16Z host=SQ-LT-03 event=SYSTEM_BOOT boot_id=842d4c243c status=SUCCESS
2026-08-15T08:09:24Z user=nora.singh host=SQ-LT-03 event=LOGIN session=37684df570 method=password+fido2 status=SUCCESS
2026-08-15T08:13:58Z user=nora.singh host=SQ-LT-03 event=HEARTBEAT session=37684df570 agent=edr-7.4.2 status=SUCCESS
2026-08-15T08:14:38Z user=nora.singh host=SQ-LT-03 event=VPN_CONNECT session=37684df570 profile=corp-vpn gateway=vpn-blr-02 status=SUCCESS
2026-08-15T08:15:21Z user=nora.singh host=SQ-LT-03 event=PROCESS_START session=37684df570 pid=33514 process=code executable=/usr/share/code/code cwd='~' status=SUCCESS
2026-08-15T08:21:26Z user=nora.singh host=SQ-LT-03 event=PROCESS_START session=37684df570 pid=11427 process=python3 executable=/usr/bin/python3 cwd='~/Downloads' command='python3 scripts/audit_config.py' status=SUCCESS
2026-08-15T08:22:11Z user=nora.singh host=SQ-LT-03 event=NETWORK_CONNECT session=37684df570 process=chrome destination=sso.silverquill.internal dest_ip=10.18.7.11 dest_port=443 protocol=tcp status=SUCCESS
2026-08-15T08:22:46Z user=nora.singh host=SQ-LT-03 event=EDR_HEALTH session=37684df570 sensor=healthy status=SUCCESS
2026-08-15T08:23:52Z user=nora.singh host=SQ-LT-03 event=PROCESS_START session=37684df570 pid=36252 process=chrome executable=/opt/google/chrome/chrome cwd='~/Downloads' status=SUCCESS
2026-08-15T08:25:36Z user=nora.singh host=SQ-LT-03 event=PROCESS_START session=37684df570 pid=25385 process=bash executable=/usr/bin/bash cwd='~/src/quill-api' command='bash scripts/test-health.sh' status=SUCCESS
2026-08-15T08:26:10Z user=nora.singh host=SQ-LT-03 event=IDLE_CHECK session=37684df570 status=SUCCESS
2026-08-15T08:26:14Z user=nora.singh host=SQ-LT-03 event=FILE_SYNC session=37684df570 target=settings-roam status=SUCCESS
2026-08-15T08:32:22Z user=nora.singh host=SQ-LT-03 event=PRINT_JOB session=37684df570 printer=sq-floor3-mfp pages=3 status=SUCCESS
2026-08-15T08:36:00Z user=nora.singh host=SQ-LT-03 event=FILE_OPEN session=37684df570 path='~/src/observability/scripts/check-config.js' process=python3 status=SUCCESS
2026-08-15T08:39:07Z user=nora.singh host=SQ-LT-03 event=PROCESS_START session=37684df570 pid=6252 process=code executable=/usr/share/code/code cwd='~/src/platform-tools' status=SUCCESS
2026-08-15T08:39:21Z user=nora.singh host=SQ-LT-03 event=PROCESS_START session=37684df570 pid=52854 process=code executable=/usr/share/code/code cwd='~/src/observability' status=SUCCESS
2026-08-15T08:40:14Z user=nora.singh host=SQ-LT-03 event=PROCESS_START session=37684df570 pid=35924 process=slack executable=/usr/bin/slack cwd='~/src/observability' status=SUCCESS
2026-08-15T08:42:40Z user=nora.singh host=SQ-LT-03 event=FILE_WRITE session=37684df570 path='~/src/platform-tools/Dockerfile' process=code status=SUCCESS
2026-08-15T08:45:13Z user=nora.singh host=SQ-LT-03 event=FILE_WRITE session=37684df570 path='~/src/observability/package-lock.json' process=code status=SUCCESS
2026-08-15T08:46:54Z user=nora.singh host=SQ-LT-03 event=ANTIVIRUS_SCAN session=37684df570 engine=defender mode=quick status=SUCCESS
2026-08-15T08:47:02Z user=nora.singh host=SQ-LT-03 event=ANTIVIRUS_SCAN session=37684df570 engine=defender mode=quick status=SUCCESS
2026-08-15T08:47:55Z user=nora.singh host=SQ-LT-03 event=NETWORK_CONNECT session=37684df570 process=node destination=grafana.silverquill.internal dest_ip=10.18.4.18 dest_port=443 protocol=tcp status=SUCCESS
2026-08-15T08:48:23Z user=nora.singh host=SQ-LT-03 event=NETWORK_CONNECT session=37684df570 process=python3 destination=jira.silverquill.internal dest_ip=10.18.1.21 dest_port=443 protocol=tcp status=SUCCESS
2026-08-15T08:51:17Z user=nora.singh host=SQ-LT-03 event=PACKAGE_UPDATE session=37684df570 package=chrome status=SUCCESS
2026-08-15T08:52:45Z user=nora.singh host=SQ-LT-03 event=NETWORK_CONNECT session=37684df570 process=code destination=grafana.silverquill.internal dest_ip=10.18.4.18 dest_port=443 protocol=tcp status=SUCCESS
2026-08-15T08:59:27Z user=nora.singh host=SQ-LT-03 event=EDR_HEALTH session=37684df570 sensor=healthy status=SUCCESS
2026-08-15T09:01:59Z user=nora.singh host=SQ-LT-03 event=FILE_SYNC session=37684df570 target=corp-drive status=SUCCESS
2026-08-15T09:03:33Z user=nora.singh host=SQ-LT-03 event=FILE_OPEN session=37684df570 path='~/src/quill-api/src/routes/health.ts' process=node status=SUCCESS
2026-08-15T09:04:31Z user=nora.singh host=SQ-LT-03 event=NETWORK_CONNECT session=37684df570 process=code destination=jira.silverquill.internal dest_ip=10.18.1.21 dest_port=443 protocol=tcp status=SUCCESS
2026-08-15T09:05:18Z user=nora.singh host=SQ-LT-03 event=USB_MOUNT session=37684df570 device=Logitech-Receiver status=SUCCESS
2026-08-15T09:08:11Z user=nora.singh host=SQ-LT-03 event=PRINT_JOB session=37684df570 printer=sq-floor3-mfp pages=8 status=SUCCESS
2026-08-15T09:10:14Z user=nora.singh host=SQ-LT-03 event=NETWORK_CONNECT session=37684df570 process=python3 destination=packages.silverquill.internal dest_ip=10.18.2.7 dest_port=443 protocol=tcp status=SUCCESS
2026-08-15T09:20:43Z user=nora.singh host=SQ-LT-03 event=FILE_OPEN session=37684df570 path='~/src/quill-admin/.github/workflows/ci.yml' process=node status=SUCCESS
2026-08-15T09:24:01Z user=nora.singh host=SQ-LT-03 event=PACKAGE_UPDATE session=37684df570 package=python3 status=SUCCESS
2026-08-15T09:24:42Z user=nora.singh host=SQ-LT-03 event=FILE_WRITE session=37684df570 path='~/src/quill-api/scripts/release.sh' process=code status=SUCCESS
2026-08-15T09:28:15Z user=nora.singh host=SQ-LT-03 event=NETWORK_CONNECT session=37684df570 process=python3 destination=registry.silverquill.internal dest_ip=10.18.3.12 dest_port=443 protocol=tcp status=SUCCESS
2026-08-15T09:30:32Z user=nora.singh host=SQ-LT-03 event=IDLE_CHECK session=37684df570 status=SUCCESS
2026-08-15T09:31:01Z user=nora.singh host=SQ-LT-03 event=TIME_SYNC session=37684df570 source=ntp.silverquill.internal status=SUCCESS
2026-08-15T09:31:26Z user=nora.singh host=SQ-LT-03 event=NETWORK_CONNECT session=37684df570 process=code destination=docs.silverquill.internal dest_ip=10.18.6.14 dest_port=443 protocol=tcp status=SUCCESS
2026-08-15T09:31:40Z user=nora.singh host=SQ-LT-03 event=NETWORK_CONNECT session=37684df570 process=code destination=jira.silverquill.internal dest_ip=10.18.1.21 dest_port=443 protocol=tcp status=SUCCESS
2026-08-15T09:40:33Z user=nora.singh host=SQ-LT-03 event=POLICY_REFRESH session=37684df570 policy=endpoint-standard-v6 status=SUCCESS
2026-08-15T09:43:26Z user=nora.singh host=SQ-LT-03 event=ANTIVIRUS_SCAN session=37684df570 engine=defender mode=realtime status=SUCCESS
2026-08-15T09:45:37Z user=nora.singh host=SQ-LT-03 event=FILE_SYNC session=37684df570 target=settings-roam status=SUCCESS
2026-08-15T09:49:11Z user=nora.singh host=SQ-LT-03 event=TIME_SYNC session=37684df570 source=ntp.silverquill.internal status=SUCCESS
2026-08-15T09:51:06Z user=nora.singh host=SQ-LT-03 event=FILE_WRITE session=37684df570 path='~/src/quill-api/scripts/release.sh' process=npm status=SUCCESS
2026-08-15T09:52:06Z user=nora.singh host=SQ-LT-03 event=FILE_WRITE session=37684df570 path='~/src/quill-api/src/services/metrics.ts' process=code status=SUCCESS
2026-08-15T09:54:52Z user=nora.singh host=SQ-LT-03 event=NETWORK_CONNECT session=37684df570 process=node destination=packages.silverquill.internal dest_ip=10.18.2.7 dest_port=443 protocol=tcp status=SUCCESS
2026-08-15T09:59:50Z user=nora.singh host=SQ-LT-03 event=POLICY_REFRESH session=37684df570 policy=endpoint-standard-v6 status=SUCCESS
2026-08-15T10:07:17Z user=nora.singh host=SQ-LT-03 event=HEARTBEAT session=37684df570 agent=edr-7.4.2 status=SUCCESS
2026-08-15T10:10:10Z user=nora.singh host=SQ-LT-03 event=EDR_HEALTH session=37684df570 sensor=healthy status=SUCCESS
2026-08-15T10:10:14Z user=nora.singh host=SQ-LT-03 event=POLICY_REFRESH session=37684df570 policy=endpoint-standard-v6 status=SUCCESS
2026-08-15T10:10:17Z user=nora.singh host=SQ-LT-03 event=FILE_SYNC session=37684df570 target=corp-drive status=SUCCESS
2026-08-15T10:12:51Z user=nora.singh host=SQ-LT-03 event=HEARTBEAT session=37684df570 agent=edr-7.4.2 status=SUCCESS
2026-08-15T10:12:53Z user=nora.singh host=SQ-LT-03 event=PROCESS_START session=37684df570 pid=53876 process=bash executable=/usr/bin/bash cwd='~/Downloads' command='bash scripts/run-local.sh' status=SUCCESS
2026-08-15T10:15:22Z user=nora.singh host=SQ-LT-03 event=NETWORK_CONNECT session=37684df570 process=node destination=grafana.silverquill.internal dest_ip=10.18.4.18 dest_port=443 protocol=tcp status=SUCCESS
2026-08-15T10:15:29Z user=nora.singh host=SQ-LT-03 event=ANTIVIRUS_SCAN session=37684df570 engine=defender mode=quick status=SUCCESS
2026-08-15T10:16:40Z user=nora.singh host=SQ-LT-03 event=FILE_WRITE session=37684df570 path='~/src/platform-tools/scripts/release.sh' process=code status=SUCCESS
2026-08-15T10:17:50Z user=nora.singh host=SQ-LT-03 event=FILE_SYNC session=37684df570 target=corp-drive status=SUCCESS
2026-08-15T10:22:42Z user=nora.singh host=SQ-LT-03 event=SCREEN_LOCK session=37684df570 status=SUCCESS
2026-08-15T10:23:33Z user=nora.singh host=SQ-LT-03 event=USB_UNMOUNT session=37684df570 device=Logitech-Receiver status=SUCCESS
2026-08-15T10:26:46Z user=nora.singh host=SQ-LT-03 event=NETWORK_CONNECT session=37684df570 process=node destination=ci.silverquill.internal dest_ip=10.18.5.9 dest_port=443 protocol=tcp status=SUCCESS
2026-08-15T10:29:11Z user=nora.singh host=SQ-LT-03 event=PRINT_JOB session=37684df570 printer=sq-floor3-mfp pages=1 status=SUCCESS
2026-08-15T10:31:49Z user=nora.singh host=SQ-LT-03 event=FILE_WRITE session=37684df570 path='~/src/quill-admin/scripts/check-config.js' process=code status=SUCCESS
2026-08-15T10:32:20Z user=nora.singh host=SQ-LT-03 event=ANTIVIRUS_SCAN session=37684df570 engine=defender mode=realtime status=SUCCESS
2026-08-15T10:32:29Z user=nora.singh host=SQ-LT-03 event=FILE_OPEN session=37684df570 path='~/src/quill-admin/src/routes/status.ts' process=node status=SUCCESS
2026-08-15T10:34:36Z user=nora.singh host=SQ-LT-03 event=IDLE_CHECK session=37684df570 status=SUCCESS
2026-08-15T10:40:38Z user=nora.singh host=SQ-LT-03 event=PROCESS_START session=37684df570 pid=15150 process=code executable=/usr/share/code/code cwd='~' status=SUCCESS
2026-08-15T10:48:42Z user=nora.singh host=SQ-LT-03 event=PROCESS_START session=37684df570 pid=56581 process=slack executable=/usr/bin/slack cwd='~/src/quill-api' status=SUCCESS
2026-08-15T10:52:02Z user=nora.singh host=SQ-LT-03 event=PRINT_JOB session=37684df570 printer=sq-floor3-mfp pages=5 status=SUCCESS
2026-08-15T10:55:05Z user=nora.singh host=SQ-LT-03 event=SCREEN_UNLOCK session=37684df570 method=fido2 status=SUCCESS
2026-08-15T10:56:01Z user=nora.singh host=SQ-LT-03 event=POLICY_REFRESH session=37684df570 policy=endpoint-standard-v6 status=SUCCESS
2026-08-15T10:56:48Z user=nora.singh host=SQ-LT-03 event=IDLE_CHECK session=37684df570 status=SUCCESS
2026-08-15T10:58:35Z user=nora.singh host=SQ-LT-03 event=HEARTBEAT session=37684df570 agent=edr-7.4.2 status=SUCCESS
2026-08-15T10:58:50Z user=nora.singh host=SQ-LT-03 event=PROCESS_START session=37684df570 pid=60477 process=slack executable=/usr/bin/slack cwd='~' status=SUCCESS
2026-08-15T11:00:10Z user=nora.singh host=SQ-LT-03 event=PROCESS_START session=37684df570 pid=41182 process=code executable=/usr/share/code/code cwd='~/Downloads' status=SUCCESS
2026-08-15T11:04:31Z user=nora.singh host=SQ-LT-03 event=PROCESS_START session=37684df570 pid=19489 process=code executable=/usr/share/code/code cwd='~/src/deploy-scripts' status=SUCCESS
2026-08-15T11:05:46Z user=nora.singh host=SQ-LT-03 event=NETWORK_CONNECT session=37684df570 process=python3 destination=jira.silverquill.internal dest_ip=10.18.1.21 dest_port=443 protocol=tcp status=SUCCESS
2026-08-15T11:07:07Z user=nora.singh host=SQ-LT-03 event=FILE_WRITE session=37684df570 path='~/src/platform-tools/package-lock.json' process=python3 status=SUCCESS
2026-08-15T11:11:44Z user=nora.singh host=SQ-LT-03 event=POLICY_REFRESH session=37684df570 policy=endpoint-standard-v6 status=SUCCESS
2026-08-15T11:19:41Z user=nora.singh host=SQ-LT-03 event=FILE_SYNC session=37684df570 target=corp-drive status=SUCCESS
2026-08-15T11:20:37Z user=nora.singh host=SQ-LT-03 event=FILE_SYNC session=37684df570 target=corp-drive status=SUCCESS
2026-08-15T11:24:40Z user=nora.singh host=SQ-LT-03 event=TIME_SYNC session=37684df570 source=ntp.silverquill.internal status=SUCCESS
2026-08-15T11:30:20Z user=nora.singh host=SQ-LT-03 event=ANTIVIRUS_SCAN session=37684df570 engine=defender mode=quick status=SUCCESS
2026-08-15T11:31:17Z user=nora.singh host=SQ-LT-03 event=TIME_SYNC session=37684df570 source=ntp.silverquill.internal status=SUCCESS
2026-08-15T11:35:52Z user=nora.singh host=SQ-LT-03 event=USB_MOUNT session=37684df570 device=YubiKey-5C-NFC status=SUCCESS
2026-08-15T11:38:07Z user=nora.singh host=SQ-LT-03 event=FILE_SYNC session=37684df570 target=settings-roam status=SUCCESS
2026-08-15T11:39:24Z user=nora.singh host=SQ-LT-03 event=NETWORK_CONNECT session=37684df570 process=chrome destination=ci.silverquill.internal dest_ip=10.18.5.9 dest_port=443 protocol=tcp status=SUCCESS
2026-08-15T11:39:51Z user=nora.singh host=SQ-LT-03 event=POLICY_REFRESH session=37684df570 policy=endpoint-standard-v6 status=SUCCESS
2026-08-15T11:59:55Z user=nora.singh host=SQ-LT-03 event=PROCESS_START session=37684df570 pid=34743 process=python3 executable=/usr/bin/python3 cwd='~/src/observability' command='python3 scripts/audit_config.py' status=SUCCESS
2026-08-15T12:00:22Z user=nora.singh host=SQ-LT-03 event=PROCESS_START session=37684df570 pid=47492 process=npm executable=/usr/bin/npm cwd='~/Downloads' command='npm run lint' status=SUCCESS
2026-08-15T12:04:20Z user=nora.singh host=SQ-LT-03 event=FILE_OPEN session=37684df570 path='~/src/quill-admin/.github/workflows/ci.yml' process=code status=SUCCESS
2026-08-15T12:06:29Z user=nora.singh host=SQ-LT-03 event=NETWORK_CONNECT session=37684df570 process=python3 destination=jira.silverquill.internal dest_ip=10.18.1.21 dest_port=443 protocol=tcp status=SUCCESS
2026-08-15T12:10:27Z user=nora.singh host=SQ-LT-03 event=FILE_OPEN session=37684df570 path='~/src/observability/README.md' process=node status=SUCCESS
2026-08-15T12:10:46Z user=nora.singh host=SQ-LT-03 event=PROCESS_START session=37684df570 pid=46708 process=code executable=/usr/share/code/code cwd='~' status=SUCCESS
2026-08-15T12:12:58Z user=nora.singh host=SQ-LT-03 event=FILE_SYNC session=37684df570 target=settings-roam status=SUCCESS
2026-08-15T12:16:07Z user=nora.singh host=SQ-LT-03 event=PROCESS_START session=37684df570 pid=28848 process=node executable=/usr/bin/node cwd='~/src/platform-tools' command='node ./scripts/check-config.js' status=SUCCESS
2026-08-15T12:20:01Z user=nora.singh host=SQ-LT-03 event=FILE_WRITE session=37684df570 path='~/src/observability/README.md' process=node status=SUCCESS
2026-08-15T12:20:34Z user=nora.singh host=SQ-LT-03 event=POLICY_REFRESH session=37684df570 policy=endpoint-standard-v6 status=SUCCESS
2026-08-15T12:22:21Z user=nora.singh host=SQ-LT-03 event=POLICY_REFRESH session=37684df570 policy=endpoint-standard-v6 status=SUCCESS
2026-08-15T12:29:50Z user=nora.singh host=SQ-LT-03 event=TIME_SYNC session=37684df570 source=ntp.silverquill.internal status=SUCCESS
2026-08-15T12:32:07Z user=nora.singh host=SQ-LT-03 event=POLICY_REFRESH session=37684df570 policy=endpoint-standard-v6 status=SUCCESS
2026-08-15T12:33:34Z user=nora.singh host=SQ-LT-03 event=NETWORK_CONNECT session=37684df570 process=node destination=registry.silverquill.internal dest_ip=10.18.3.12 dest_port=443 protocol=tcp status=SUCCESS
2026-08-15T12:38:58Z user=nora.singh host=SQ-LT-03 event=PRINT_JOB session=37684df570 printer=sq-floor3-mfp pages=5 status=SUCCESS
2026-08-15T12:39:45Z user=nora.singh host=SQ-LT-03 event=FILE_WRITE session=37684df570 path='~/src/deploy-scripts/package-lock.json' process=python3 status=SUCCESS
2026-08-15T12:39:56Z user=nora.singh host=SQ-LT-03 event=PRINT_JOB session=37684df570 printer=sq-floor3-mfp pages=1 status=SUCCESS
2026-08-15T12:41:58Z user=nora.singh host=SQ-LT-03 event=PROCESS_START session=37684df570 pid=9698 process=chrome executable=/opt/google/chrome/chrome cwd='~' status=SUCCESS
2026-08-15T12:53:15Z user=nora.singh host=SQ-LT-03 event=NETWORK_CONNECT session=37684df570 process=python3 destination=jira.silverquill.internal dest_ip=10.18.1.21 dest_port=443 protocol=tcp status=SUCCESS
2026-08-15T12:54:19Z user=nora.singh host=SQ-LT-03 event=IDLE_CHECK session=37684df570 status=SUCCESS
2026-08-15T12:56:43Z user=nora.singh host=SQ-LT-03 event=TIME_SYNC session=37684df570 source=ntp.silverquill.internal status=SUCCESS
2026-08-15T13:00:20Z user=nora.singh host=SQ-LT-03 event=FILE_WRITE session=37684df570 path='~/src/platform-tools/scripts/check-config.js' process=npm status=SUCCESS
2026-08-15T13:02:25Z user=nora.singh host=SQ-LT-03 event=FILE_WRITE session=37684df570 path='~/src/quill-admin/src/services/metrics.ts' process=python3 status=SUCCESS
2026-08-15T13:03:39Z user=nora.singh host=SQ-LT-03 event=NETWORK_CONNECT session=37684df570 process=node destination=ci.silverquill.internal dest_ip=10.18.5.9 dest_port=443 protocol=tcp status=SUCCESS
2026-08-15T13:04:17Z user=nora.singh host=SQ-LT-03 event=FILE_OPEN session=37684df570 path='~/src/platform-tools/src/routes/status.ts' process=npm status=SUCCESS
2026-08-15T13:05:21Z user=nora.singh host=SQ-LT-03 event=PROCESS_START session=37684df570 pid=54590 process=npm executable=/usr/bin/npm cwd='~/src/deploy-scripts' command='npm run build' status=SUCCESS
2026-08-15T13:06:11Z user=nora.singh host=SQ-LT-03 event=NETWORK_CONNECT session=37684df570 process=chrome destination=sso.silverquill.internal dest_ip=10.18.7.11 dest_port=443 protocol=tcp status=SUCCESS
2026-08-15T13:13:51Z user=nora.singh host=SQ-LT-03 event=PROCESS_START session=37684df570 pid=54639 process=npm executable=/usr/bin/npm cwd='~/src/quill-admin' command='npm audit --omit=dev' status=SUCCESS
2026-08-15T13:14:42Z user=nora.singh host=SQ-LT-03 event=POLICY_REFRESH session=37684df570 policy=endpoint-standard-v6 status=SUCCESS
2026-08-15T13:15:43Z user=nora.singh host=SQ-LT-03 event=PACKAGE_UPDATE session=37684df570 package=chrome status=SUCCESS
2026-08-15T13:15:52Z user=nora.singh host=SQ-LT-03 event=ANTIVIRUS_SCAN session=37684df570 engine=defender mode=realtime status=SUCCESS
2026-08-15T13:16:49Z user=nora.singh host=SQ-LT-03 event=PROCESS_START session=37684df570 pid=35981 process=bash executable=/usr/bin/bash cwd='~/src/quill-admin' command='bash scripts/check-env.sh' status=SUCCESS
2026-08-15T13:23:22Z user=nora.singh host=SQ-LT-03 event=FILE_SYNC session=37684df570 target=settings-roam status=SUCCESS
2026-08-15T13:40:23Z user=nora.singh host=SQ-LT-03 event=FILE_OPEN session=37684df570 path='~/src/quill-api/src/config.ts' process=code status=SUCCESS
2026-08-15T13:40:45Z user=nora.singh host=SQ-LT-03 event=PROCESS_START session=37684df570 pid=19519 process=chrome executable=/opt/google/chrome/chrome cwd='~/src/deploy-scripts' status=SUCCESS
2026-08-15T13:43:04Z user=nora.singh host=SQ-LT-03 event=TIME_SYNC session=37684df570 source=ntp.silverquill.internal status=SUCCESS
2026-08-15T13:45:28Z user=nora.singh host=SQ-LT-03 event=PROCESS_START session=37684df570 pid=6731 process=code executable=/usr/share/code/code cwd='~/src/quill-admin' status=SUCCESS
2026-08-15T13:51:01Z user=nora.singh host=SQ-LT-03 event=PROCESS_START session=37684df570 pid=62057 process=slack executable=/usr/bin/slack cwd='~/src/platform-tools' status=SUCCESS
2026-08-15T13:52:33Z user=nora.singh host=SQ-LT-03 event=PROCESS_START session=37684df570 pid=59728 process=node executable=/usr/bin/node cwd='~/src/observability' command='node ./scripts/validate-schema.js' status=SUCCESS
2026-08-15T13:54:24Z user=nora.singh host=SQ-LT-03 event=PROCESS_START session=37684df570 pid=57368 process=bash executable=/usr/bin/bash cwd='~/src/quill-api' command='bash scripts/run-local.sh' status=SUCCESS
2026-08-15T13:56:40Z user=nora.singh host=SQ-LT-03 event=POLICY_REFRESH session=37684df570 policy=endpoint-standard-v6 status=SUCCESS
2026-08-15T13:58:02Z user=nora.singh host=SQ-LT-03 event=PROCESS_START session=37684df570 pid=6055 process=bash executable=/usr/bin/bash cwd='~/src/deploy-scripts' command='bash scripts/run-local.sh' status=SUCCESS
2026-08-15T14:03:25Z user=nora.singh host=SQ-LT-03 event=PRINT_JOB session=37684df570 printer=sq-floor3-mfp pages=6 status=SUCCESS
2026-08-15T14:04:01Z user=nora.singh host=SQ-LT-03 event=PROCESS_START session=37684df570 pid=3510 process=code executable=/usr/share/code/code cwd='~/src/platform-tools' status=SUCCESS
2026-08-15T14:07:03Z user=nora.singh host=SQ-LT-03 event=PRINT_JOB session=37684df570 printer=sq-floor3-mfp pages=4 status=SUCCESS
2026-08-15T14:09:38Z user=nora.singh host=SQ-LT-03 event=FILE_OPEN session=37684df570 path='~/src/deploy-scripts/scripts/check-config.js' process=code status=SUCCESS
2026-08-15T14:09:54Z user=nora.singh host=SQ-LT-03 event=FILE_OPEN session=37684df570 path='~/src/quill-admin/README.md' process=npm status=SUCCESS
2026-08-15T14:10:14Z user=nora.singh host=SQ-LT-03 event=TIME_SYNC session=37684df570 source=ntp.silverquill.internal status=SUCCESS
2026-08-15T14:12:12Z user=nora.singh host=SQ-LT-03 event=FILE_OPEN session=37684df570 path='~/src/deploy-scripts/src/services/deploy.ts' process=code status=SUCCESS
2026-08-15T14:12:34Z user=nora.singh host=SQ-LT-03 event=ANTIVIRUS_SCAN session=37684df570 engine=defender mode=quick status=SUCCESS
2026-08-15T14:14:30Z user=nora.singh host=SQ-LT-03 event=NETWORK_CONNECT session=37684df570 process=node destination=packages.silverquill.internal dest_ip=10.18.2.7 dest_port=443 protocol=tcp status=SUCCESS
2026-08-15T14:15:43Z user=nora.singh host=SQ-LT-03 event=HEARTBEAT session=37684df570 agent=edr-7.4.2 status=SUCCESS
2026-08-15T14:19:48Z user=nora.singh host=SQ-LT-03 event=PROCESS_START session=37684df570 pid=3284 process=bash executable=/usr/bin/bash cwd='~/src/quill-api' command='bash scripts/run-local.sh' status=SUCCESS
2026-08-15T14:23:19Z user=nora.singh host=SQ-LT-03 event=PROCESS_START session=37684df570 pid=7688 process=chrome executable=/opt/google/chrome/chrome cwd='~/src/quill-admin' status=SUCCESS
2026-08-15T14:26:53Z user=nora.singh host=SQ-LT-03 event=FILE_OPEN session=37684df570 path='~/src/platform-tools/Dockerfile' process=npm status=SUCCESS
2026-08-15T14:31:53Z user=nora.singh host=SQ-LT-03 event=USB_UNMOUNT session=37684df570 device=YubiKey-5C-NFC status=SUCCESS
2026-08-15T14:37:10Z user=nora.singh host=SQ-LT-03 event=POLICY_REFRESH session=37684df570 policy=endpoint-standard-v6 status=SUCCESS
2026-08-15T14:39:02Z user=nora.singh host=SQ-LT-03 event=PROCESS_START session=37684df570 pid=43178 process=slack executable=/usr/bin/slack cwd='~/src/deploy-scripts' status=SUCCESS
2026-08-15T14:42:56Z user=nora.singh host=SQ-LT-03 event=FILE_SYNC session=37684df570 target=corp-drive status=SUCCESS
2026-08-15T14:44:22Z user=nora.singh host=SQ-LT-03 event=FILE_OPEN session=37684df570 path='~/src/quill-admin/Dockerfile' process=python3 status=SUCCESS
2026-08-15T14:49:20Z user=nora.singh host=SQ-LT-03 event=PROCESS_START session=37684df570 pid=35376 process=python3 executable=/usr/bin/python3 cwd='~/src/observability' command='python3 scripts/audit_config.py' status=SUCCESS
2026-08-15T14:53:08Z user=nora.singh host=SQ-LT-03 event=PROCESS_START session=37684df570 pid=4359 process=code executable=/usr/share/code/code cwd='~/src/observability' status=SUCCESS
2026-08-15T15:07:31Z user=nora.singh host=SQ-LT-03 event=TIME_SYNC session=37684df570 source=ntp.silverquill.internal status=SUCCESS
2026-08-15T15:10:44Z user=nora.singh host=SQ-LT-03 event=IDLE_CHECK session=37684df570 status=SUCCESS
2026-08-15T15:11:46Z user=nora.singh host=SQ-LT-03 event=HEARTBEAT session=37684df570 agent=edr-7.4.2 status=SUCCESS
2026-08-15T15:18:33Z user=nora.singh host=SQ-LT-03 event=PROCESS_START session=37684df570 pid=39010 process=python3 executable=/usr/bin/python3 cwd='~' command='python3 scripts/audit_config.py' status=SUCCESS
2026-08-15T15:23:40Z user=nora.singh host=SQ-LT-03 event=PROCESS_START session=37684df570 pid=61003 process=node executable=/usr/bin/node cwd='~/src/platform-tools' command='node ./dist/server.js' status=SUCCESS
2026-08-15T15:26:36Z user=nora.singh host=SQ-LT-03 event=FILE_SYNC session=37684df570 target=settings-roam status=SUCCESS
2026-08-15T15:26:50Z user=nora.singh host=SQ-LT-03 event=PROCESS_START session=37684df570 pid=62715 process=chrome executable=/opt/google/chrome/chrome cwd='~/src/quill-admin' status=SUCCESS
2026-08-15T15:26:59Z user=nora.singh host=SQ-LT-03 event=FILE_OPEN session=37684df570 path='~/src/platform-tools/scripts/release.sh' process=code status=SUCCESS
2026-08-15T15:28:16Z user=nora.singh host=SQ-LT-03 event=HEARTBEAT session=37684df570 agent=edr-7.4.2 status=SUCCESS
2026-08-15T15:28:36Z user=nora.singh host=SQ-LT-03 event=FILE_WRITE session=37684df570 path='~/src/platform-tools/src/routes/health.ts' process=node status=SUCCESS
2026-08-15T15:29:38Z user=nora.singh host=SQ-LT-03 event=POLICY_REFRESH session=37684df570 policy=endpoint-standard-v6 status=SUCCESS
2026-08-15T15:30:16Z user=nora.singh host=SQ-LT-03 event=USB_UNMOUNT session=37684df570 device=Logitech-Receiver status=SUCCESS
2026-08-15T15:30:20Z user=nora.singh host=SQ-LT-03 event=PROCESS_START session=37684df570 pid=33409 process=python3 executable=/usr/bin/python3 cwd='~/src/observability' command='python3 scripts/audit_config.py' status=SUCCESS
2026-08-15T15:33:11Z user=nora.singh host=SQ-LT-03 event=PROCESS_START session=37684df570 pid=2073 process=slack executable=/usr/bin/slack cwd='~/src/quill-admin' status=SUCCESS
2026-08-15T15:35:03Z user=nora.singh host=SQ-LT-03 event=PROCESS_START session=37684df570 pid=36745 process=node executable=/usr/bin/node cwd='~/src/observability' command='node ./scripts/check-config.js' status=SUCCESS
2026-08-15T15:36:44Z user=nora.singh host=SQ-LT-03 event=TIME_SYNC session=37684df570 source=ntp.silverquill.internal status=SUCCESS
2026-08-15T15:43:14Z user=nora.singh host=SQ-LT-03 event=POLICY_REFRESH session=37684df570 policy=endpoint-standard-v6 status=SUCCESS
2026-08-15T15:46:39Z user=nora.singh host=SQ-LT-03 event=PROCESS_START session=37684df570 pid=21336 process=python3 executable=/usr/bin/python3 cwd='~/src/observability' command='python3 scripts/check_release.py' status=SUCCESS
2026-08-15T15:49:40Z user=nora.singh host=SQ-LT-03 event=FILE_WRITE session=37684df570 path='~/src/quill-api/.github/workflows/ci.yml' process=node status=SUCCESS
2026-08-15T15:52:50Z user=nora.singh host=SQ-LT-03 event=TIME_SYNC session=37684df570 source=ntp.silverquill.internal status=SUCCESS
2026-08-15T15:54:19Z user=nora.singh host=SQ-LT-03 event=NETWORK_CONNECT session=37684df570 process=chrome destination=docs.silverquill.internal dest_ip=10.18.6.14 dest_port=443 protocol=tcp status=SUCCESS
2026-08-15T16:00:14Z user=nora.singh host=SQ-LT-03 event=PROCESS_START session=37684df570 pid=11328 process=npm executable=/usr/bin/npm cwd='~/src/observability' command='npm ci' status=SUCCESS
2026-08-15T16:02:10Z user=nora.singh host=SQ-LT-03 event=PROCESS_START session=37684df570 pid=59591 process=node executable=/usr/bin/node cwd='~/Downloads' command='node ./scripts/validate-schema.js' status=SUCCESS
2026-08-15T16:02:57Z user=nora.singh host=SQ-LT-03 event=PROCESS_START session=37684df570 pid=62650 process=npm executable=/usr/bin/npm cwd='~/Downloads' command='npm ci' status=SUCCESS
2026-08-15T16:05:47Z user=nora.singh host=SQ-LT-03 event=FILE_OPEN session=37684df570 path='~/src/quill-admin/src/services/deploy.ts' process=npm status=SUCCESS
2026-08-15T16:06:55Z user=nora.singh host=SQ-LT-03 event=SCREEN_LOCK session=37684df570 status=SUCCESS
2026-08-15T16:07:09Z user=nora.singh host=SQ-LT-03 event=TIME_SYNC session=37684df570 source=ntp.silverquill.internal status=SUCCESS
2026-08-15T16:12:20Z user=nora.singh host=SQ-LT-03 event=PROCESS_START session=37684df570 pid=31087 process=chrome executable=/opt/google/chrome/chrome cwd='~/src/quill-admin' status=SUCCESS
2026-08-15T16:14:25Z user=nora.singh host=SQ-LT-03 event=PROCESS_START session=37684df570 pid=14588 process=node executable=/usr/bin/node cwd='~/src/observability' command='node ./dist/server.js' status=SUCCESS
2026-08-15T16:16:08Z user=nora.singh host=SQ-LT-03 event=PROCESS_START session=37684df570 pid=12743 process=code executable=/usr/share/code/code cwd='~/src/deploy-scripts' status=SUCCESS
2026-08-15T16:22:04Z user=nora.singh host=SQ-LT-03 event=POLICY_REFRESH session=37684df570 policy=endpoint-standard-v6 status=SUCCESS
2026-08-15T16:22:54Z user=nora.singh host=SQ-LT-03 event=TIME_SYNC session=37684df570 source=ntp.silverquill.internal status=SUCCESS
2026-08-15T16:28:38Z user=nora.singh host=SQ-LT-03 event=ANTIVIRUS_SCAN session=37684df570 engine=defender mode=realtime status=SUCCESS
2026-08-15T16:30:00Z user=nora.singh host=SQ-LT-03 event=SCREEN_UNLOCK session=37684df570 method=fido2 status=SUCCESS
2026-08-15T16:30:48Z user=nora.singh host=SQ-LT-03 event=NETWORK_CONNECT session=37684df570 process=chrome destination=sso.silverquill.internal dest_ip=10.18.7.11 dest_port=443 protocol=tcp status=SUCCESS
2026-08-15T16:40:01Z user=nora.singh host=SQ-LT-03 event=NETWORK_CONNECT session=37684df570 process=code destination=jira.silverquill.internal dest_ip=10.18.1.21 dest_port=443 protocol=tcp status=SUCCESS
2026-08-15T16:40:12Z user=nora.singh host=SQ-LT-03 event=NETWORK_CONNECT session=37684df570 process=node destination=docs.silverquill.internal dest_ip=10.18.6.14 dest_port=443 protocol=tcp status=SUCCESS
2026-08-15T16:42:26Z user=nora.singh host=SQ-LT-03 event=FILE_WRITE session=37684df570 path='~/src/deploy-scripts/src/services/metrics.ts' process=npm status=SUCCESS
2026-08-15T16:44:13Z user=nora.singh host=SQ-LT-03 event=NETWORK_CONNECT session=37684df570 process=python3 destination=registry.silverquill.internal dest_ip=10.18.3.12 dest_port=443 protocol=tcp status=SUCCESS
2026-08-15T16:48:58Z user=nora.singh host=SQ-LT-03 event=FILE_OPEN session=37684df570 path='~/src/quill-admin/package-lock.json' process=code status=SUCCESS
2026-08-15T16:49:49Z user=nora.singh host=SQ-LT-03 event=SCREEN_LOCK session=37684df570 status=SUCCESS
2026-08-15T16:51:07Z user=nora.singh host=SQ-LT-03 event=FILE_SYNC session=37684df570 target=corp-drive status=SUCCESS
2026-08-15T16:53:01Z user=nora.singh host=SQ-LT-03 event=SCREEN_UNLOCK session=37684df570 method=fido2 status=SUCCESS
2026-08-15T17:05:03Z user=nora.singh host=SQ-LT-03 event=TIME_SYNC session=37684df570 source=ntp.silverquill.internal status=SUCCESS
2026-08-15T17:06:33Z user=nora.singh host=SQ-LT-03 event=NETWORK_CONNECT session=37684df570 process=code destination=packages.silverquill.internal dest_ip=10.18.2.7 dest_port=443 protocol=tcp status=SUCCESS
2026-08-15T17:16:40Z user=nora.singh host=SQ-LT-03 event=USB_MOUNT session=37684df570 device=Logitech-Receiver status=SUCCESS
2026-08-15T17:27:02Z user=nora.singh host=SQ-LT-03 event=FILE_WRITE session=37684df570 path='~/src/quill-api/package.json' process=npm status=SUCCESS
2026-08-15T17:31:12Z user=nora.singh host=SQ-LT-03 event=PRINT_JOB session=37684df570 printer=sq-floor3-mfp pages=3 status=SUCCESS
2026-08-15T17:33:12Z user=nora.singh host=SQ-LT-03 event=EDR_HEALTH session=37684df570 sensor=healthy status=SUCCESS
2026-08-15T17:35:14Z user=nora.singh host=SQ-LT-03 event=PROCESS_START session=37684df570 pid=19933 process=bash executable=/usr/bin/bash cwd='~/src/quill-api' command='bash scripts/test-health.sh' status=SUCCESS
2026-08-15T17:38:30Z user=nora.singh host=SQ-LT-03 event=VPN_DISCONNECT session=37684df570 profile=corp-vpn status=SUCCESS
2026-08-15T17:38:56Z user=nora.singh host=SQ-LT-03 event=IDLE_CHECK session=37684df570 status=SUCCESS
2026-08-15T17:39:13Z user=nora.singh host=SQ-LT-03 event=NETWORK_CONNECT session=37684df570 process=chrome destination=jira.silverquill.internal dest_ip=10.18.1.21 dest_port=443 protocol=tcp status=SUCCESS
2026-08-15T17:41:32Z user=nora.singh host=SQ-LT-03 event=LOGOUT session=37684df570 status=SUCCESS
2026-08-15T17:45:41Z host=SQ-LT-03 event=POWER_OFF login=none status=SUCCESS
2026-08-17T08:34:27Z host=SQ-LT-03 event=SYSTEM_BOOT boot_id=ebb84b38d8 status=SUCCESS
2026-08-17T08:37:39Z user=nora.singh host=SQ-LT-03 event=LOGIN session=0f5f4f7c72 method=password+fido2 status=SUCCESS
2026-08-17T08:38:44Z user=nora.singh host=SQ-LT-03 event=FILE_WRITE session=0f5f4f7c72 path='~/src/observability/.github/workflows/ci.yml' process=code status=SUCCESS
2026-08-17T08:40:41Z user=nora.singh host=SQ-LT-03 event=FILE_WRITE session=0f5f4f7c72 path='~/src/quill-admin/.github/workflows/ci.yml' process=node status=SUCCESS
2026-08-17T08:42:30Z user=nora.singh host=SQ-LT-03 event=VPN_CONNECT session=0f5f4f7c72 profile=corp-vpn gateway=vpn-blr-02 status=SUCCESS
2026-08-17T08:43:07Z user=nora.singh host=SQ-LT-03 event=NETWORK_CONNECT session=0f5f4f7c72 process=node destination=registry.silverquill.internal dest_ip=10.18.3.12 dest_port=443 protocol=tcp status=SUCCESS
2026-08-17T08:47:11Z user=nora.singh host=SQ-LT-03 event=PROCESS_START session=0f5f4f7c72 pid=43020 process=python3 executable=/usr/bin/python3 cwd='~/src/quill-admin' command='python3 scripts/report_health.py' status=SUCCESS
2026-08-17T08:56:07Z user=nora.singh host=SQ-LT-03 event=FILE_WRITE session=0f5f4f7c72 path='~/src/quill-api/Dockerfile' process=code status=SUCCESS
2026-08-17T09:01:39Z user=nora.singh host=SQ-LT-03 event=HEARTBEAT session=0f5f4f7c72 agent=edr-7.4.2 status=SUCCESS
2026-08-17T09:02:05Z user=nora.singh host=SQ-LT-03 event=FILE_SYNC session=0f5f4f7c72 target=settings-roam status=SUCCESS
2026-08-17T09:03:04Z user=nora.singh host=SQ-LT-03 event=FILE_SYNC session=0f5f4f7c72 target=settings-roam status=SUCCESS
2026-08-17T09:05:00Z user=nora.singh host=SQ-LT-03 event=EDR_HEALTH session=0f5f4f7c72 sensor=healthy status=SUCCESS
2026-08-17T09:07:02Z user=nora.singh host=SQ-LT-03 event=PROCESS_START session=0f5f4f7c72 pid=40160 process=code executable=/usr/share/code/code cwd='~/src/observability' status=SUCCESS
2026-08-17T09:07:50Z user=nora.singh host=SQ-LT-03 event=PACKAGE_UPDATE session=0f5f4f7c72 package=nodejs status=SUCCESS
2026-08-17T09:17:32Z user=nora.singh host=SQ-LT-03 event=PROCESS_START session=0f5f4f7c72 pid=29722 process=chrome executable=/opt/google/chrome/chrome cwd='~' status=SUCCESS
2026-08-17T09:22:17Z user=nora.singh host=SQ-LT-03 event=PROCESS_START session=0f5f4f7c72 pid=46162 process=python3 executable=/usr/bin/python3 cwd='~/Downloads' command='python3 scripts/audit_config.py' status=SUCCESS
2026-08-17T09:22:58Z user=nora.singh host=SQ-LT-03 event=ANTIVIRUS_SCAN session=0f5f4f7c72 engine=defender mode=realtime status=SUCCESS
2026-08-17T09:25:50Z user=nora.singh host=SQ-LT-03 event=FILE_WRITE session=0f5f4f7c72 path='~/src/deploy-scripts/package.json' process=npm status=SUCCESS
2026-08-17T09:27:00Z user=nora.singh host=SQ-LT-03 event=TIME_SYNC session=0f5f4f7c72 source=ntp.silverquill.internal status=SUCCESS
2026-08-17T09:35:01Z user=nora.singh host=SQ-LT-03 event=NETWORK_CONNECT session=0f5f4f7c72 process=node destination=grafana.silverquill.internal dest_ip=10.18.4.18 dest_port=443 protocol=tcp status=SUCCESS
2026-08-17T09:38:10Z user=nora.singh host=SQ-LT-03 event=SCREEN_LOCK session=0f5f4f7c72 status=SUCCESS
2026-08-17T09:42:44Z user=nora.singh host=SQ-LT-03 event=PROCESS_START session=0f5f4f7c72 pid=21128 process=bash executable=/usr/bin/bash cwd='~/src/platform-tools' command='bash scripts/test-health.sh' status=SUCCESS
2026-08-17T09:43:18Z user=nora.singh host=SQ-LT-03 event=FILE_WRITE session=0f5f4f7c72 path='~/src/deploy-scripts/Dockerfile' process=node status=SUCCESS
2026-08-17T09:44:38Z user=nora.singh host=SQ-LT-03 event=PACKAGE_UPDATE session=0f5f4f7c72 package=chrome status=SUCCESS
2026-08-17T09:44:39Z user=nora.singh host=SQ-LT-03 event=PROCESS_START session=0f5f4f7c72 pid=59455 process=slack executable=/usr/bin/slack cwd='~/src/quill-admin' status=SUCCESS
2026-08-17T09:48:06Z user=nora.singh host=SQ-LT-03 event=NETWORK_CONNECT session=0f5f4f7c72 process=chrome destination=ci.silverquill.internal dest_ip=10.18.5.9 dest_port=443 protocol=tcp status=SUCCESS
2026-08-17T10:00:08Z user=nora.singh host=SQ-LT-03 event=FILE_OPEN session=0f5f4f7c72 path='~/src/platform-tools/src/routes/status.ts' process=npm status=SUCCESS
2026-08-17T10:06:18Z user=nora.singh host=SQ-LT-03 event=FILE_OPEN session=0f5f4f7c72 path='~/src/observability/README.md' process=npm status=SUCCESS
2026-08-17T10:08:15Z user=nora.singh host=SQ-LT-03 event=SCREEN_UNLOCK session=0f5f4f7c72 method=fido2 status=SUCCESS
2026-08-17T10:09:16Z user=nora.singh host=SQ-LT-03 event=FILE_OPEN session=0f5f4f7c72 path='~/src/platform-tools/src/services/deploy.ts' process=node status=SUCCESS
2026-08-17T10:10:16Z user=nora.singh host=SQ-LT-03 event=PROCESS_START session=0f5f4f7c72 pid=44467 process=npm executable=/usr/bin/npm cwd='~' command='npm run build' status=SUCCESS
2026-08-17T10:11:57Z user=nora.singh host=SQ-LT-03 event=PROCESS_START session=0f5f4f7c72 pid=35352 process=slack executable=/usr/bin/slack cwd='~/src/quill-api' status=SUCCESS
2026-08-17T10:14:12Z user=nora.singh host=SQ-LT-03 event=FILE_OPEN session=0f5f4f7c72 path='~/src/deploy-scripts/scripts/check-config.js' process=node status=SUCCESS
2026-08-17T10:17:42Z user=nora.singh host=SQ-LT-03 event=PROCESS_START session=0f5f4f7c72 pid=14706 process=bash executable=/usr/bin/bash cwd='~/src/quill-api' command='bash scripts/test-health.sh' status=SUCCESS
2026-08-17T10:21:03Z user=nora.singh host=SQ-LT-03 event=HEARTBEAT session=0f5f4f7c72 agent=edr-7.4.2 status=SUCCESS
2026-08-17T10:21:14Z user=nora.singh host=SQ-LT-03 event=PROCESS_START session=0f5f4f7c72 pid=58502 process=node executable=/usr/bin/node cwd='~/src/platform-tools' command='node ./dist/server.js' status=SUCCESS
2026-08-17T10:22:23Z user=nora.singh host=SQ-LT-03 event=TIME_SYNC session=0f5f4f7c72 source=ntp.silverquill.internal status=SUCCESS
2026-08-17T10:22:54Z user=nora.singh host=SQ-LT-03 event=FILE_WRITE session=0f5f4f7c72 path='~/src/deploy-scripts/src/routes/health.ts' process=node status=SUCCESS
2026-08-17T10:29:32Z user=nora.singh host=SQ-LT-03 event=PROCESS_START session=0f5f4f7c72 pid=62520 process=bash executable=/usr/bin/bash cwd='~/Downloads' command='bash scripts/test-health.sh' status=SUCCESS
2026-08-17T10:32:33Z user=nora.singh host=SQ-LT-03 event=PROCESS_START session=0f5f4f7c72 pid=56532 process=chrome executable=/opt/google/chrome/chrome cwd='~/src/quill-admin' status=SUCCESS
2026-08-17T10:36:27Z user=nora.singh host=SQ-LT-03 event=PROCESS_START session=0f5f4f7c72 pid=8836 process=python3 executable=/usr/bin/python3 cwd='~/src/quill-admin' command='python3 scripts/check_release.py' status=SUCCESS
2026-08-17T10:36:35Z user=nora.singh host=SQ-LT-03 event=NETWORK_CONNECT session=0f5f4f7c72 process=npm destination=grafana.silverquill.internal dest_ip=10.18.4.18 dest_port=443 protocol=tcp status=SUCCESS
2026-08-17T10:38:20Z user=nora.singh host=SQ-LT-03 event=FILE_SYNC session=0f5f4f7c72 target=settings-roam status=SUCCESS
2026-08-17T10:38:34Z user=nora.singh host=SQ-LT-03 event=FILE_OPEN session=0f5f4f7c72 path='~/src/deploy-scripts/src/services/metrics.ts' process=code status=SUCCESS
2026-08-17T10:42:17Z user=nora.singh host=SQ-LT-03 event=FILE_SYNC session=0f5f4f7c72 target=corp-drive status=SUCCESS
2026-08-17T10:48:40Z user=nora.singh host=SQ-LT-03 event=NETWORK_CONNECT session=0f5f4f7c72 process=code destination=registry.silverquill.internal dest_ip=10.18.3.12 dest_port=443 protocol=tcp status=SUCCESS
2026-08-17T10:52:20Z user=nora.singh host=SQ-LT-03 event=PROCESS_START session=0f5f4f7c72 pid=5269 process=python3 executable=/usr/bin/python3 cwd='~' command='python3 scripts/audit_config.py' status=SUCCESS
2026-08-17T10:53:33Z user=nora.singh host=SQ-LT-03 event=FILE_OPEN session=0f5f4f7c72 path='~/src/platform-tools/package-lock.json' process=node status=SUCCESS
2026-08-17T11:01:36Z user=nora.singh host=SQ-LT-03 event=POLICY_REFRESH session=0f5f4f7c72 policy=endpoint-standard-v6 status=SUCCESS
2026-08-17T11:06:21Z user=nora.singh host=SQ-LT-03 event=FILE_SYNC session=0f5f4f7c72 target=corp-drive status=SUCCESS
2026-08-17T11:11:18Z user=nora.singh host=SQ-LT-03 event=PROCESS_START session=0f5f4f7c72 pid=3132 process=bash executable=/usr/bin/bash cwd='~/src/quill-admin' command='bash scripts/check-env.sh' status=SUCCESS
2026-08-17T11:11:39Z user=nora.singh host=SQ-LT-03 event=PROCESS_START session=0f5f4f7c72 pid=15323 process=python3 executable=/usr/bin/python3 cwd='~/src/observability' command='python3 scripts/audit_config.py' status=SUCCESS
2026-08-17T11:13:25Z user=nora.singh host=SQ-LT-03 event=NETWORK_CONNECT session=0f5f4f7c72 process=code destination=packages.silverquill.internal dest_ip=10.18.2.7 dest_port=443 protocol=tcp status=SUCCESS
2026-08-17T11:16:40Z user=nora.singh host=SQ-LT-03 event=ANTIVIRUS_SCAN session=0f5f4f7c72 engine=defender mode=quick status=SUCCESS
2026-08-17T11:20:00Z user=nora.singh host=SQ-LT-03 event=PROCESS_START session=0f5f4f7c72 pid=61347 process=python3 executable=/usr/bin/python3 cwd='~/src/quill-admin' command='python3 scripts/check_release.py' status=SUCCESS
2026-08-17T11:21:23Z user=nora.singh host=SQ-LT-03 event=USB_UNMOUNT session=0f5f4f7c72 device=YubiKey-5C-NFC status=SUCCESS
2026-08-17T11:21:45Z user=nora.singh host=SQ-LT-03 event=FILE_WRITE session=0f5f4f7c72 path='~/src/quill-api/.github/workflows/ci.yml' process=code status=SUCCESS
2026-08-17T11:24:05Z user=nora.singh host=SQ-LT-03 event=PROCESS_START session=0f5f4f7c72 pid=33962 process=python3 executable=/usr/bin/python3 cwd='~/src/observability' command='python3 scripts/audit_config.py' status=SUCCESS
2026-08-17T11:27:43Z user=nora.singh host=SQ-LT-03 event=PROCESS_START session=0f5f4f7c72 pid=58515 process=chrome executable=/opt/google/chrome/chrome cwd='~/src/quill-admin' status=SUCCESS
2026-08-17T11:28:59Z user=nora.singh host=SQ-LT-03 event=POLICY_REFRESH session=0f5f4f7c72 policy=endpoint-standard-v6 status=SUCCESS
2026-08-17T11:30:08Z user=nora.singh host=SQ-LT-03 event=NETWORK_CONNECT session=0f5f4f7c72 process=python3 destination=packages.silverquill.internal dest_ip=10.18.2.7 dest_port=443 protocol=tcp status=SUCCESS
2026-08-17T11:30:21Z user=nora.singh host=SQ-LT-03 event=PROCESS_START session=0f5f4f7c72 pid=59665 process=bash executable=/usr/bin/bash cwd='~/Downloads' command='bash scripts/test-health.sh' status=SUCCESS
2026-08-17T11:31:57Z user=nora.singh host=SQ-LT-03 event=USB_MOUNT session=0f5f4f7c72 device=YubiKey-5C-NFC status=SUCCESS
2026-08-17T11:33:37Z user=nora.singh host=SQ-LT-03 event=PROCESS_START session=0f5f4f7c72 pid=4474 process=python3 executable=/usr/bin/python3 cwd='~/src/quill-admin' command='python3 scripts/check_release.py' status=SUCCESS
2026-08-17T11:37:38Z user=nora.singh host=SQ-LT-03 event=IDLE_CHECK session=0f5f4f7c72 status=SUCCESS
2026-08-17T11:39:55Z user=nora.singh host=SQ-LT-03 event=NETWORK_CONNECT session=0f5f4f7c72 process=code destination=ci.silverquill.internal dest_ip=10.18.5.9 dest_port=443 protocol=tcp status=SUCCESS
2026-08-17T11:43:24Z user=nora.singh host=SQ-LT-03 event=HEARTBEAT session=0f5f4f7c72 agent=edr-7.4.2 status=SUCCESS
2026-08-17T11:44:14Z user=nora.singh host=SQ-LT-03 event=HEARTBEAT session=0f5f4f7c72 agent=edr-7.4.2 status=SUCCESS
2026-08-17T11:51:14Z user=nora.singh host=SQ-LT-03 event=PACKAGE_UPDATE session=0f5f4f7c72 package=chrome status=SUCCESS
2026-08-17T11:52:00Z user=nora.singh host=SQ-LT-03 event=PROCESS_START session=0f5f4f7c72 pid=46261 process=code executable=/usr/share/code/code cwd='~/src/quill-api' status=SUCCESS
2026-08-17T11:52:15Z user=nora.singh host=SQ-LT-03 event=ANTIVIRUS_SCAN session=0f5f4f7c72 engine=defender mode=quick status=SUCCESS
2026-08-17T11:54:36Z user=nora.singh host=SQ-LT-03 event=NETWORK_CONNECT session=0f5f4f7c72 process=chrome destination=ci.silverquill.internal dest_ip=10.18.5.9 dest_port=443 protocol=tcp status=SUCCESS
2026-08-17T11:56:18Z user=nora.singh host=SQ-LT-03 event=SCREEN_LOCK session=0f5f4f7c72 status=SUCCESS
2026-08-17T12:01:43Z user=nora.singh host=SQ-LT-03 event=FILE_SYNC session=0f5f4f7c72 target=settings-roam status=SUCCESS
2026-08-17T12:02:03Z user=nora.singh host=SQ-LT-03 event=PROCESS_START session=0f5f4f7c72 pid=15166 process=slack executable=/usr/bin/slack cwd='~/src/platform-tools' status=SUCCESS
2026-08-17T12:06:46Z user=nora.singh host=SQ-LT-03 event=FILE_OPEN session=0f5f4f7c72 path='~/src/platform-tools/src/services/metrics.ts' process=python3 status=SUCCESS
2026-08-17T12:11:53Z user=nora.singh host=SQ-LT-03 event=USB_MOUNT session=0f5f4f7c72 device=Logitech-Receiver status=SUCCESS
2026-08-17T12:13:15Z user=nora.singh host=SQ-LT-03 event=SCREEN_UNLOCK session=0f5f4f7c72 method=fido2 status=SUCCESS
2026-08-17T12:13:49Z user=nora.singh host=SQ-LT-03 event=FILE_SYNC session=0f5f4f7c72 target=settings-roam status=SUCCESS
2026-08-17T12:14:38Z user=nora.singh host=SQ-LT-03 event=FILE_WRITE session=0f5f4f7c72 path='~/src/observability/package-lock.json' process=npm status=SUCCESS
2026-08-17T12:16:39Z user=nora.singh host=SQ-LT-03 event=USB_MOUNT session=0f5f4f7c72 device=YubiKey-5C-NFC status=SUCCESS
2026-08-17T12:17:25Z user=nora.singh host=SQ-LT-03 event=USB_UNMOUNT session=0f5f4f7c72 device=YubiKey-5C-NFC status=SUCCESS
2026-08-17T12:19:02Z user=nora.singh host=SQ-LT-03 event=FILE_SYNC session=0f5f4f7c72 target=corp-drive status=SUCCESS
2026-08-17T12:20:24Z user=nora.singh host=SQ-LT-03 event=EDR_HEALTH session=0f5f4f7c72 sensor=healthy status=SUCCESS
2026-08-17T12:22:34Z user=nora.singh host=SQ-LT-03 event=POLICY_REFRESH session=0f5f4f7c72 policy=endpoint-standard-v6 status=SUCCESS
2026-08-17T12:27:09Z user=nora.singh host=SQ-LT-03 event=FILE_WRITE session=0f5f4f7c72 path='~/src/quill-api/Dockerfile' process=npm status=SUCCESS
2026-08-17T12:29:49Z user=nora.singh host=SQ-LT-03 event=PROCESS_START session=0f5f4f7c72 pid=25215 process=chrome executable=/opt/google/chrome/chrome cwd='~/src/quill-admin' status=SUCCESS
2026-08-17T12:31:14Z user=nora.singh host=SQ-LT-03 event=EDR_HEALTH session=0f5f4f7c72 sensor=healthy status=SUCCESS
2026-08-17T12:32:45Z user=nora.singh host=SQ-LT-03 event=FILE_WRITE session=0f5f4f7c72 path='~/src/quill-api/README.md' process=node status=SUCCESS
2026-08-17T12:33:08Z user=nora.singh host=SQ-LT-03 event=PACKAGE_UPDATE session=0f5f4f7c72 package=code status=SUCCESS
2026-08-17T12:36:36Z user=nora.singh host=SQ-LT-03 event=POLICY_REFRESH session=0f5f4f7c72 policy=endpoint-standard-v6 status=SUCCESS
2026-08-17T12:39:47Z user=nora.singh host=SQ-LT-03 event=NETWORK_CONNECT session=0f5f4f7c72 process=npm destination=jira.silverquill.internal dest_ip=10.18.1.21 dest_port=443 protocol=tcp status=SUCCESS
2026-08-17T12:40:44Z user=nora.singh host=SQ-LT-03 event=IDLE_CHECK session=0f5f4f7c72 status=SUCCESS
2026-08-17T12:41:10Z user=nora.singh host=SQ-LT-03 event=NETWORK_CONNECT session=0f5f4f7c72 process=code destination=ci.silverquill.internal dest_ip=10.18.5.9 dest_port=443 protocol=tcp status=SUCCESS
2026-08-17T12:44:36Z user=nora.singh host=SQ-LT-03 event=FILE_WRITE session=0f5f4f7c72 path='~/src/quill-admin/README.md' process=code status=SUCCESS
2026-08-17T12:48:11Z user=nora.singh host=SQ-LT-03 event=PROCESS_START session=0f5f4f7c72 pid=57210 process=npm executable=/usr/bin/npm cwd='~/src/quill-api' command='npm run build' status=SUCCESS
2026-08-17T12:52:24Z user=nora.singh host=SQ-LT-03 event=EDR_HEALTH session=0f5f4f7c72 sensor=healthy status=SUCCESS
2026-08-17T12:54:00Z user=nora.singh host=SQ-LT-03 event=PROCESS_START session=0f5f4f7c72 pid=8182 process=code executable=/usr/share/code/code cwd='~/src/quill-api' status=SUCCESS
2026-08-17T12:55:36Z user=nora.singh host=SQ-LT-03 event=HEARTBEAT session=0f5f4f7c72 agent=edr-7.4.2 status=SUCCESS
2026-08-17T13:01:17Z user=nora.singh host=SQ-LT-03 event=FILE_OPEN session=0f5f4f7c72 path='~/src/observability/src/config.ts' process=code status=SUCCESS
2026-08-17T13:01:48Z user=nora.singh host=SQ-LT-03 event=PROCESS_START session=0f5f4f7c72 pid=19802 process=chrome executable=/opt/google/chrome/chrome cwd='~/src/quill-admin' status=SUCCESS
2026-08-17T13:04:43Z user=nora.singh host=SQ-LT-03 event=PROCESS_START session=0f5f4f7c72 pid=57284 process=python3 executable=/usr/bin/python3 cwd='~/Downloads' command='python3 scripts/report_health.py' status=SUCCESS
2026-08-17T13:11:09Z user=nora.singh host=SQ-LT-03 event=FILE_OPEN session=0f5f4f7c72 path='~/src/observability/src/services/metrics.ts' process=python3 status=SUCCESS
2026-08-17T13:15:25Z user=nora.singh host=SQ-LT-03 event=PROCESS_START session=0f5f4f7c72 pid=29840 process=bash executable=/usr/bin/bash cwd='~/src/observability' command='bash scripts/check-env.sh' status=SUCCESS
2026-08-17T13:21:52Z user=nora.singh host=SQ-LT-03 event=PROCESS_START session=0f5f4f7c72 pid=32451 process=npm executable=/usr/bin/npm cwd='~/src/platform-tools' command='npm run build' status=SUCCESS
2026-08-17T13:24:33Z user=nora.singh host=SQ-LT-03 event=PROCESS_START session=0f5f4f7c72 pid=50245 process=node executable=/usr/bin/node cwd='~/src/observability' command='node ./dist/server.js' status=SUCCESS
2026-08-17T13:25:48Z user=nora.singh host=SQ-LT-03 event=NETWORK_CONNECT session=0f5f4f7c72 process=chrome destination=packages.silverquill.internal dest_ip=10.18.2.7 dest_port=443 protocol=tcp status=SUCCESS
2026-08-17T13:28:02Z user=nora.singh host=SQ-LT-03 event=PROCESS_START session=0f5f4f7c72 pid=39200 process=npm executable=/usr/bin/npm cwd='~' command='npm run lint' status=SUCCESS
2026-08-17T13:28:49Z user=nora.singh host=SQ-LT-03 event=NETWORK_CONNECT session=0f5f4f7c72 process=code destination=docs.silverquill.internal dest_ip=10.18.6.14 dest_port=443 protocol=tcp status=SUCCESS
2026-08-17T13:29:37Z user=nora.singh host=SQ-LT-03 event=FILE_OPEN session=0f5f4f7c72 path='~/src/quill-admin/src/routes/status.ts' process=python3 status=SUCCESS
2026-08-17T13:31:07Z user=nora.singh host=SQ-LT-03 event=PROCESS_START session=0f5f4f7c72 pid=30140 process=code executable=/usr/share/code/code cwd='~/src/observability' status=SUCCESS
2026-08-17T13:31:42Z user=nora.singh host=SQ-LT-03 event=POLICY_REFRESH session=0f5f4f7c72 policy=endpoint-standard-v6 status=SUCCESS
2026-08-17T13:34:01Z user=nora.singh host=SQ-LT-03 event=PROCESS_START session=0f5f4f7c72 pid=27079 process=slack executable=/usr/bin/slack cwd='~/src/platform-tools' status=SUCCESS
2026-08-17T13:35:23Z user=nora.singh host=SQ-LT-03 event=PRINT_JOB session=0f5f4f7c72 printer=sq-floor3-mfp pages=7 status=SUCCESS
2026-08-17T13:36:45Z user=nora.singh host=SQ-LT-03 event=PROCESS_START session=0f5f4f7c72 pid=34773 process=npm executable=/usr/bin/npm cwd='~/src/platform-tools' command='npm audit --omit=dev' status=SUCCESS
2026-08-17T13:46:28Z user=nora.singh host=SQ-LT-03 event=FILE_OPEN session=0f5f4f7c72 path='~/src/quill-api/README.md' process=node status=SUCCESS
2026-08-17T13:47:12Z user=nora.singh host=SQ-LT-03 event=HEARTBEAT session=0f5f4f7c72 agent=edr-7.4.2 status=SUCCESS
2026-08-17T13:47:58Z user=nora.singh host=SQ-LT-03 event=ANTIVIRUS_SCAN session=0f5f4f7c72 engine=defender mode=realtime status=SUCCESS
2026-08-17T13:50:08Z user=nora.singh host=SQ-LT-03 event=PROCESS_START session=0f5f4f7c72 pid=61848 process=chrome executable=/opt/google/chrome/chrome cwd='~/src/quill-admin' status=SUCCESS
2026-08-17T13:54:58Z user=nora.singh host=SQ-LT-03 event=NETWORK_CONNECT session=0f5f4f7c72 process=npm destination=registry.silverquill.internal dest_ip=10.18.3.12 dest_port=443 protocol=tcp status=SUCCESS
2026-08-17T13:57:20Z user=nora.singh host=SQ-LT-03 event=PROCESS_START session=0f5f4f7c72 pid=57558 process=npm executable=/usr/bin/npm cwd='~/src/observability' command='npm run lint' status=SUCCESS
2026-08-17T13:58:37Z user=nora.singh host=SQ-LT-03 event=NETWORK_CONNECT session=0f5f4f7c72 process=chrome destination=grafana.silverquill.internal dest_ip=10.18.4.18 dest_port=443 protocol=tcp status=SUCCESS
2026-08-17T14:02:02Z user=nora.singh host=SQ-LT-03 event=FILE_SYNC session=0f5f4f7c72 target=settings-roam status=SUCCESS
2026-08-17T14:10:15Z user=nora.singh host=SQ-LT-03 event=NETWORK_CONNECT session=0f5f4f7c72 process=chrome destination=packages.silverquill.internal dest_ip=10.18.2.7 dest_port=443 protocol=tcp status=SUCCESS
2026-08-17T14:12:26Z user=nora.singh host=SQ-LT-03 event=NETWORK_CONNECT session=0f5f4f7c72 process=chrome destination=grafana.silverquill.internal dest_ip=10.18.4.18 dest_port=443 protocol=tcp status=SUCCESS
2026-08-17T14:12:28Z user=nora.singh host=SQ-LT-03 event=PACKAGE_UPDATE session=0f5f4f7c72 package=chrome status=SUCCESS
2026-08-17T14:17:52Z user=nora.singh host=SQ-LT-03 event=PROCESS_START session=0f5f4f7c72 pid=36008 process=bash executable=/usr/bin/bash cwd='~/Downloads' command='bash scripts/run-local.sh' status=SUCCESS
2026-08-17T14:23:13Z user=nora.singh host=SQ-LT-03 event=FILE_OPEN session=0f5f4f7c72 path='~/src/quill-admin/scripts/check-config.js' process=npm status=SUCCESS
2026-08-17T14:23:15Z user=nora.singh host=SQ-LT-03 event=POLICY_REFRESH session=0f5f4f7c72 policy=endpoint-standard-v6 status=SUCCESS
2026-08-17T14:24:16Z user=nora.singh host=SQ-LT-03 event=FILE_OPEN session=0f5f4f7c72 path='~/src/platform-tools/.github/workflows/ci.yml' process=code status=SUCCESS
2026-08-17T14:24:25Z user=nora.singh host=SQ-LT-03 event=NETWORK_CONNECT session=0f5f4f7c72 process=code destination=docs.silverquill.internal dest_ip=10.18.6.14 dest_port=443 protocol=tcp status=SUCCESS
2026-08-17T14:25:04Z user=nora.singh host=SQ-LT-03 event=FILE_OPEN session=0f5f4f7c72 path='~/src/deploy-scripts/Dockerfile' process=node status=SUCCESS
2026-08-17T14:35:11Z user=nora.singh host=SQ-LT-03 event=PACKAGE_UPDATE session=0f5f4f7c72 package=nodejs status=SUCCESS
2026-08-17T14:44:26Z user=nora.singh host=SQ-LT-03 event=PROCESS_START session=0f5f4f7c72 pid=60163 process=slack executable=/usr/bin/slack cwd='~/src/observability' status=SUCCESS
2026-08-17T14:46:15Z user=nora.singh host=SQ-LT-03 event=NETWORK_CONNECT session=0f5f4f7c72 process=chrome destination=ci.silverquill.internal dest_ip=10.18.5.9 dest_port=443 protocol=tcp status=SUCCESS
2026-08-17T14:48:44Z user=nora.singh host=SQ-LT-03 event=POLICY_REFRESH session=0f5f4f7c72 policy=endpoint-standard-v6 status=SUCCESS
2026-08-17T14:51:59Z user=nora.singh host=SQ-LT-03 event=NETWORK_CONNECT session=0f5f4f7c72 process=python3 destination=sso.silverquill.internal dest_ip=10.18.7.11 dest_port=443 protocol=tcp status=SUCCESS
2026-08-17T15:00:41Z user=nora.singh host=SQ-LT-03 event=PROCESS_START session=0f5f4f7c72 pid=32743 process=python3 executable=/usr/bin/python3 cwd='~/src/observability' command='python3 scripts/audit_config.py' status=SUCCESS
2026-08-17T15:09:17Z user=nora.singh host=SQ-LT-03 event=NETWORK_CONNECT session=0f5f4f7c72 process=chrome destination=docs.silverquill.internal dest_ip=10.18.6.14 dest_port=443 protocol=tcp status=SUCCESS
2026-08-17T15:12:36Z user=nora.singh host=SQ-LT-03 event=HEARTBEAT session=0f5f4f7c72 agent=edr-7.4.2 status=SUCCESS
2026-08-17T15:13:20Z user=nora.singh host=SQ-LT-03 event=NETWORK_CONNECT session=0f5f4f7c72 process=code destination=docs.silverquill.internal dest_ip=10.18.6.14 dest_port=443 protocol=tcp status=SUCCESS
2026-08-17T15:15:35Z user=nora.singh host=SQ-LT-03 event=HEARTBEAT session=0f5f4f7c72 agent=edr-7.4.2 status=SUCCESS
2026-08-17T15:18:34Z user=nora.singh host=SQ-LT-03 event=NETWORK_CONNECT session=0f5f4f7c72 process=python3 destination=jira.silverquill.internal dest_ip=10.18.1.21 dest_port=443 protocol=tcp status=SUCCESS
2026-08-17T15:18:39Z user=nora.singh host=SQ-LT-03 event=FILE_WRITE session=0f5f4f7c72 path='~/src/observability/scripts/check-config.js' process=python3 status=SUCCESS
2026-08-17T15:22:25Z user=nora.singh host=SQ-LT-03 event=POLICY_REFRESH session=0f5f4f7c72 policy=endpoint-standard-v6 status=SUCCESS
2026-08-17T15:27:09Z user=nora.singh host=SQ-LT-03 event=FILE_WRITE session=0f5f4f7c72 path='~/src/quill-admin/README.md' process=python3 status=SUCCESS
2026-08-17T15:34:40Z user=nora.singh host=SQ-LT-03 event=NETWORK_CONNECT session=0f5f4f7c72 process=python3 destination=jira.silverquill.internal dest_ip=10.18.1.21 dest_port=443 protocol=tcp status=SUCCESS
2026-08-17T15:36:38Z user=nora.singh host=SQ-LT-03 event=NETWORK_CONNECT session=0f5f4f7c72 process=chrome destination=packages.silverquill.internal dest_ip=10.18.2.7 dest_port=443 protocol=tcp status=SUCCESS
2026-08-17T15:37:03Z user=nora.singh host=SQ-LT-03 event=POLICY_REFRESH session=0f5f4f7c72 policy=endpoint-standard-v6 status=SUCCESS
2026-08-17T15:40:48Z user=nora.singh host=SQ-LT-03 event=NETWORK_CONNECT session=0f5f4f7c72 process=chrome destination=ci.silverquill.internal dest_ip=10.18.5.9 dest_port=443 protocol=tcp status=SUCCESS
2026-08-17T15:41:22Z user=nora.singh host=SQ-LT-03 event=NETWORK_CONNECT session=0f5f4f7c72 process=npm destination=registry.silverquill.internal dest_ip=10.18.3.12 dest_port=443 protocol=tcp status=SUCCESS
2026-08-17T15:41:32Z user=nora.singh host=SQ-LT-03 event=SCREEN_LOCK session=0f5f4f7c72 status=SUCCESS
2026-08-17T15:45:08Z user=nora.singh host=SQ-LT-03 event=SCREEN_UNLOCK session=0f5f4f7c72 method=fido2 status=SUCCESS
2026-08-17T15:48:15Z user=nora.singh host=SQ-LT-03 event=PROCESS_START session=0f5f4f7c72 pid=47088 process=code executable=/usr/share/code/code cwd='~/src/quill-admin' status=SUCCESS
2026-08-17T15:51:44Z user=nora.singh host=SQ-LT-03 event=PROCESS_START session=0f5f4f7c72 pid=45269 process=slack executable=/usr/bin/slack cwd='~/src/platform-tools' status=SUCCESS
2026-08-17T16:00:29Z user=nora.singh host=SQ-LT-03 event=PROCESS_START session=0f5f4f7c72 pid=62358 process=bash executable=/usr/bin/bash cwd='~/src/deploy-scripts' command='bash scripts/check-env.sh' status=SUCCESS
2026-08-17T16:02:49Z user=nora.singh host=SQ-LT-03 event=ANTIVIRUS_SCAN session=0f5f4f7c72 engine=defender mode=quick status=SUCCESS
2026-08-17T16:03:37Z user=nora.singh host=SQ-LT-03 event=NETWORK_CONNECT session=0f5f4f7c72 process=npm destination=ci.silverquill.internal dest_ip=10.18.5.9 dest_port=443 protocol=tcp status=SUCCESS
2026-08-17T16:06:18Z user=nora.singh host=SQ-LT-03 event=FILE_OPEN session=0f5f4f7c72 path='~/src/observability/src/routes/status.ts' process=code status=SUCCESS
2026-08-17T16:07:44Z user=nora.singh host=SQ-LT-03 event=FILE_OPEN session=0f5f4f7c72 path='~/src/quill-admin/.github/workflows/ci.yml' process=npm status=SUCCESS
2026-08-17T16:08:52Z user=nora.singh host=SQ-LT-03 event=PACKAGE_UPDATE session=0f5f4f7c72 package=chrome status=SUCCESS
2026-08-17T16:09:11Z user=nora.singh host=SQ-LT-03 event=PROCESS_START session=0f5f4f7c72 pid=23389 process=python3 executable=/usr/bin/python3 cwd='~/src/deploy-scripts' command='python3 scripts/report_health.py' status=SUCCESS
2026-08-17T16:14:32Z user=nora.singh host=SQ-LT-03 event=PROCESS_START session=0f5f4f7c72 pid=36727 process=bash executable=/usr/bin/bash cwd='~/src/platform-tools' command='bash scripts/check-env.sh' status=SUCCESS
2026-08-17T16:15:07Z user=nora.singh host=SQ-LT-03 event=HEARTBEAT session=0f5f4f7c72 agent=edr-7.4.2 status=SUCCESS
2026-08-17T16:16:29Z user=nora.singh host=SQ-LT-03 event=HEARTBEAT session=0f5f4f7c72 status=SUCCESS
2026-08-17T16:18:35Z user=nora.singh host=SQ-LT-03 event=NETWORK_CONNECT session=0f5f4f7c72 process=code destination=sso.silverquill.internal dest_ip=10.18.7.11 dest_port=443 protocol=tcp status=SUCCESS
2026-08-17T16:20:25Z user=nora.singh host=SQ-LT-03 event=PROCESS_START session=0f5f4f7c72 pid=4098 process=code executable=/usr/share/code/code cwd='~/src/quill-admin' status=SUCCESS
2026-08-17T16:22:04Z user=nora.singh host=SQ-LT-03 event=ANTIVIRUS_SCAN session=0f5f4f7c72 engine=defender mode=quick status=SUCCESS
2026-08-17T16:22:25Z user=nora.singh host=SQ-LT-03 event=PROCESS_START session=0f5f4f7c72 pid=34280 process=code executable=/usr/share/code/code cwd='~/src/deploy-scripts' status=SUCCESS
2026-08-17T16:24:22Z user=nora.singh host=SQ-LT-03 event=FILE_WRITE session=0f5f4f7c72 path='~/src/quill-api/scripts/release.sh' process=python3 status=SUCCESS
2026-08-17T16:28:10Z user=nora.singh host=SQ-LT-03 event=FILE_WRITE session=0f5f4f7c72 path='~/src/quill-admin/src/services/deploy.ts' process=python3 status=SUCCESS
2026-08-17T16:41:37Z user=nora.singh host=SQ-LT-03 event=NETWORK_CONNECT session=0f5f4f7c72 process=chrome destination=ci.silverquill.internal dest_ip=10.18.5.9 dest_port=443 protocol=tcp status=SUCCESS
2026-08-17T16:42:06Z user=nora.singh host=SQ-LT-03 event=EDR_HEALTH session=0f5f4f7c72 sensor=healthy status=SUCCESS
2026-08-17T16:48:15Z user=nora.singh host=SQ-LT-03 event=PRINT_JOB session=0f5f4f7c72 printer=sq-floor3-mfp pages=2 status=SUCCESS
2026-08-17T16:48:42Z user=nora.singh host=SQ-LT-03 event=TIME_SYNC session=0f5f4f7c72 source=ntp.silverquill.internal status=SUCCESS
2026-08-17T16:52:25Z user=nora.singh host=SQ-LT-03 event=PROCESS_START session=0f5f4f7c72 pid=18666 process=bash executable=/usr/bin/bash cwd='~/src/observability' command='bash scripts/test-health.sh' status=SUCCESS
2026-08-17T16:52:37Z user=nora.singh host=SQ-LT-03 event=NETWORK_CONNECT session=0f5f4f7c72 process=node destination=packages.silverquill.internal dest_ip=10.18.2.7 dest_port=443 protocol=tcp status=SUCCESS
2026-08-17T16:56:09Z user=nora.singh host=SQ-LT-03 event=PROCESS_START session=0f5f4f7c72 pid=41991 process=npm executable=/usr/bin/npm cwd='~' command='npm run lint' status=SUCCESS
2026-08-17T16:57:52Z user=nora.singh host=SQ-LT-03 event=FILE_SYNC session=0f5f4f7c72 target=corp-drive status=SUCCESS
2026-08-17T16:59:38Z user=nora.singh host=SQ-LT-03 event=PACKAGE_UPDATE session=0f5f4f7c72 package=python3 status=SUCCESS
2026-08-17T17:00:51Z user=nora.singh host=SQ-LT-03 event=PROCESS_START session=0f5f4f7c72 pid=14078 process=code executable=/usr/share/code/code cwd='~/src/observability' status=SUCCESS
2026-08-17T17:01:21Z user=nora.singh host=SQ-LT-03 event=FILE_WRITE session=0f5f4f7c72 path='~/src/quill-api/README.md' process=npm status=SUCCESS
2026-08-17T17:02:47Z user=nora.singh host=SQ-LT-03 event=POLICY_REFRESH session=0f5f4f7c72 policy=endpoint-standard-v6 status=SUCCESS
2026-08-17T17:08:05Z user=nora.singh host=SQ-LT-03 event=USB_MOUNT session=0f5f4f7c72 device=YubiKey-5C-NFC status=SUCCESS
2026-08-17T17:09:16Z user=nora.singh host=SQ-LT-03 event=PROCESS_START session=0f5f4f7c72 pid=37634 process=node executable=/usr/bin/node cwd='~/src/deploy-scripts' command='node ./dist/server.js' status=SUCCESS
2026-08-17T17:10:50Z user=nora.singh host=SQ-LT-03 event=VPN_DISCONNECT session=0f5f4f7c72 profile=corp-vpn status=SUCCESS
2026-08-17T17:16:36Z user=nora.singh host=SQ-LT-03 event=LOGOUT session=0f5f4f7c72 status=SUCCESS
2026-08-17T17:24:00Z host=SQ-LT-03 event=POWER_OFF login=none status=SUCCESS
2026-08-18T09:41:17Z host=SQ-LT-03 event=SYSTEM_BOOT boot_id=80e824ad3e status=SUCCESS
2026-08-18T09:43:15Z user=nora.singh host=SQ-LT-03 event=LOGIN session=d3f00cd071 method=password+fido2 status=SUCCESS
2026-08-18T09:44:58Z user=nora.singh host=SQ-LT-03 event=ANTIVIRUS_SCAN session=d3f00cd071 engine=defender mode=realtime status=SUCCESS
2026-08-18T09:45:18Z user=nora.singh host=SQ-LT-03 event=VPN_CONNECT session=d3f00cd071 profile=corp-vpn gateway=vpn-blr-02 status=SUCCESS
2026-08-18T09:48:31Z user=nora.singh host=SQ-LT-03 event=HEARTBEAT session=d3f00cd071 agent=edr-7.4.2 status=SUCCESS
2026-08-18T09:48:49Z user=nora.singh host=SQ-LT-03 event=IDLE_CHECK session=d3f00cd071 status=SUCCESS
2026-08-18T10:00:48Z user=nora.singh host=SQ-LT-03 event=EDR_HEALTH session=d3f00cd071 sensor=healthy status=SUCCESS
2026-08-18T10:02:04Z user=nora.singh host=SQ-LT-03 event=PROCESS_START session=d3f00cd071 pid=57233 process=chrome executable=/opt/google/chrome/chrome cwd='~/src/observability' status=SUCCESS
2026-08-18T10:02:10Z user=nora.singh host=SQ-LT-03 event=PACKAGE_UPDATE session=d3f00cd071 package=code status=SUCCESS
2026-08-18T10:02:44Z user=nora.singh host=SQ-LT-03 event=FILE_WRITE session=d3f00cd071 path='~/src/quill-api/Dockerfile' process=code status=SUCCESS
2026-08-18T10:03:30Z user=nora.singh host=SQ-LT-03 event=POLICY_REFRESH session=d3f00cd071 policy=endpoint-standard-v6 status=SUCCESS
2026-08-18T10:03:36Z user=nora.singh host=SQ-LT-03 event=NETWORK_CONNECT session=d3f00cd071 process=code destination=grafana.silverquill.internal dest_ip=10.18.4.18 dest_port=443 protocol=tcp status=SUCCESS
2026-08-18T10:09:57Z user=nora.singh host=SQ-LT-03 event=PROCESS_START session=d3f00cd071 pid=54000 process=code executable=/usr/share/code/code cwd='~/src/quill-admin' status=SUCCESS
2026-08-18T10:13:16Z user=nora.singh host=SQ-LT-03 event=PROCESS_START session=d3f00cd071 pid=39864 process=bash executable=/usr/bin/bash cwd='~/src/observability' command='bash scripts/check-env.sh' status=SUCCESS
2026-08-18T10:14:53Z user=nora.singh host=SQ-LT-03 event=POLICY_REFRESH session=d3f00cd071 policy=endpoint-standard-v6 status=SUCCESS
2026-08-18T10:19:50Z user=nora.singh host=SQ-LT-03 event=IDLE_CHECK session=d3f00cd071 status=SUCCESS
2026-08-18T10:21:43Z user=nora.singh host=SQ-LT-03 event=ANTIVIRUS_SCAN session=d3f00cd071 engine=defender mode=realtime status=SUCCESS
2026-08-18T10:26:21Z user=nora.singh host=SQ-LT-03 event=PROCESS_START session=d3f00cd071 pid=2586 process=bash executable=/usr/bin/bash cwd='~/src/quill-admin' command='bash scripts/check-env.sh' status=SUCCESS
2026-08-18T10:27:18Z user=nora.singh host=SQ-LT-03 event=FILE_SYNC session=d3f00cd071 target=settings-roam status=SUCCESS
2026-08-18T10:32:24Z user=nora.singh host=SQ-LT-03 event=POLICY_REFRESH session=d3f00cd071 policy=endpoint-standard-v6 status=SUCCESS
2026-08-18T10:39:16Z user=nora.singh host=SQ-LT-03 event=FILE_OPEN session=d3f00cd071 path='~/src/observability/Dockerfile' process=code status=SUCCESS
2026-08-18T10:53:43Z user=nora.singh host=SQ-LT-03 event=NETWORK_CONNECT session=d3f00cd071 process=python3 destination=sso.silverquill.internal dest_ip=10.18.7.11 dest_port=443 protocol=tcp status=SUCCESS
2026-08-18T10:54:17Z user=nora.singh host=SQ-LT-03 event=SCREEN_LOCK session=d3f00cd071 status=SUCCESS
2026-08-18T10:56:01Z user=nora.singh host=SQ-LT-03 event=FILE_WRITE session=d3f00cd071 path='~/src/quill-api/scripts/check-config.js' process=npm status=SUCCESS
2026-08-18T10:57:10Z user=nora.singh host=SQ-LT-03 event=PROCESS_START session=d3f00cd071 pid=41311 process=chrome executable=/opt/google/chrome/chrome cwd='~/src/quill-admin' status=SUCCESS
2026-08-18T11:00:25Z user=nora.singh host=SQ-LT-03 event=PROCESS_START session=d3f00cd071 pid=25185 process=bash executable=/usr/bin/bash cwd='~/src/deploy-scripts' command='bash scripts/test-health.sh' status=SUCCESS
2026-08-18T11:01:19Z user=nora.singh host=SQ-LT-03 event=NETWORK_CONNECT session=d3f00cd071 process=python3 destination=sso.silverquill.internal dest_ip=10.18.7.11 dest_port=443 protocol=tcp status=SUCCESS
2026-08-18T11:09:26Z user=nora.singh host=SQ-LT-03 event=FILE_SYNC session=d3f00cd071 target=settings-roam status=SUCCESS
2026-08-18T11:10:38Z user=nora.singh host=SQ-LT-03 event=PROCESS_START session=d3f00cd071 pid=61345 process=npm executable=/usr/bin/npm cwd='~/src/observability' command='npm run lint' status=SUCCESS
2026-08-18T11:22:45Z user=nora.singh host=SQ-LT-03 event=PROCESS_START session=d3f00cd071 pid=43274 process=code executable=/usr/share/code/code cwd='~' status=SUCCESS
2026-08-18T11:23:02Z user=nora.singh host=SQ-LT-03 event=SCREEN_UNLOCK session=d3f00cd071 method=fido2 status=SUCCESS
2026-08-18T11:27:41Z user=nora.singh host=SQ-LT-03 event=IDLE_CHECK session=d3f00cd071 status=SUCCESS
2026-08-18T11:33:58Z user=nora.singh host=SQ-LT-03 event=EDR_HEALTH session=d3f00cd071 sensor=healthy status=SUCCESS
2026-08-18T11:41:28Z user=nora.singh host=SQ-LT-03 event=PRINT_JOB session=d3f00cd071 printer=sq-floor3-mfp pages=4 status=SUCCESS
2026-08-18T11:41:43Z user=nora.singh host=SQ-LT-03 event=HEARTBEAT session=d3f00cd071 agent=edr-7.4.2 status=SUCCESS
2026-08-18T11:43:30Z user=nora.singh host=SQ-LT-03 event=NETWORK_CONNECT session=d3f00cd071 process=node destination=grafana.silverquill.internal dest_ip=10.18.4.18 dest_port=443 protocol=tcp status=SUCCESS
2026-08-18T11:45:49Z user=nora.singh host=SQ-LT-03 event=POLICY_REFRESH session=d3f00cd071 policy=endpoint-standard-v6 status=SUCCESS
2026-08-18T11:46:45Z user=nora.singh host=SQ-LT-03 event=TIME_SYNC session=d3f00cd071 source=ntp.silverquill.internal status=SUCCESS
2026-08-18T11:50:39Z user=nora.singh host=SQ-LT-03 event=FILE_SYNC session=d3f00cd071 target=settings-roam status=SUCCESS
2026-08-18T11:52:40Z user=nora.singh host=SQ-LT-03 event=NETWORK_CONNECT session=d3f00cd071 process=python3 destination=packages.silverquill.internal dest_ip=10.18.2.7 dest_port=443 protocol=tcp status=SUCCESS
2026-08-18T11:57:54Z user=nora.singh host=SQ-LT-03 event=NETWORK_CONNECT session=d3f00cd071 process=node destination=jira.silverquill.internal dest_ip=10.18.1.21 dest_port=443 protocol=tcp status=SUCCESS
2026-08-18T11:59:34Z user=nora.singh host=SQ-LT-03 event=ANTIVIRUS_SCAN session=d3f00cd071 engine=defender mode=quick status=SUCCESS
2026-08-18T11:59:35Z user=nora.singh host=SQ-LT-03 event=PROCESS_START session=d3f00cd071 pid=31517 process=npm executable=/usr/bin/npm cwd='~/src/quill-admin' command='npm run lint' status=SUCCESS
2026-08-18T12:00:28Z user=nora.singh host=SQ-LT-03 event=PROCESS_START session=d3f00cd071 pid=8420 process=code executable=/usr/share/code/code cwd='~/src/quill-api' status=SUCCESS
2026-08-18T12:01:30Z user=nora.singh host=SQ-LT-03 event=PROCESS_START session=d3f00cd071 pid=51556 process=npm executable=/usr/bin/npm cwd='~/src/quill-admin' command='npm run lint' status=SUCCESS
2026-08-18T12:02:46Z user=nora.singh host=SQ-LT-03 event=EDR_HEALTH session=d3f00cd071 sensor=healthy status=SUCCESS
2026-08-18T12:02:52Z user=nora.singh host=SQ-LT-03 event=PROCESS_START session=d3f00cd071 pid=13945 process=bash executable=/usr/bin/bash cwd='~/src/deploy-scripts' command='bash scripts/run-local.sh' status=SUCCESS
2026-08-18T12:06:00Z user=nora.singh host=SQ-LT-03 event=FILE_WRITE session=d3f00cd071 path='~/src/platform-tools/scripts/release.sh' process=node status=SUCCESS
2026-08-18T12:07:35Z user=nora.singh host=SQ-LT-03 event=USB_UNMOUNT session=d3f00cd071 device=Logitech-Receiver status=SUCCESS
2026-08-18T12:13:21Z user=nora.singh host=SQ-LT-03 event=ANTIVIRUS_SCAN session=d3f00cd071 engine=defender mode=quick status=SUCCESS
2026-08-18T12:13:57Z user=nora.singh host=SQ-LT-03 event=NETWORK_CONNECT session=d3f00cd071 process=node destination=registry.silverquill.internal dest_ip=10.18.3.12 dest_port=443 protocol=tcp status=SUCCESS
2026-08-18T12:20:25Z user=nora.singh host=SQ-LT-03 event=PROCESS_START session=d3f00cd071 pid=54766 process=python3 executable=/usr/bin/python3 cwd='~/src/observability' command='python3 scripts/audit_config.py' status=SUCCESS
2026-08-18T12:22:10Z user=nora.singh host=SQ-LT-03 event=PACKAGE_UPDATE session=d3f00cd071 package=python3 status=SUCCESS
2026-08-18T12:24:15Z user=nora.singh host=SQ-LT-03 event=NETWORK_CONNECT session=d3f00cd071 process=python3 destination=packages.silverquill.internal dest_ip=10.18.2.7 dest_port=443 protocol=tcp status=SUCCESS
2026-08-18T12:26:43Z user=nora.singh host=SQ-LT-03 event=NETWORK_CONNECT session=d3f00cd071 process=chrome destination=grafana.silverquill.internal dest_ip=10.18.4.18 dest_port=443 protocol=tcp status=SUCCESS
2026-08-18T12:33:34Z user=nora.singh host=SQ-LT-03 event=ANTIVIRUS_SCAN session=d3f00cd071 engine=defender mode=realtime status=SUCCESS
2026-08-18T12:35:03Z user=nora.singh host=SQ-LT-03 event=PROCESS_START session=d3f00cd071 pid=27601 process=npm executable=/usr/bin/npm cwd='~/src/observability' command='npm audit --omit=dev' status=SUCCESS
2026-08-18T12:35:30Z user=nora.singh host=SQ-LT-03 event=PROCESS_START session=d3f00cd071 pid=5744 process=chrome executable=/opt/google/chrome/chrome cwd='~/src/quill-api' status=SUCCESS
2026-08-18T12:40:36Z user=nora.singh host=SQ-LT-03 event=NETWORK_CONNECT session=d3f00cd071 process=code destination=packages.silverquill.internal dest_ip=10.18.2.7 dest_port=443 protocol=tcp status=SUCCESS
2026-08-18T12:44:05Z user=nora.singh host=SQ-LT-03 event=POLICY_REFRESH session=d3f00cd071 policy=endpoint-standard-v6 status=SUCCESS
2026-08-18T12:45:54Z user=nora.singh host=SQ-LT-03 event=FILE_OPEN session=d3f00cd071 path='~/src/quill-admin/package-lock.json' process=python3 status=SUCCESS
2026-08-18T12:48:19Z user=nora.singh host=SQ-LT-03 event=PROCESS_START session=d3f00cd071 pid=40285 process=chrome executable=/opt/google/chrome/chrome cwd='~/src/quill-admin' status=SUCCESS
2026-08-18T12:56:26Z user=nora.singh host=SQ-LT-03 event=HEARTBEAT session=d3f00cd071 agent=edr-7.4.2 status=SUCCESS
2026-08-18T12:57:33Z user=nora.singh host=SQ-LT-03 event=PACKAGE_UPDATE session=d3f00cd071 package=python3 status=SUCCESS
2026-08-18T12:59:44Z user=nora.singh host=SQ-LT-03 event=ANTIVIRUS_SCAN session=d3f00cd071 engine=defender mode=quick status=SUCCESS
2026-08-18T13:03:45Z user=nora.singh host=SQ-LT-03 event=FILE_OPEN session=d3f00cd071 path='~/src/observability/scripts/release.sh' process=node status=SUCCESS
2026-08-18T13:04:03Z user=nora.singh host=SQ-LT-03 event=IDLE_CHECK session=d3f00cd071 status=SUCCESS
2026-08-18T13:04:49Z user=nora.singh host=SQ-LT-03 event=POLICY_REFRESH session=d3f00cd071 policy=endpoint-standard-v6 status=SUCCESS
2026-08-18T13:04:49Z user=nora.singh host=SQ-LT-03 event=PROCESS_START session=d3f00cd071 pid=7396 process=slack executable=/usr/bin/slack cwd='~' status=SUCCESS
2026-08-18T13:05:18Z user=nora.singh host=SQ-LT-03 event=NETWORK_CONNECT session=d3f00cd071 process=chrome destination=docs.silverquill.internal dest_ip=10.18.6.14 dest_port=443 protocol=tcp status=SUCCESS
2026-08-18T13:05:51Z user=nora.singh host=SQ-LT-03 event=SCREEN_LOCK session=d3f00cd071 status=SUCCESS
2026-08-18T13:06:46Z user=nora.singh host=SQ-LT-03 event=NETWORK_CONNECT session=d3f00cd071 process=node destination=registry.silverquill.internal dest_ip=10.18.3.12 dest_port=443 protocol=tcp status=SUCCESS
2026-08-18T13:08:15Z user=nora.singh host=SQ-LT-03 event=PROCESS_START session=d3f00cd071 pid=14583 process=code executable=/usr/share/code/code cwd='~/src/quill-admin' status=SUCCESS
2026-08-18T13:08:34Z user=nora.singh host=SQ-LT-03 event=FILE_WRITE session=d3f00cd071 path='~/src/platform-tools/src/routes/health.ts' process=npm status=SUCCESS
2026-08-18T13:10:28Z user=nora.singh host=SQ-LT-03 event=FILE_OPEN session=d3f00cd071 path='~/src/platform-tools/scripts/release.sh' process=python3 status=SUCCESS
2026-08-18T13:12:29Z user=nora.singh host=SQ-LT-03 event=NETWORK_CONNECT session=d3f00cd071 process=chrome destination=docs.silverquill.internal dest_ip=10.18.6.14 dest_port=443 protocol=tcp status=SUCCESS
2026-08-18T13:18:00Z user=nora.singh host=SQ-LT-03 event=PRINT_JOB session=d3f00cd071 printer=sq-floor3-mfp pages=9 status=SUCCESS
2026-08-18T13:18:05Z user=nora.singh host=SQ-LT-03 event=SCREEN_UNLOCK session=d3f00cd071 method=fido2 status=SUCCESS
2026-08-18T13:19:45Z user=nora.singh host=SQ-LT-03 event=PROCESS_START session=d3f00cd071 pid=2637 process=chrome executable=/opt/google/chrome/chrome cwd='~/Downloads' status=SUCCESS
2026-08-18T13:23:10Z user=nora.singh host=SQ-LT-03 event=TIME_SYNC session=d3f00cd071 source=ntp.silverquill.internal status=SUCCESS
2026-08-18T13:25:35Z user=nora.singh host=SQ-LT-03 event=IDLE_CHECK session=d3f00cd071 status=SUCCESS
2026-08-18T13:27:55Z user=nora.singh host=SQ-LT-03 event=FILE_WRITE session=d3f00cd071 path='~/src/platform-tools/src/services/deploy.ts' process=npm status=SUCCESS
2026-08-18T13:32:48Z user=nora.singh host=SQ-LT-03 event=IDLE_CHECK session=d3f00cd071 status=SUCCESS
2026-08-18T13:33:17Z user=nora.singh host=SQ-LT-03 event=FILE_WRITE session=d3f00cd071 path='~/src/quill-api/src/routes/status.ts' process=npm status=SUCCESS
2026-08-18T13:33:29Z user=nora.singh host=SQ-LT-03 event=USB_MOUNT session=d3f00cd071 device=YubiKey-5C-NFC status=SUCCESS
2026-08-18T13:41:58Z user=nora.singh host=SQ-LT-03 event=FILE_WRITE session=d3f00cd071 path='~/src/platform-tools/src/routes/status.ts' process=code status=SUCCESS
2026-08-18T13:44:15Z user=nora.singh host=SQ-LT-03 event=NETWORK_CONNECT session=d3f00cd071 process=node destination=jira.silverquill.internal dest_ip=10.18.1.21 dest_port=443 protocol=tcp status=SUCCESS
2026-08-18T13:48:07Z user=nora.singh host=SQ-LT-03 event=HEARTBEAT session=d3f00cd071 agent=edr-7.4.2 status=SUCCESS
2026-08-18T13:49:00Z user=nora.singh host=SQ-LT-03 event=IDLE_CHECK session=d3f00cd071 status=SUCCESS
2026-08-18T13:50:28Z user=nora.singh host=SQ-LT-03 event=FILE_OPEN session=d3f00cd071 path='~/src/platform-tools/Dockerfile' process=node status=SUCCESS
2026-08-18T13:54:48Z user=nora.singh host=SQ-LT-03 event=EDR_HEALTH session=d3f00cd071 sensor=healthy status=SUCCESS
2026-08-18T13:55:36Z user=nora.singh host=SQ-LT-03 event=HEARTBEAT session=d3f00cd071 agent=edr-7.4.2 status=SUCCESS
2026-08-18T13:58:08Z user=nora.singh host=SQ-LT-03 event=TIME_SYNC session=d3f00cd071 source=ntp.silverquill.internal status=SUCCESS
2026-08-18T13:59:06Z user=nora.singh host=SQ-LT-03 event=PROCESS_START session=d3f00cd071 pid=9580 process=python3 executable=/usr/bin/python3 cwd='~/src/platform-tools' command='python3 scripts/audit_config.py' status=SUCCESS
2026-08-18T13:59:26Z user=nora.singh host=SQ-LT-03 event=NETWORK_CONNECT session=d3f00cd071 process=npm destination=sso.silverquill.internal dest_ip=10.18.7.11 dest_port=443 protocol=tcp status=SUCCESS
2026-08-18T14:00:04Z user=nora.singh host=SQ-LT-03 event=PROCESS_START session=d3f00cd071 pid=25219 process=code executable=/usr/share/code/code cwd='~' status=SUCCESS
2026-08-18T14:03:16Z user=nora.singh host=SQ-LT-03 event=FILE_OPEN session=d3f00cd071 path='~/src/deploy-scripts/package-lock.json' process=code status=SUCCESS
2026-08-18T14:09:22Z user=nora.singh host=SQ-LT-03 event=FILE_WRITE session=d3f00cd071 path='~/src/deploy-scripts/scripts/check-config.js' process=npm status=SUCCESS
2026-08-18T14:10:11Z user=nora.singh host=SQ-LT-03 event=FILE_SYNC session=d3f00cd071 target=settings-roam status=SUCCESS
2026-08-18T14:10:44Z user=nora.singh host=SQ-LT-03 event=FILE_OPEN session=d3f00cd071 path='~/src/observability/package-lock.json' process=npm status=SUCCESS
2026-08-18T14:14:11Z user=nora.singh host=SQ-LT-03 event=FILE_OPEN session=d3f00cd071 path='~/src/quill-admin/src/config.ts' process=python3 status=SUCCESS
2026-08-18T14:18:59Z user=nora.singh host=SQ-LT-03 event=TIME_SYNC session=d3f00cd071 source=ntp.silverquill.internal status=SUCCESS
2026-08-18T14:19:08Z user=nora.singh host=SQ-LT-03 event=HEARTBEAT session=d3f00cd071 status=SUCCESS
2026-08-18T14:19:11Z user=nora.singh host=SQ-LT-03 event=FILE_OPEN session=d3f00cd071 path='~/src/quill-api/src/routes/health.ts' process=code status=SUCCESS
2026-08-18T14:40:03Z user=nora.singh host=SQ-LT-03 event=PRINT_JOB session=d3f00cd071 printer=sq-floor3-mfp pages=5 status=SUCCESS
2026-08-18T14:40:06Z user=nora.singh host=SQ-LT-03 event=POLICY_REFRESH session=d3f00cd071 policy=endpoint-standard-v6 status=SUCCESS
2026-08-18T14:41:09Z user=nora.singh host=SQ-LT-03 event=IDLE_CHECK session=d3f00cd071 status=SUCCESS
2026-08-18T14:56:03Z user=nora.singh host=SQ-LT-03 event=HEARTBEAT session=d3f00cd071 agent=edr-7.4.2 status=SUCCESS
2026-08-18T14:58:37Z user=nora.singh host=SQ-LT-03 event=PROCESS_START session=d3f00cd071 pid=6095 process=chrome executable=/opt/google/chrome/chrome cwd='~/Downloads' status=SUCCESS
2026-08-18T15:00:07Z user=nora.singh host=SQ-LT-03 event=PROCESS_START session=d3f00cd071 pid=19153 process=python3 executable=/usr/bin/python3 cwd='~/Downloads' command='python3 scripts/report_health.py' status=SUCCESS
2026-08-18T15:00:40Z user=nora.singh host=SQ-LT-03 event=SCREEN_LOCK session=d3f00cd071 status=SUCCESS
2026-08-18T15:04:11Z user=nora.singh host=SQ-LT-03 event=PROCESS_START session=d3f00cd071 pid=31582 process=node executable=/usr/bin/node cwd='~' command='node ./dist/server.js' status=SUCCESS
2026-08-18T15:04:34Z user=nora.singh host=SQ-LT-03 event=HEARTBEAT session=d3f00cd071 agent=edr-7.4.2 status=SUCCESS
2026-08-18T15:07:15Z user=nora.singh host=SQ-LT-03 event=PROCESS_START session=d3f00cd071 pid=41530 process=bash executable=/usr/bin/bash cwd='~' command='bash scripts/test-health.sh' status=SUCCESS
2026-08-18T15:13:19Z user=nora.singh host=SQ-LT-03 event=PROCESS_START session=d3f00cd071 pid=62406 process=slack executable=/usr/bin/slack cwd='~/src/quill-api' status=SUCCESS
2026-08-18T15:13:39Z user=nora.singh host=SQ-LT-03 event=FILE_WRITE session=d3f00cd071 path='~/src/platform-tools/src/services/metrics.ts' process=node status=SUCCESS
2026-08-18T15:14:56Z user=nora.singh host=SQ-LT-03 event=NETWORK_CONNECT session=d3f00cd071 process=code destination=ci.silverquill.internal dest_ip=10.18.5.9 dest_port=443 protocol=tcp status=SUCCESS
2026-08-18T15:15:56Z user=nora.singh host=SQ-LT-03 event=EDR_HEALTH session=d3f00cd071 sensor=healthy status=SUCCESS
2026-08-18T15:16:25Z user=nora.singh host=SQ-LT-03 event=HEARTBEAT session=d3f00cd071 agent=edr-7.4.2 status=SUCCESS
2026-08-18T15:16:30Z user=nora.singh host=SQ-LT-03 event=HEARTBEAT session=d3f00cd071 agent=edr-7.4.2 status=SUCCESS
2026-08-18T15:22:23Z user=nora.singh host=SQ-LT-03 event=PROCESS_START session=d3f00cd071 pid=55942 process=node executable=/usr/bin/node cwd='~/src/observability' command='node ./scripts/check-config.js' status=SUCCESS
2026-08-18T15:25:29Z user=nora.singh host=SQ-LT-03 event=SCREEN_UNLOCK session=d3f00cd071 method=fido2 status=SUCCESS
2026-08-18T15:25:33Z user=nora.singh host=SQ-LT-03 event=ANTIVIRUS_SCAN session=d3f00cd071 engine=defender mode=realtime status=SUCCESS
2026-08-18T15:31:03Z user=nora.singh host=SQ-LT-03 event=FILE_WRITE session=d3f00cd071 path='~/src/platform-tools/src/routes/health.ts' process=python3 status=SUCCESS
2026-08-18T15:32:19Z user=nora.singh host=SQ-LT-03 event=NETWORK_CONNECT session=d3f00cd071 process=node destination=grafana.silverquill.internal dest_ip=10.18.4.18 dest_port=443 protocol=tcp status=SUCCESS
2026-08-18T15:35:25Z user=nora.singh host=SQ-LT-03 event=PROCESS_START session=d3f00cd071 pid=30470 process=npm executable=/usr/bin/npm cwd='~' command='npm ci' status=SUCCESS
2026-08-18T15:36:56Z user=nora.singh host=SQ-LT-03 event=NETWORK_CONNECT session=d3f00cd071 process=node destination=grafana.silverquill.internal dest_ip=10.18.4.18 dest_port=443 protocol=tcp status=SUCCESS
2026-08-18T15:37:04Z user=nora.singh host=SQ-LT-03 event=FILE_WRITE session=d3f00cd071 path='~/src/quill-admin/README.md' process=npm status=SUCCESS
2026-08-18T15:38:35Z user=nora.singh host=SQ-LT-03 event=FILE_WRITE session=d3f00cd071 path='~/src/platform-tools/src/routes/status.ts' process=node status=SUCCESS
2026-08-18T15:39:37Z user=nora.singh host=SQ-LT-03 event=PROCESS_START session=d3f00cd071 pid=34216 process=bash executable=/usr/bin/bash cwd='~/src/quill-api' command='bash scripts/test-health.sh' status=SUCCESS
2026-08-18T15:41:53Z user=nora.singh host=SQ-LT-03 event=PROCESS_START session=d3f00cd071 pid=28807 process=python3 executable=/usr/bin/python3 cwd='~/src/observability' command='python3 scripts/check_release.py' status=SUCCESS
2026-08-18T15:42:09Z user=nora.singh host=SQ-LT-03 event=PROCESS_START session=d3f00cd071 pid=48369 process=npm executable=/usr/bin/npm cwd='~/src/quill-api' command='npm test' status=SUCCESS
2026-08-18T15:48:13Z user=nora.singh host=SQ-LT-03 event=NETWORK_CONNECT session=d3f00cd071 process=python3 destination=ci.silverquill.internal dest_ip=10.18.5.9 dest_port=443 protocol=tcp status=SUCCESS
2026-08-18T15:51:10Z user=nora.singh host=SQ-LT-03 event=NETWORK_CONNECT session=d3f00cd071 process=npm destination=jira.silverquill.internal dest_ip=10.18.1.21 dest_port=443 protocol=tcp status=SUCCESS
2026-08-18T15:54:35Z user=nora.singh host=SQ-LT-03 event=EDR_HEALTH session=d3f00cd071 sensor=healthy status=SUCCESS
2026-08-18T15:57:34Z user=nora.singh host=SQ-LT-03 event=PROCESS_START session=d3f00cd071 pid=15627 process=npm executable=/usr/bin/npm cwd='~/src/quill-api' command='npm test' status=SUCCESS
2026-08-18T15:58:19Z user=nora.singh host=SQ-LT-03 event=PROCESS_START session=d3f00cd071 pid=5789 process=code executable=/usr/share/code/code cwd='~/Downloads' status=SUCCESS
2026-08-18T15:58:36Z user=nora.singh host=SQ-LT-03 event=FILE_SYNC session=d3f00cd071 target=settings-roam status=SUCCESS
2026-08-18T16:00:29Z user=nora.singh host=SQ-LT-03 event=PROCESS_START session=d3f00cd071 pid=40522 process=code executable=/usr/share/code/code cwd='~/src/observability' status=SUCCESS
2026-08-18T16:04:18Z user=nora.singh host=SQ-LT-03 event=EDR_HEALTH session=d3f00cd071 sensor=healthy status=SUCCESS
2026-08-18T16:05:13Z user=nora.singh host=SQ-LT-03 event=NETWORK_CONNECT session=d3f00cd071 process=python3 destination=ci.silverquill.internal dest_ip=10.18.5.9 dest_port=443 protocol=tcp status=SUCCESS
2026-08-18T16:06:20Z user=nora.singh host=SQ-LT-03 event=FILE_OPEN session=d3f00cd071 path='~/src/quill-api/src/config.ts' process=npm status=SUCCESS
2026-08-18T16:13:47Z user=nora.singh host=SQ-LT-03 event=PROCESS_START session=d3f00cd071 pid=20117 process=npm executable=/usr/bin/npm cwd='~/Downloads' command='npm run lint' status=SUCCESS
2026-08-18T16:16:49Z user=nora.singh host=SQ-LT-03 event=PROCESS_START session=d3f00cd071 pid=45163 process=node executable=/usr/bin/node cwd='~' command='node ./scripts/validate-schema.js' status=SUCCESS
2026-08-18T16:19:28Z user=nora.singh host=SQ-LT-03 event=POLICY_REFRESH session=d3f00cd071 policy=endpoint-standard-v6 status=SUCCESS
2026-08-18T16:20:52Z user=nora.singh host=SQ-LT-03 event=NETWORK_CONNECT session=d3f00cd071 process=node destination=sso.silverquill.internal dest_ip=10.18.7.11 dest_port=443 protocol=tcp status=SUCCESS
2026-08-18T16:24:43Z user=nora.singh host=SQ-LT-03 event=NETWORK_CONNECT session=d3f00cd071 process=python3 destination=packages.silverquill.internal dest_ip=10.18.2.7 dest_port=443 protocol=tcp status=SUCCESS
2026-08-18T16:29:24Z user=nora.singh host=SQ-LT-03 event=HEARTBEAT session=d3f00cd071 agent=edr-7.4.2 status=SUCCESS
2026-08-18T16:29:54Z user=nora.singh host=SQ-LT-03 event=EDR_HEALTH session=d3f00cd071 sensor=healthy status=SUCCESS
2026-08-18T16:30:13Z user=nora.singh host=SQ-LT-03 event=EDR_HEALTH session=d3f00cd071 sensor=healthy status=SUCCESS
2026-08-18T16:35:23Z user=nora.singh host=SQ-LT-03 event=NETWORK_CONNECT session=d3f00cd071 process=chrome destination=packages.silverquill.internal dest_ip=10.18.2.7 dest_port=443 protocol=tcp status=SUCCESS
2026-08-18T16:36:06Z user=nora.singh host=SQ-LT-03 event=NETWORK_CONNECT session=d3f00cd071 process=python3 destination=registry.silverquill.internal dest_ip=10.18.3.12 dest_port=443 protocol=tcp status=SUCCESS
2026-08-18T16:39:26Z user=nora.singh host=SQ-LT-03 event=ANTIVIRUS_SCAN session=d3f00cd071 engine=defender mode=quick status=SUCCESS
2026-08-18T16:40:02Z user=nora.singh host=SQ-LT-03 event=FILE_OPEN session=d3f00cd071 path='~/src/quill-admin/package-lock.json' process=code status=SUCCESS
2026-08-18T16:43:44Z user=nora.singh host=SQ-LT-03 event=PROCESS_START session=d3f00cd071 pid=54855 process=chrome executable=/opt/google/chrome/chrome cwd='~/src/platform-tools' status=SUCCESS
2026-08-18T16:49:05Z user=nora.singh host=SQ-LT-03 event=NETWORK_CONNECT session=d3f00cd071 process=node destination=jira.silverquill.internal dest_ip=10.18.1.21 dest_port=443 protocol=tcp status=SUCCESS
2026-08-18T16:49:17Z user=nora.singh host=SQ-LT-03 event=POLICY_REFRESH session=d3f00cd071 policy=endpoint-standard-v6 status=SUCCESS
2026-08-18T16:51:09Z user=nora.singh host=SQ-LT-03 event=FILE_SYNC session=d3f00cd071 target=settings-roam status=SUCCESS
2026-08-18T16:58:57Z user=nora.singh host=SQ-LT-03 event=PROCESS_START session=d3f00cd071 pid=11351 process=python3 executable=/usr/bin/python3 cwd='~/src/quill-api' command='python3 scripts/check_release.py' status=SUCCESS
2026-08-18T16:59:57Z user=nora.singh host=SQ-LT-03 event=FILE_WRITE session=d3f00cd071 path='~/src/quill-admin/package.json' process=python3 status=SUCCESS
2026-08-18T17:01:28Z user=nora.singh host=SQ-LT-03 event=FILE_WRITE session=d3f00cd071 path='~/src/deploy-scripts/src/services/deploy.ts' process=node status=SUCCESS
2026-08-18T17:04:52Z user=nora.singh host=SQ-LT-03 event=SCREEN_LOCK session=d3f00cd071 status=SUCCESS
2026-08-18T17:07:02Z user=nora.singh host=SQ-LT-03 event=USB_UNMOUNT session=d3f00cd071 device=Logitech-Receiver status=SUCCESS
2026-08-18T17:08:29Z user=nora.singh host=SQ-LT-03 event=FILE_WRITE session=d3f00cd071 path='~/src/platform-tools/scripts/check-config.js' process=npm status=SUCCESS
2026-08-18T17:08:32Z user=nora.singh host=SQ-LT-03 event=HEARTBEAT session=d3f00cd071 agent=edr-7.4.2 status=SUCCESS
2026-08-18T17:08:51Z user=nora.singh host=SQ-LT-03 event=NETWORK_CONNECT session=d3f00cd071 process=node destination=grafana.silverquill.internal dest_ip=10.18.4.18 dest_port=443 protocol=tcp status=SUCCESS
2026-08-18T17:09:44Z user=nora.singh host=SQ-LT-03 event=SCREEN_UNLOCK session=d3f00cd071 method=fido2 status=SUCCESS
2026-08-18T17:10:39Z user=nora.singh host=SQ-LT-03 event=PROCESS_START session=d3f00cd071 pid=45948 process=bash executable=/usr/bin/bash cwd='~' command='bash scripts/check-env.sh' status=SUCCESS
2026-08-18T17:16:10Z user=nora.singh host=SQ-LT-03 event=NETWORK_CONNECT session=d3f00cd071 process=chrome destination=sso.silverquill.internal dest_ip=10.18.7.11 dest_port=443 protocol=tcp status=SUCCESS
2026-08-18T17:18:47Z user=nora.singh host=SQ-LT-03 event=PROCESS_START session=d3f00cd071 pid=38140 process=code executable=/usr/share/code/code cwd='~/src/quill-api' status=SUCCESS
2026-08-18T17:20:00Z user=nora.singh host=SQ-LT-03 event=POLICY_REFRESH session=d3f00cd071 policy=endpoint-standard-v6 status=SUCCESS
2026-08-18T17:24:56Z user=nora.singh host=SQ-LT-03 event=TIME_SYNC session=d3f00cd071 source=ntp.silverquill.internal status=SUCCESS
2026-08-18T17:34:21Z user=nora.singh host=SQ-LT-03 event=IDLE_CHECK session=d3f00cd071 status=SUCCESS
2026-08-18T17:35:09Z user=nora.singh host=SQ-LT-03 event=PROCESS_START session=d3f00cd071 pid=29885 process=python3 executable=/usr/bin/python3 cwd='~/src/platform-tools' command='python3 scripts/audit_config.py' status=SUCCESS
2026-08-18T17:36:31Z user=nora.singh host=SQ-LT-03 event=PROCESS_START session=d3f00cd071 pid=46928 process=npm executable=/usr/bin/npm cwd='~/Downloads' command='npm ci' status=SUCCESS
2026-08-18T17:40:28Z user=nora.singh host=SQ-LT-03 event=NETWORK_CONNECT session=d3f00cd071 process=code destination=sso.silverquill.internal dest_ip=10.18.7.11 dest_port=443 protocol=tcp status=SUCCESS
2026-08-18T17:42:01Z user=nora.singh host=SQ-LT-03 event=HEARTBEAT session=d3f00cd071 agent=edr-7.4.2 status=SUCCESS
2026-08-18T17:47:02Z user=nora.singh host=SQ-LT-03 event=PROCESS_START session=d3f00cd071 pid=18252 process=python3 executable=/usr/bin/python3 cwd='~/Downloads' command='python3 scripts/check_release.py' status=SUCCESS
2026-08-18T17:52:02Z user=nora.singh host=SQ-LT-03 event=NETWORK_CONNECT session=d3f00cd071 process=node destination=ci.silverquill.internal dest_ip=10.18.5.9 dest_port=443 protocol=tcp status=SUCCESS
2026-08-18T17:54:57Z user=nora.singh host=SQ-LT-03 event=TIME_SYNC session=d3f00cd071 source=ntp.silverquill.internal status=SUCCESS
2026-08-18T17:58:05Z user=nora.singh host=SQ-LT-03 event=NETWORK_CONNECT session=d3f00cd071 process=npm destination=registry.silverquill.internal dest_ip=10.18.3.12 dest_port=443 protocol=tcp status=SUCCESS
2026-08-18T17:58:30Z user=nora.singh host=SQ-LT-03 event=NETWORK_CONNECT session=d3f00cd071 process=python3 destination=ci.silverquill.internal dest_ip=10.18.5.9 dest_port=443 protocol=tcp status=SUCCESS
2026-08-18T18:01:27Z user=nora.singh host=SQ-LT-03 event=USB_MOUNT session=d3f00cd071 device=Logitech-Receiver status=SUCCESS
2026-08-18T18:01:28Z user=nora.singh host=SQ-LT-03 event=PACKAGE_UPDATE session=d3f00cd071 package=chrome status=SUCCESS
2026-08-18T18:13:46Z user=nora.singh host=SQ-LT-03 event=FILE_SYNC session=d3f00cd071 target=corp-drive status=SUCCESS
2026-08-18T18:16:51Z user=nora.singh host=SQ-LT-03 event=PROCESS_START session=d3f00cd071 pid=57493 process=node executable=/usr/bin/node cwd='~/src/deploy-scripts' command='node ./scripts/validate-schema.js' status=SUCCESS
2026-08-18T18:20:25Z user=nora.singh host=SQ-LT-03 event=VPN_DISCONNECT session=d3f00cd071 profile=corp-vpn status=SUCCESS
2026-08-18T18:21:43Z user=nora.singh host=SQ-LT-03 event=FILE_WRITE session=d3f00cd071 path='~/src/quill-admin/package-lock.json' process=python3 status=SUCCESS
2026-08-18T18:22:55Z user=nora.singh host=SQ-LT-03 event=NETWORK_CONNECT session=d3f00cd071 process=npm destination=sso.silverquill.internal dest_ip=10.18.7.11 dest_port=443 protocol=tcp status=SUCCESS
2026-08-18T18:24:05Z user=nora.singh host=SQ-LT-03 event=FILE_WRITE session=d3f00cd071 path='~/src/quill-api/src/services/metrics.ts' process=node status=SUCCESS
2026-08-18T18:26:03Z user=nora.singh host=SQ-LT-03 event=LOGOUT session=d3f00cd071 status=SUCCESS
2026-08-18T18:30:20Z host=SQ-LT-03 event=POWER_OFF login=none status=SUCCESS
2026-08-19T07:29:18Z host=SQ-LT-03 event=SYSTEM_BOOT boot_id=347dae7e3a status=SUCCESS
2026-08-19T07:33:49Z user=nora.singh host=SQ-LT-03 event=LOGIN session=043d758185 method=password+fido2 status=SUCCESS
2026-08-19T07:36:54Z user=nora.singh host=SQ-LT-03 event=VPN_CONNECT session=043d758185 profile=corp-vpn gateway=vpn-blr-02 status=SUCCESS
2026-08-19T07:37:16Z user=nora.singh host=SQ-LT-03 event=HEARTBEAT session=043d758185 agent=edr-7.4.2 status=SUCCESS
2026-08-19T07:39:38Z user=nora.singh host=SQ-LT-03 event=NETWORK_CONNECT session=043d758185 process=chrome destination=docs.silverquill.internal dest_ip=10.18.6.14 dest_port=443 protocol=tcp status=SUCCESS
2026-08-19T07:40:31Z user=nora.singh host=SQ-LT-03 event=ANTIVIRUS_SCAN session=043d758185 engine=defender mode=quick status=SUCCESS
2026-08-19T07:43:01Z user=nora.singh host=SQ-LT-03 event=IDLE_CHECK session=043d758185 status=SUCCESS
2026-08-19T07:58:23Z user=nora.singh host=SQ-LT-03 event=ANTIVIRUS_SCAN session=043d758185 engine=defender mode=quick status=SUCCESS
2026-08-19T08:01:43Z user=nora.singh host=SQ-LT-03 event=PROCESS_START session=043d758185 pid=38163 process=python3 executable=/usr/bin/python3 cwd='~/src/observability' command='python3 scripts/check_release.py' status=SUCCESS
2026-08-19T08:02:06Z user=nora.singh host=SQ-LT-03 event=FILE_WRITE session=043d758185 path='~/src/quill-api/package-lock.json' process=code status=SUCCESS
2026-08-19T08:05:08Z user=nora.singh host=SQ-LT-03 event=IDLE_CHECK session=043d758185 status=SUCCESS
2026-08-19T08:06:29Z user=nora.singh host=SQ-LT-03 event=POLICY_REFRESH session=043d758185 policy=endpoint-standard-v6 status=SUCCESS
2026-08-19T08:06:33Z user=nora.singh host=SQ-LT-03 event=FILE_OPEN session=043d758185 path='~/src/observability/src/routes/health.ts' process=python3 status=SUCCESS
2026-08-19T08:13:21Z user=nora.singh host=SQ-LT-03 event=PROCESS_START session=043d758185 pid=45135 process=slack executable=/usr/bin/slack cwd='~/src/quill-admin' status=SUCCESS
2026-08-19T08:13:28Z user=nora.singh host=SQ-LT-03 event=HEARTBEAT session=043d758185 agent=edr-7.4.2 status=SUCCESS
2026-08-19T08:14:29Z user=nora.singh host=SQ-LT-03 event=FILE_SYNC session=043d758185 target=corp-drive status=SUCCESS
2026-08-19T08:15:44Z user=nora.singh host=SQ-LT-03 event=FILE_SYNC session=043d758185 target=settings-roam status=SUCCESS
2026-08-19T08:15:47Z user=nora.singh host=SQ-LT-03 event=FILE_SYNC session=043d758185 target=settings-roam status=SUCCESS
2026-08-19T08:22:02Z user=nora.singh host=SQ-LT-03 event=ANTIVIRUS_SCAN session=043d758185 engine=defender mode=quick status=SUCCESS
2026-08-19T08:27:27Z user=nora.singh host=SQ-LT-03 event=PROCESS_START session=043d758185 pid=49952 process=chrome executable=/opt/google/chrome/chrome cwd='~/Downloads' status=SUCCESS
2026-08-19T08:27:31Z user=nora.singh host=SQ-LT-03 event=IDLE_CHECK session=043d758185 status=SUCCESS
2026-08-19T08:27:41Z user=nora.singh host=SQ-LT-03 event=FILE_OPEN session=043d758185 path='~/src/platform-tools/src/services/metrics.ts' process=python3 status=SUCCESS
2026-08-19T08:27:58Z user=nora.singh host=SQ-LT-03 event=POLICY_REFRESH session=043d758185 policy=endpoint-standard-v6 status=SUCCESS
2026-08-19T08:30:17Z user=nora.singh host=SQ-LT-03 event=FILE_SYNC session=043d758185 target=settings-roam status=SUCCESS
2026-08-19T08:31:30Z user=nora.singh host=SQ-LT-03 event=ANTIVIRUS_SCAN session=043d758185 engine=defender mode=quick status=SUCCESS
2026-08-19T08:32:43Z user=nora.singh host=SQ-LT-03 event=ANTIVIRUS_SCAN session=043d758185 engine=defender mode=realtime status=SUCCESS
2026-08-19T08:37:04Z user=nora.singh host=SQ-LT-03 event=HEARTBEAT session=043d758185 agent=edr-7.4.2 status=SUCCESS
2026-08-19T08:38:02Z user=nora.singh host=SQ-LT-03 event=USB_MOUNT session=043d758185 device=YubiKey-5C-NFC status=SUCCESS
2026-08-19T08:46:50Z user=nora.singh host=SQ-LT-03 event=FILE_OPEN session=043d758185 path='~/src/platform-tools/scripts/check-config.js' process=npm status=SUCCESS
2026-08-19T08:48:34Z user=nora.singh host=SQ-LT-03 event=SCREEN_LOCK session=043d758185 status=SUCCESS
2026-08-19T08:50:12Z user=nora.singh host=SQ-LT-03 event=PRINT_JOB session=043d758185 printer=sq-floor3-mfp pages=9 status=SUCCESS
2026-08-19T08:55:19Z user=nora.singh host=SQ-LT-03 event=NETWORK_CONNECT session=043d758185 process=npm destination=sso.silverquill.internal dest_ip=10.18.7.11 dest_port=443 protocol=tcp status=SUCCESS
2026-08-19T08:56:19Z user=nora.singh host=SQ-LT-03 event=NETWORK_CONNECT session=043d758185 process=code destination=grafana.silverquill.internal dest_ip=10.18.4.18 dest_port=443 protocol=tcp status=SUCCESS
2026-08-19T08:59:09Z user=nora.singh host=SQ-LT-03 event=FILE_WRITE session=043d758185 path='~/src/observability/README.md' process=node status=SUCCESS
2026-08-19T09:00:06Z user=nora.singh host=SQ-LT-03 event=SCREEN_UNLOCK session=043d758185 method=fido2 status=SUCCESS
2026-08-19T09:02:49Z user=nora.singh host=SQ-LT-03 event=FILE_WRITE session=043d758185 path='~/src/quill-admin/src/routes/health.ts' process=node status=SUCCESS
2026-08-19T09:04:10Z user=nora.singh host=SQ-LT-03 event=HEARTBEAT session=043d758185 agent=edr-7.4.2 status=SUCCESS
2026-08-19T09:06:01Z user=nora.singh host=SQ-LT-03 event=FILE_OPEN session=043d758185 path='~/src/deploy-scripts/src/routes/health.ts' process=python3 status=SUCCESS
2026-08-19T09:06:05Z user=nora.singh host=SQ-LT-03 event=NETWORK_CONNECT session=043d758185 process=python3 destination=grafana.silverquill.internal dest_ip=10.18.4.18 dest_port=443 protocol=tcp status=SUCCESS
2026-08-19T09:08:23Z user=nora.singh host=SQ-LT-03 event=PROCESS_START session=043d758185 pid=6170 process=python3 executable=/usr/bin/python3 cwd='~/src/platform-tools' command='python3 scripts/check_release.py' status=SUCCESS
2026-08-19T09:10:19Z user=nora.singh host=SQ-LT-03 event=PROCESS_START session=043d758185 pid=29559 process=slack executable=/usr/bin/slack cwd='~/src/observability' status=SUCCESS
2026-08-19T09:11:03Z user=nora.singh host=SQ-LT-03 event=PROCESS_START session=043d758185 pid=37328 process=slack executable=/usr/bin/slack cwd='~/src/quill-admin' status=SUCCESS
2026-08-19T09:14:43Z user=nora.singh host=SQ-LT-03 event=NETWORK_CONNECT session=043d758185 process=npm destination=docs.silverquill.internal dest_ip=10.18.6.14 dest_port=443 protocol=tcp status=SUCCESS
2026-08-19T09:20:59Z user=nora.singh host=SQ-LT-03 event=FILE_OPEN session=043d758185 path='~/src/quill-api/src/services/deploy.ts' process=npm status=SUCCESS
2026-08-19T09:23:15Z user=nora.singh host=SQ-LT-03 event=FILE_WRITE session=043d758185 path='~/src/quill-api/README.md' process=npm status=SUCCESS
2026-08-19T09:25:29Z user=nora.singh host=SQ-LT-03 event=FILE_SYNC session=043d758185 target=settings-roam status=SUCCESS
2026-08-19T09:34:58Z user=nora.singh host=SQ-LT-03 event=NETWORK_CONNECT session=043d758185 process=node destination=packages.silverquill.internal dest_ip=10.18.2.7 dest_port=443 protocol=tcp status=SUCCESS
2026-08-19T09:37:05Z user=nora.singh host=SQ-LT-03 event=PROCESS_START session=043d758185 pid=38141 process=chrome executable=/opt/google/chrome/chrome cwd='~/src/quill-api' status=SUCCESS
2026-08-19T09:41:21Z user=nora.singh host=SQ-LT-03 event=NETWORK_CONNECT session=043d758185 process=chrome destination=docs.silverquill.internal dest_ip=10.18.6.14 dest_port=443 protocol=tcp status=SUCCESS
2026-08-19T09:42:49Z user=nora.singh host=SQ-LT-03 event=ANTIVIRUS_SCAN session=043d758185 engine=defender mode=realtime status=SUCCESS
2026-08-19T09:44:00Z user=nora.singh host=SQ-LT-03 event=FILE_OPEN session=043d758185 path='~/src/platform-tools/src/services/metrics.ts' process=node status=SUCCESS
2026-08-19T09:44:13Z user=nora.singh host=SQ-LT-03 event=PROCESS_START session=043d758185 pid=9620 process=node executable=/usr/bin/node cwd='~/src/deploy-scripts' command='node ./dist/server.js' status=SUCCESS
2026-08-19T09:44:53Z user=nora.singh host=SQ-LT-03 event=NETWORK_CONNECT session=043d758185 process=python3 destination=docs.silverquill.internal dest_ip=10.18.6.14 dest_port=443 protocol=tcp status=SUCCESS
2026-08-19T09:45:31Z user=nora.singh host=SQ-LT-03 event=NETWORK_CONNECT session=043d758185 process=code destination=grafana.silverquill.internal dest_ip=10.18.4.18 dest_port=443 protocol=tcp status=SUCCESS
2026-08-19T09:47:01Z user=nora.singh host=SQ-LT-03 event=NETWORK_CONNECT session=043d758185 process=node destination=registry.silverquill.internal dest_ip=10.18.3.12 dest_port=443 protocol=tcp status=SUCCESS
2026-08-19T09:55:04Z user=nora.singh host=SQ-LT-03 event=FILE_WRITE session=043d758185 path='~/src/quill-admin/scripts/release.sh' process=python3 status=SUCCESS
2026-08-19T09:56:53Z user=nora.singh host=SQ-LT-03 event=FILE_OPEN session=043d758185 path='~/src/observability/.github/workflows/ci.yml' process=python3 status=SUCCESS
2026-08-19T09:57:25Z user=nora.singh host=SQ-LT-03 event=POLICY_REFRESH session=043d758185 policy=endpoint-standard-v6 status=SUCCESS
2026-08-19T09:57:38Z user=nora.singh host=SQ-LT-03 event=PROCESS_START session=043d758185 pid=28166 process=slack executable=/usr/bin/slack cwd='~/Downloads' status=SUCCESS
2026-08-19T09:59:53Z user=nora.singh host=SQ-LT-03 event=FILE_SYNC session=043d758185 target=settings-roam status=SUCCESS
2026-08-19T10:05:20Z user=nora.singh host=SQ-LT-03 event=FILE_WRITE session=043d758185 path='~/src/observability/src/routes/health.ts' process=python3 status=SUCCESS
2026-08-19T10:05:21Z user=nora.singh host=SQ-LT-03 event=NETWORK_CONNECT session=043d758185 process=chrome destination=ci.silverquill.internal dest_ip=10.18.5.9 dest_port=443 protocol=tcp status=SUCCESS
2026-08-19T10:05:38Z user=nora.singh host=SQ-LT-03 event=PROCESS_START session=043d758185 pid=40150 process=bash executable=/usr/bin/bash cwd='~/src/quill-api' command='bash scripts/run-local.sh' status=SUCCESS
2026-08-19T10:07:28Z user=nora.singh host=SQ-LT-03 event=NETWORK_CONNECT session=043d758185 process=chrome destination=jira.silverquill.internal dest_ip=10.18.1.21 dest_port=443 protocol=tcp status=SUCCESS
2026-08-19T10:18:24Z user=nora.singh host=SQ-LT-03 event=PROCESS_START session=043d758185 pid=8771 process=node executable=/usr/bin/node cwd='~/src/observability' command='node ./scripts/validate-schema.js' status=SUCCESS
2026-08-19T10:25:25Z user=nora.singh host=SQ-LT-03 event=FILE_WRITE session=043d758185 path='~/src/platform-tools/README.md' process=npm status=SUCCESS
2026-08-19T10:27:20Z user=nora.singh host=SQ-LT-03 event=HEARTBEAT session=043d758185 agent=edr-7.4.2 status=SUCCESS
2026-08-19T10:35:51Z user=nora.singh host=SQ-LT-03 event=NETWORK_CONNECT session=043d758185 process=python3 destination=ci.silverquill.internal dest_ip=10.18.5.9 dest_port=443 protocol=tcp status=SUCCESS
2026-08-19T10:36:02Z user=nora.singh host=SQ-LT-03 event=PROCESS_START session=043d758185 pid=25028 process=chrome executable=/opt/google/chrome/chrome cwd='~/src/quill-admin' status=SUCCESS
2026-08-19T10:36:17Z user=nora.singh host=SQ-LT-03 event=NETWORK_CONNECT session=043d758185 process=code destination=sso.silverquill.internal dest_ip=10.18.7.11 dest_port=443 protocol=tcp status=SUCCESS
2026-08-19T10:37:28Z user=nora.singh host=SQ-LT-03 event=HEARTBEAT session=043d758185 agent=edr-7.4.2 status=SUCCESS
2026-08-19T10:38:49Z user=nora.singh host=SQ-LT-03 event=PROCESS_START session=043d758185 pid=2903 process=slack executable=/usr/bin/slack cwd='~/src/observability' status=SUCCESS
2026-08-19T10:47:04Z user=nora.singh host=SQ-LT-03 event=FILE_OPEN session=043d758185 path='~/src/quill-api/package-lock.json' process=code status=SUCCESS
2026-08-19T10:54:02Z user=nora.singh host=SQ-LT-03 event=PROCESS_START session=043d758185 pid=46401 process=node executable=/usr/bin/node cwd='~/src/observability' command='node ./scripts/validate-schema.js' status=SUCCESS
2026-08-19T11:12:14Z user=nora.singh host=SQ-LT-03 event=FILE_OPEN session=043d758185 path='~/src/deploy-scripts/.github/workflows/ci.yml' process=code status=SUCCESS
2026-08-19T11:14:17Z user=nora.singh host=SQ-LT-03 event=PACKAGE_UPDATE session=043d758185 package=python3 status=SUCCESS
2026-08-19T11:15:22Z user=nora.singh host=SQ-LT-03 event=POLICY_REFRESH session=043d758185 policy=endpoint-standard-v6 status=SUCCESS
2026-08-19T11:20:03Z user=nora.singh host=SQ-LT-03 event=FILE_WRITE session=043d758185 path='~/src/quill-admin/package.json' process=python3 status=SUCCESS
2026-08-19T11:26:47Z user=nora.singh host=SQ-LT-03 event=HEARTBEAT session=043d758185 agent=edr-7.4.2 status=SUCCESS
2026-08-19T11:29:47Z user=nora.singh host=SQ-LT-03 event=IDLE_CHECK session=043d758185 status=SUCCESS
2026-08-19T11:29:58Z user=nora.singh host=SQ-LT-03 event=NETWORK_CONNECT session=043d758185 process=code destination=packages.silverquill.internal dest_ip=10.18.2.7 dest_port=443 protocol=tcp status=SUCCESS
2026-08-19T11:33:15Z user=nora.singh host=SQ-LT-03 event=EDR_HEALTH session=043d758185 sensor=healthy status=SUCCESS
2026-08-19T11:34:41Z user=nora.singh host=SQ-LT-03 event=NETWORK_CONNECT session=043d758185 process=npm destination=ci.silverquill.internal dest_ip=10.18.5.9 dest_port=443 protocol=tcp status=SUCCESS
2026-08-19T11:41:51Z user=nora.singh host=SQ-LT-03 event=PROCESS_START session=043d758185 pid=55707 process=code executable=/usr/share/code/code cwd='~' status=SUCCESS
2026-08-19T11:50:24Z user=nora.singh host=SQ-LT-03 event=IDLE_CHECK session=043d758185 status=SUCCESS
2026-08-19T11:55:01Z user=nora.singh host=SQ-LT-03 event=IDLE_CHECK session=043d758185 status=SUCCESS
2026-08-19T11:59:56Z user=nora.singh host=SQ-LT-03 event=PROCESS_START session=043d758185 pid=32135 process=bash executable=/usr/bin/bash cwd='~/src/quill-api' command='bash scripts/test-health.sh' status=SUCCESS
2026-08-19T12:01:33Z user=nora.singh host=SQ-LT-03 event=FILE_WRITE session=043d758185 path='~/src/quill-api/.github/workflows/ci.yml' process=code status=SUCCESS
2026-08-19T12:06:08Z user=nora.singh host=SQ-LT-03 event=NETWORK_CONNECT session=043d758185 process=chrome destination=docs.silverquill.internal dest_ip=10.18.6.14 dest_port=443 protocol=tcp status=SUCCESS
2026-08-19T12:06:20Z user=nora.singh host=SQ-LT-03 event=NETWORK_CONNECT session=043d758185 process=python3 destination=registry.silverquill.internal dest_ip=10.18.3.12 dest_port=443 protocol=tcp status=SUCCESS
2026-08-19T12:10:43Z user=nora.singh host=SQ-LT-03 event=USB_MOUNT session=043d758185 device=YubiKey-5C-NFC status=SUCCESS
2026-08-19T12:11:57Z user=nora.singh host=SQ-LT-03 event=USB_MOUNT session=043d758185 device=YubiKey-5C-NFC status=SUCCESS
2026-08-19T12:14:25Z user=nora.singh host=SQ-LT-03 event=FILE_WRITE session=043d758185 path='~/src/observability/package-lock.json' process=npm status=SUCCESS
2026-08-19T12:18:35Z user=nora.singh host=SQ-LT-03 event=FILE_SYNC session=043d758185 target=corp-drive status=SUCCESS
2026-08-19T12:19:55Z user=nora.singh host=SQ-LT-03 event=PROCESS_START session=043d758185 pid=11554 process=bash executable=/usr/bin/bash cwd='~/src/quill-api' command='bash scripts/run-local.sh' status=SUCCESS
2026-08-19T12:23:43Z user=nora.singh host=SQ-LT-03 event=PROCESS_START session=043d758185 pid=3419 process=chrome executable=/opt/google/chrome/chrome cwd='~/src/platform-tools' status=SUCCESS
2026-08-19T12:25:00Z user=nora.singh host=SQ-LT-03 event=PROCESS_START session=043d758185 pid=6678 process=node executable=/usr/bin/node cwd='~/Downloads' command='node ./scripts/validate-schema.js' status=SUCCESS
2026-08-19T12:26:50Z user=nora.singh host=SQ-LT-03 event=ANTIVIRUS_SCAN session=043d758185 engine=defender mode=realtime status=SUCCESS
2026-08-19T12:28:27Z user=nora.singh host=SQ-LT-03 event=IDLE_CHECK session=043d758185 status=SUCCESS
2026-08-19T12:29:51Z user=nora.singh host=SQ-LT-03 event=ANTIVIRUS_SCAN session=043d758185 engine=defender mode=realtime status=SUCCESS
2026-08-19T12:35:17Z user=nora.singh host=SQ-LT-03 event=NETWORK_CONNECT session=043d758185 process=code destination=docs.silverquill.internal dest_ip=10.18.6.14 dest_port=443 protocol=tcp status=SUCCESS
2026-08-19T12:42:03Z user=nora.singh host=SQ-LT-03 event=PROCESS_START session=043d758185 pid=36013 process=bash executable=/usr/bin/bash cwd='~/src/quill-admin' command='bash scripts/run-local.sh' status=SUCCESS
2026-08-19T12:43:33Z user=nora.singh host=SQ-LT-03 event=EDR_HEALTH session=043d758185 status=SUCCESS
2026-08-19T12:47:30Z user=nora.singh host=SQ-LT-03 event=FILE_OPEN session=043d758185 path='~/src/observability/src/config.ts' process=node status=SUCCESS
2026-08-19T12:50:22Z user=nora.singh host=SQ-LT-03 event=FILE_WRITE session=043d758185 path='~/src/platform-tools/package-lock.json' process=code status=SUCCESS
2026-08-19T12:50:36Z user=nora.singh host=SQ-LT-03 event=EDR_HEALTH session=043d758185 sensor=healthy status=SUCCESS
2026-08-19T12:54:19Z user=nora.singh host=SQ-LT-03 event=EDR_HEALTH session=043d758185 sensor=healthy status=SUCCESS
2026-08-19T12:55:09Z user=nora.singh host=SQ-LT-03 event=PACKAGE_UPDATE session=043d758185 package=python3 status=SUCCESS
2026-08-19T12:59:39Z user=nora.singh host=SQ-LT-03 event=PROCESS_START session=043d758185 pid=33824 process=chrome executable=/opt/google/chrome/chrome cwd='~/src/observability' status=SUCCESS
2026-08-19T12:59:46Z user=nora.singh host=SQ-LT-03 event=PROCESS_START session=043d758185 pid=52311 process=chrome executable=/opt/google/chrome/chrome cwd='~/src/deploy-scripts' status=SUCCESS
2026-08-19T13:00:51Z user=nora.singh host=SQ-LT-03 event=TIME_SYNC session=043d758185 source=ntp.silverquill.internal status=SUCCESS
2026-08-19T13:01:57Z user=nora.singh host=SQ-LT-03 event=FILE_WRITE session=043d758185 path='~/src/observability/src/routes/status.ts' process=node status=SUCCESS
2026-08-19T13:05:47Z user=nora.singh host=SQ-LT-03 event=NETWORK_CONNECT session=043d758185 process=chrome destination=grafana.silverquill.internal dest_ip=10.18.4.18 dest_port=443 protocol=tcp status=SUCCESS
2026-08-19T13:07:12Z user=nora.singh host=SQ-LT-03 event=HEARTBEAT session=043d758185 agent=edr-7.4.2 status=SUCCESS
2026-08-19T13:09:32Z user=nora.singh host=SQ-LT-03 event=HEARTBEAT session=043d758185 agent=edr-7.4.2 status=SUCCESS
2026-08-19T13:21:22Z user=nora.singh host=SQ-LT-03 event=ANTIVIRUS_SCAN session=043d758185 engine=defender mode=realtime status=SUCCESS
2026-08-19T13:25:17Z user=nora.singh host=SQ-LT-03 event=FILE_OPEN session=043d758185 path='~/src/quill-admin/Dockerfile' process=code status=SUCCESS
2026-08-19T13:26:18Z user=nora.singh host=SQ-LT-03 event=FILE_WRITE session=043d758185 path='~/src/observability/README.md' process=npm status=SUCCESS
2026-08-19T13:30:54Z user=nora.singh host=SQ-LT-03 event=PROCESS_START session=043d758185 pid=10413 process=python3 executable=/usr/bin/python3 cwd='~/src/platform-tools' command='python3 scripts/check_release.py' status=SUCCESS
2026-08-19T13:32:23Z user=nora.singh host=SQ-LT-03 event=IDLE_CHECK session=043d758185 status=SUCCESS
2026-08-19T13:33:04Z user=nora.singh host=SQ-LT-03 event=FILE_WRITE session=043d758185 path='~/src/deploy-scripts/src/routes/health.ts' process=code status=SUCCESS
2026-08-19T13:34:46Z user=nora.singh host=SQ-LT-03 event=PROCESS_START session=043d758185 pid=18595 process=node executable=/usr/bin/node cwd='~/src/quill-admin' command='node ./dist/server.js' status=SUCCESS
2026-08-19T13:36:26Z user=nora.singh host=SQ-LT-03 event=ANTIVIRUS_SCAN session=043d758185 engine=defender mode=quick status=SUCCESS
2026-08-19T13:39:10Z user=nora.singh host=SQ-LT-03 event=USB_UNMOUNT session=043d758185 device=YubiKey-5C-NFC status=SUCCESS
2026-08-19T13:40:32Z user=nora.singh host=SQ-LT-03 event=TIME_SYNC session=043d758185 source=ntp.silverquill.internal status=SUCCESS
2026-08-19T13:40:55Z user=nora.singh host=SQ-LT-03 event=NETWORK_CONNECT session=043d758185 process=npm destination=grafana.silverquill.internal dest_ip=10.18.4.18 dest_port=443 protocol=tcp status=SUCCESS
2026-08-19T13:41:25Z user=nora.singh host=SQ-LT-03 event=PROCESS_START session=043d758185 pid=4326 process=chrome executable=/opt/google/chrome/chrome cwd='~/Downloads' status=SUCCESS
2026-08-19T13:43:01Z user=nora.singh host=SQ-LT-03 event=FILE_WRITE session=043d758185 path='~/src/platform-tools/package-lock.json' process=node status=SUCCESS
2026-08-19T13:45:34Z user=nora.singh host=SQ-LT-03 event=NETWORK_CONNECT session=043d758185 process=node destination=sso.silverquill.internal dest_ip=10.18.7.11 dest_port=443 protocol=tcp status=SUCCESS
2026-08-19T13:47:06Z user=nora.singh host=SQ-LT-03 event=PROCESS_START session=043d758185 pid=37680 process=slack executable=/usr/bin/slack cwd='~/src/quill-api' status=SUCCESS
2026-08-19T13:47:42Z user=nora.singh host=SQ-LT-03 event=FILE_OPEN session=043d758185 path='~/src/quill-admin/.github/workflows/ci.yml' process=code status=SUCCESS
2026-08-19T13:48:45Z user=nora.singh host=SQ-LT-03 event=TIME_SYNC session=043d758185 source=ntp.silverquill.internal status=SUCCESS
2026-08-19T13:54:48Z user=nora.singh host=SQ-LT-03 event=USB_UNMOUNT session=043d758185 device=YubiKey-5C-NFC status=SUCCESS
2026-08-19T13:58:50Z user=nora.singh host=SQ-LT-03 event=SCREEN_LOCK session=043d758185 status=SUCCESS
2026-08-19T13:58:52Z user=nora.singh host=SQ-LT-03 event=FILE_OPEN session=043d758185 path='~/src/observability/src/routes/status.ts' process=code status=SUCCESS
2026-08-19T14:00:34Z user=nora.singh host=SQ-LT-03 event=ANTIVIRUS_SCAN session=043d758185 engine=defender mode=quick status=SUCCESS
2026-08-19T14:01:42Z user=nora.singh host=SQ-LT-03 event=IDLE_CHECK session=043d758185 status=SUCCESS
2026-08-19T14:02:32Z user=nora.singh host=SQ-LT-03 event=PROCESS_START session=043d758185 pid=37126 process=bash executable=/usr/bin/bash cwd='~/src/quill-api' command='bash scripts/run-local.sh' status=SUCCESS
2026-08-19T14:04:28Z user=nora.singh host=SQ-LT-03 event=SCREEN_UNLOCK session=043d758185 method=fido2 status=SUCCESS
2026-08-19T14:08:45Z user=nora.singh host=SQ-LT-03 event=FILE_SYNC session=043d758185 target=corp-drive status=SUCCESS
2026-08-19T14:09:30Z user=nora.singh host=SQ-LT-03 event=FILE_OPEN session=043d758185 path='~/src/platform-tools/package.json' process=npm status=SUCCESS
2026-08-19T14:12:57Z user=nora.singh host=SQ-LT-03 event=FILE_SYNC session=043d758185 target=settings-roam status=SUCCESS
2026-08-19T14:14:56Z user=nora.singh host=SQ-LT-03 event=PROCESS_START session=043d758185 pid=44704 process=bash executable=/usr/bin/bash cwd='~/src/quill-api' command='bash scripts/test-health.sh' status=SUCCESS
2026-08-19T14:19:05Z user=nora.singh host=SQ-LT-03 event=PROCESS_START session=043d758185 pid=34995 process=node executable=/usr/bin/node cwd='~' command='node ./dist/server.js' status=SUCCESS
2026-08-19T14:19:28Z user=nora.singh host=SQ-LT-03 event=NETWORK_CONNECT session=043d758185 process=node destination=packages.silverquill.internal dest_ip=10.18.2.7 dest_port=443 protocol=tcp status=SUCCESS
2026-08-19T14:19:57Z user=nora.singh host=SQ-LT-03 event=TIME_SYNC session=043d758185 source=ntp.silverquill.internal status=SUCCESS
2026-08-19T14:29:57Z user=nora.singh host=SQ-LT-03 event=FILE_WRITE session=043d758185 path='~/src/quill-api/scripts/check-config.js' process=code status=SUCCESS
2026-08-19T14:31:42Z user=nora.singh host=SQ-LT-03 event=TIME_SYNC session=043d758185 source=ntp.silverquill.internal status=SUCCESS
2026-08-19T14:31:58Z user=nora.singh host=SQ-LT-03 event=PROCESS_START session=043d758185 pid=38249 process=slack executable=/usr/bin/slack cwd='~' status=SUCCESS
2026-08-19T14:33:05Z user=nora.singh host=SQ-LT-03 event=HEARTBEAT session=043d758185 agent=edr-7.4.2 status=SUCCESS
2026-08-19T14:38:06Z user=nora.singh host=SQ-LT-03 event=FILE_SYNC session=043d758185 target=settings-roam status=SUCCESS
2026-08-19T14:40:37Z user=nora.singh host=SQ-LT-03 event=FILE_OPEN session=043d758185 path='~/src/observability/scripts/release.sh' process=code status=SUCCESS
2026-08-19T14:41:48Z user=nora.singh host=SQ-LT-03 event=NETWORK_CONNECT session=043d758185 process=node destination=packages.silverquill.internal dest_ip=10.18.2.7 dest_port=443 protocol=tcp status=SUCCESS
2026-08-19T14:42:27Z user=nora.singh host=SQ-LT-03 event=SCREEN_LOCK session=043d758185 status=SUCCESS
2026-08-19T14:45:00Z user=nora.singh host=SQ-LT-03 event=FILE_OPEN session=043d758185 path='~/src/quill-api/src/routes/health.ts' process=python3 status=SUCCESS
2026-08-19T14:46:12Z user=nora.singh host=SQ-LT-03 event=NETWORK_CONNECT session=043d758185 process=code destination=ci.silverquill.internal dest_ip=10.18.5.9 dest_port=443 protocol=tcp status=SUCCESS
2026-08-19T14:47:45Z user=nora.singh host=SQ-LT-03 event=USB_MOUNT session=043d758185 device=YubiKey-5C-NFC status=SUCCESS
2026-08-19T14:48:19Z user=nora.singh host=SQ-LT-03 event=PROCESS_START session=043d758185 pid=46313 process=bash executable=/usr/bin/bash cwd='~/src/deploy-scripts' command='bash scripts/run-local.sh' status=SUCCESS
2026-08-19T14:49:49Z user=nora.singh host=SQ-LT-03 event=FILE_OPEN session=043d758185 path='~/src/platform-tools/src/services/metrics.ts' process=python3 status=SUCCESS
2026-08-19T14:50:18Z user=nora.singh host=SQ-LT-03 event=NETWORK_CONNECT session=043d758185 process=node destination=ci.silverquill.internal dest_ip=10.18.5.9 dest_port=443 protocol=tcp status=SUCCESS
2026-08-19T14:55:22Z user=nora.singh host=SQ-LT-03 event=SCREEN_UNLOCK session=043d758185 method=fido2 status=SUCCESS
2026-08-19T14:57:11Z user=nora.singh host=SQ-LT-03 event=FILE_WRITE session=043d758185 path='~/src/platform-tools/src/services/metrics.ts' process=python3 status=SUCCESS
2026-08-19T14:57:14Z user=nora.singh host=SQ-LT-03 event=ANTIVIRUS_SCAN session=043d758185 engine=defender mode=quick status=SUCCESS
2026-08-19T14:57:35Z user=nora.singh host=SQ-LT-03 event=USB_UNMOUNT session=043d758185 device=Logitech-Receiver status=SUCCESS
2026-08-19T14:58:37Z user=nora.singh host=SQ-LT-03 event=PROCESS_START session=043d758185 pid=22235 process=bash executable=/usr/bin/bash cwd='~/src/deploy-scripts' command='bash scripts/run-local.sh' status=SUCCESS
2026-08-19T14:59:58Z user=nora.singh host=SQ-LT-03 event=PROCESS_START session=043d758185 pid=43882 process=node executable=/usr/bin/node cwd='~/Downloads' command='node ./dist/server.js' status=SUCCESS
2026-08-19T15:01:26Z user=nora.singh host=SQ-LT-03 event=USB_MOUNT session=043d758185 device=Logitech-Receiver status=SUCCESS
2026-08-19T15:01:38Z user=nora.singh host=SQ-LT-03 event=TIME_SYNC session=043d758185 source=ntp.silverquill.internal status=SUCCESS
2026-08-19T15:03:15Z user=nora.singh host=SQ-LT-03 event=NETWORK_CONNECT session=043d758185 process=npm destination=ci.silverquill.internal dest_ip=10.18.5.9 dest_port=443 protocol=tcp status=SUCCESS
2026-08-19T15:04:42Z user=nora.singh host=SQ-LT-03 event=FILE_OPEN session=043d758185 path='~/src/platform-tools/README.md' process=python3 status=SUCCESS
2026-08-19T15:08:18Z user=nora.singh host=SQ-LT-03 event=PROCESS_START session=043d758185 pid=34761 process=python3 executable=/usr/bin/python3 cwd='~/src/deploy-scripts' command='python3 scripts/check_release.py' status=SUCCESS
2026-08-19T15:10:08Z user=nora.singh host=SQ-LT-03 event=IDLE_CHECK session=043d758185 status=SUCCESS
2026-08-19T15:13:22Z user=nora.singh host=SQ-LT-03 event=FILE_OPEN session=043d758185 path='~/src/deploy-scripts/src/services/deploy.ts' process=node status=SUCCESS
2026-08-19T15:14:00Z user=nora.singh host=SQ-LT-03 event=FILE_OPEN session=043d758185 path='~/src/quill-api/package-lock.json' process=node status=SUCCESS
2026-08-19T15:28:45Z user=nora.singh host=SQ-LT-03 event=FILE_SYNC session=043d758185 target=corp-drive status=SUCCESS
2026-08-19T15:38:27Z user=nora.singh host=SQ-LT-03 event=PROCESS_START session=043d758185 pid=11727 process=code executable=/usr/share/code/code cwd='~/src/deploy-scripts' status=SUCCESS
2026-08-19T15:39:15Z user=nora.singh host=SQ-LT-03 event=FILE_WRITE session=043d758185 path='~/src/deploy-scripts/README.md' process=npm status=SUCCESS
2026-08-19T15:42:42Z user=nora.singh host=SQ-LT-03 event=FILE_OPEN session=043d758185 path='~/src/observability/src/routes/status.ts' process=python3 status=SUCCESS
2026-08-19T15:48:21Z user=nora.singh host=SQ-LT-03 event=TIME_SYNC session=043d758185 source=ntp.silverquill.internal status=SUCCESS
2026-08-19T15:52:50Z user=nora.singh host=SQ-LT-03 event=PROCESS_START session=043d758185 pid=15805 process=node executable=/usr/bin/node cwd='~/Downloads' command='node ./dist/server.js' status=SUCCESS
2026-08-19T15:58:29Z user=nora.singh host=SQ-LT-03 event=NETWORK_CONNECT session=043d758185 process=node destination=grafana.silverquill.internal dest_ip=10.18.4.18 dest_port=443 protocol=tcp status=SUCCESS
2026-08-19T15:59:21Z user=nora.singh host=SQ-LT-03 event=PROCESS_START session=043d758185 pid=39682 process=python3 executable=/usr/bin/python3 cwd='~/src/quill-api' command='python3 scripts/check_release.py' status=SUCCESS
2026-08-19T16:02:03Z user=nora.singh host=SQ-LT-03 event=FILE_OPEN session=043d758185 path='~/src/observability/src/routes/status.ts' process=node status=SUCCESS
2026-08-19T16:12:04Z user=nora.singh host=SQ-LT-03 event=TIME_SYNC session=043d758185 source=ntp.silverquill.internal status=SUCCESS
2026-08-19T16:12:43Z user=nora.singh host=SQ-LT-03 event=EDR_HEALTH session=043d758185 sensor=healthy status=SUCCESS
2026-08-19T16:14:58Z user=nora.singh host=SQ-LT-03 event=VPN_DISCONNECT session=043d758185 profile=corp-vpn status=SUCCESS
2026-08-19T16:16:25Z user=nora.singh host=SQ-LT-03 event=PROCESS_START session=043d758185 pid=2853 process=chrome executable=/opt/google/chrome/chrome cwd='~/src/platform-tools' status=SUCCESS
2026-08-19T16:18:55Z user=nora.singh host=SQ-LT-03 event=HEARTBEAT session=043d758185 agent=edr-7.4.2 status=SUCCESS
2026-08-19T16:20:49Z user=nora.singh host=SQ-LT-03 event=LOGOUT session=043d758185 status=SUCCESS
2026-08-19T16:27:59Z host=SQ-LT-03 event=POWER_OFF login=none status=SUCCESS
2026-08-20T08:02:03Z host=SQ-LT-03 event=SYSTEM_BOOT boot_id=b5f5562355 status=SUCCESS
2026-08-20T08:05:13Z user=nora.singh host=SQ-LT-03 event=LOGIN session=efe0b71db6 method=password+fido2 status=SUCCESS
2026-08-20T08:06:24Z user=nora.singh host=SQ-LT-03 event=PACKAGE_UPDATE session=efe0b71db6 package=python3 status=SUCCESS
2026-08-20T08:07:47Z user=nora.singh host=SQ-LT-03 event=PROCESS_START session=efe0b71db6 pid=35277 process=python3 executable=/usr/bin/python3 cwd='~/src/deploy-scripts' command='python3 scripts/report_health.py' status=SUCCESS
2026-08-20T08:10:24Z user=nora.singh host=SQ-LT-03 event=VPN_CONNECT session=efe0b71db6 profile=corp-vpn gateway=vpn-blr-02 status=SUCCESS
2026-08-20T08:18:24Z user=nora.singh host=SQ-LT-03 event=USB_MOUNT session=efe0b71db6 device=YubiKey-5C-NFC status=SUCCESS
2026-08-20T08:19:39Z user=nora.singh host=SQ-LT-03 event=FILE_WRITE session=efe0b71db6 path='~/src/deploy-scripts/scripts/release.sh' process=npm status=SUCCESS
2026-08-20T08:24:39Z user=nora.singh host=SQ-LT-03 event=PROCESS_START session=efe0b71db6 pid=4763 process=slack executable=/usr/bin/slack cwd='~/src/quill-admin' status=SUCCESS
2026-08-20T08:29:44Z user=nora.singh host=SQ-LT-03 event=FILE_WRITE session=efe0b71db6 path='~/src/deploy-scripts/Dockerfile' process=node status=SUCCESS
2026-08-20T08:31:21Z user=nora.singh host=SQ-LT-03 event=PROCESS_START session=efe0b71db6 pid=23081 process=code executable=/usr/share/code/code cwd='~/Downloads' status=SUCCESS
2026-08-20T08:33:55Z user=nora.singh host=SQ-LT-03 event=PROCESS_START session=efe0b71db6 pid=60600 process=bash executable=/usr/bin/bash cwd='~/src/quill-admin' command='bash scripts/test-health.sh' status=SUCCESS
2026-08-20T08:34:58Z user=nora.singh host=SQ-LT-03 event=FILE_OPEN session=efe0b71db6 path='~/src/deploy-scripts/src/routes/status.ts' process=code status=SUCCESS
2026-08-20T08:35:16Z user=nora.singh host=SQ-LT-03 event=PROCESS_START session=efe0b71db6 pid=37962 process=npm executable=/usr/bin/npm cwd='~' command='npm ci' status=SUCCESS
2026-08-20T08:36:38Z user=nora.singh host=SQ-LT-03 event=FILE_OPEN session=efe0b71db6 path='~/src/quill-api/src/routes/status.ts' process=npm status=SUCCESS
2026-08-20T08:40:34Z user=nora.singh host=SQ-LT-03 event=NETWORK_CONNECT session=efe0b71db6 process=npm destination=registry.silverquill.internal dest_ip=10.18.3.12 dest_port=443 protocol=tcp status=SUCCESS
2026-08-20T08:41:29Z user=nora.singh host=SQ-LT-03 event=EDR_HEALTH session=efe0b71db6 sensor=healthy status=SUCCESS
2026-08-20T08:43:42Z user=nora.singh host=SQ-LT-03 event=EDR_HEALTH session=efe0b71db6 sensor=healthy status=SUCCESS
2026-08-20T08:51:44Z user=nora.singh host=SQ-LT-03 event=PROCESS_START session=efe0b71db6 pid=31791 process=bash executable=/usr/bin/bash cwd='~/src/quill-admin' command='bash scripts/run-local.sh' status=SUCCESS
2026-08-20T08:52:00Z user=nora.singh host=SQ-LT-03 event=FILE_WRITE session=efe0b71db6 path='~/src/platform-tools/src/services/deploy.ts' process=npm status=SUCCESS
2026-08-20T08:52:27Z user=nora.singh host=SQ-LT-03 event=ANTIVIRUS_SCAN session=efe0b71db6 engine=defender mode=realtime status=SUCCESS
2026-08-20T08:54:27Z user=nora.singh host=SQ-LT-03 event=NETWORK_CONNECT session=efe0b71db6 process=npm destination=packages.silverquill.internal dest_ip=10.18.2.7 dest_port=443 protocol=tcp status=SUCCESS
2026-08-20T08:56:52Z user=nora.singh host=SQ-LT-03 event=POLICY_REFRESH session=efe0b71db6 policy=endpoint-standard-v6 status=SUCCESS
2026-08-20T08:57:47Z user=nora.singh host=SQ-LT-03 event=NETWORK_CONNECT session=efe0b71db6 process=python3 destination=registry.silverquill.internal dest_ip=10.18.3.12 dest_port=443 protocol=tcp status=SUCCESS
2026-08-20T09:00:13Z user=nora.singh host=SQ-LT-03 event=HEARTBEAT session=efe0b71db6 agent=edr-7.4.2 status=SUCCESS
2026-08-20T09:02:01Z user=nora.singh host=SQ-LT-03 event=POLICY_REFRESH session=efe0b71db6 policy=endpoint-standard-v6 status=SUCCESS
2026-08-20T09:04:06Z user=nora.singh host=SQ-LT-03 event=POLICY_REFRESH session=efe0b71db6 policy=endpoint-standard-v6 status=SUCCESS
2026-08-20T09:08:46Z user=nora.singh host=SQ-LT-03 event=NETWORK_CONNECT session=efe0b71db6 process=code destination=ci.silverquill.internal dest_ip=10.18.5.9 dest_port=443 protocol=tcp status=SUCCESS
2026-08-20T09:09:33Z user=nora.singh host=SQ-LT-03 event=EDR_HEALTH session=efe0b71db6 sensor=healthy status=SUCCESS
2026-08-20T09:10:37Z user=nora.singh host=SQ-LT-03 event=TIME_SYNC session=efe0b71db6 source=ntp.silverquill.internal status=SUCCESS
2026-08-20T09:13:41Z user=nora.singh host=SQ-LT-03 event=TIME_SYNC session=efe0b71db6 source=ntp.silverquill.internal status=SUCCESS
2026-08-20T09:20:02Z user=nora.singh host=SQ-LT-03 event=FILE_WRITE session=efe0b71db6 path='~/src/observability/package.json' process=node status=SUCCESS
2026-08-20T09:20:41Z user=nora.singh host=SQ-LT-03 event=USB_UNMOUNT session=efe0b71db6 device=Logitech-Receiver status=SUCCESS
2026-08-20T09:24:04Z user=nora.singh host=SQ-LT-03 event=POLICY_REFRESH session=efe0b71db6 policy=endpoint-standard-v6 status=SUCCESS
2026-08-20T09:26:25Z user=nora.singh host=SQ-LT-03 event=POLICY_REFRESH session=efe0b71db6 policy=endpoint-standard-v6 status=SUCCESS
2026-08-20T09:26:32Z user=nora.singh host=SQ-LT-03 event=IDLE_CHECK session=efe0b71db6 status=SUCCESS
2026-08-20T09:27:33Z user=nora.singh host=SQ-LT-03 event=FILE_WRITE session=efe0b71db6 path='~/src/observability/scripts/release.sh' process=node status=SUCCESS
2026-08-20T09:27:54Z user=nora.singh host=SQ-LT-03 event=PROCESS_START session=efe0b71db6 pid=43527 process=npm executable=/usr/bin/npm cwd='~/src/quill-admin' command='npm run lint' status=SUCCESS
2026-08-20T09:32:24Z user=nora.singh host=SQ-LT-03 event=PROCESS_START session=efe0b71db6 pid=29799 process=code executable=/usr/share/code/code cwd='~/src/deploy-scripts' status=SUCCESS
2026-08-20T09:35:58Z user=nora.singh host=SQ-LT-03 event=USB_MOUNT session=efe0b71db6 device=Logitech-Receiver status=SUCCESS
2026-08-20T09:37:05Z user=nora.singh host=SQ-LT-03 event=SCREEN_LOCK session=efe0b71db6 status=SUCCESS
2026-08-20T09:39:36Z user=nora.singh host=SQ-LT-03 event=PACKAGE_UPDATE session=efe0b71db6 package=python3 status=SUCCESS
2026-08-20T09:41:12Z user=nora.singh host=SQ-LT-03 event=SCREEN_UNLOCK session=efe0b71db6 method=fido2 status=SUCCESS
2026-08-20T09:42:17Z user=nora.singh host=SQ-LT-03 event=HEARTBEAT session=efe0b71db6 agent=edr-7.4.2 status=SUCCESS
2026-08-20T09:43:39Z user=nora.singh host=SQ-LT-03 event=NETWORK_CONNECT session=efe0b71db6 process=python3 destination=sso.silverquill.internal dest_ip=10.18.7.11 dest_port=443 protocol=tcp status=SUCCESS
2026-08-20T09:51:20Z user=nora.singh host=SQ-LT-03 event=FILE_WRITE session=efe0b71db6 path='~/src/quill-api/README.md' process=python3 status=SUCCESS
2026-08-20T09:51:41Z user=nora.singh host=SQ-LT-03 event=NETWORK_CONNECT session=efe0b71db6 process=chrome destination=grafana.silverquill.internal dest_ip=10.18.4.18 dest_port=443 protocol=tcp status=SUCCESS
2026-08-20T09:56:55Z user=nora.singh host=SQ-LT-03 event=ANTIVIRUS_SCAN session=efe0b71db6 engine=defender mode=quick status=SUCCESS
2026-08-20T09:57:30Z user=nora.singh host=SQ-LT-03 event=TIME_SYNC session=efe0b71db6 source=ntp.silverquill.internal status=SUCCESS
2026-08-20T09:58:40Z user=nora.singh host=SQ-LT-03 event=HEARTBEAT session=efe0b71db6 agent=edr-7.4.2 status=SUCCESS
2026-08-20T10:02:08Z user=nora.singh host=SQ-LT-03 event=HEARTBEAT session=efe0b71db6 agent=edr-7.4.2 status=SUCCESS
2026-08-20T10:06:13Z user=nora.singh host=SQ-LT-03 event=NETWORK_CONNECT session=efe0b71db6 process=code destination=grafana.silverquill.internal dest_ip=10.18.4.18 dest_port=443 protocol=tcp status=SUCCESS
2026-08-20T10:06:34Z user=nora.singh host=SQ-LT-03 event=ANTIVIRUS_SCAN session=efe0b71db6 engine=defender mode=realtime status=SUCCESS
2026-08-20T10:07:16Z user=nora.singh host=SQ-LT-03 event=NETWORK_CONNECT session=efe0b71db6 process=npm destination=docs.silverquill.internal dest_ip=10.18.6.14 dest_port=443 protocol=tcp status=SUCCESS
2026-08-20T10:09:30Z user=nora.singh host=SQ-LT-03 event=POLICY_REFRESH session=efe0b71db6 policy=endpoint-standard-v6 status=SUCCESS
2026-08-20T10:12:19Z user=nora.singh host=SQ-LT-03 event=NETWORK_CONNECT session=efe0b71db6 process=code destination=docs.silverquill.internal dest_ip=10.18.6.14 dest_port=443 protocol=tcp status=SUCCESS
2026-08-20T10:14:39Z user=nora.singh host=SQ-LT-03 event=PROCESS_START session=efe0b71db6 pid=40878 process=slack executable=/usr/bin/slack cwd='~/src/quill-api' status=SUCCESS
2026-08-20T10:15:32Z user=nora.singh host=SQ-LT-03 event=ANTIVIRUS_SCAN session=efe0b71db6 engine=defender mode=realtime status=SUCCESS
2026-08-20T10:18:30Z user=nora.singh host=SQ-LT-03 event=PROCESS_START session=efe0b71db6 pid=32023 process=slack executable=/usr/bin/slack cwd='~/src/deploy-scripts' status=SUCCESS
2026-08-20T10:20:22Z user=nora.singh host=SQ-LT-03 event=FILE_WRITE session=efe0b71db6 path='~/src/platform-tools/scripts/check-config.js' process=npm status=SUCCESS
2026-08-20T10:28:57Z user=nora.singh host=SQ-LT-03 event=NETWORK_CONNECT session=efe0b71db6 process=code destination=grafana.silverquill.internal dest_ip=10.18.4.18 dest_port=443 protocol=tcp status=SUCCESS
2026-08-20T10:31:25Z user=nora.singh host=SQ-LT-03 event=PROCESS_START session=efe0b71db6 pid=6154 process=npm executable=/usr/bin/npm cwd='~/src/platform-tools' command='npm ci' status=SUCCESS
2026-08-20T10:33:01Z user=nora.singh host=SQ-LT-03 event=POLICY_REFRESH session=efe0b71db6 policy=endpoint-standard-v6 status=SUCCESS
2026-08-20T10:35:21Z user=nora.singh host=SQ-LT-03 event=PROCESS_START session=efe0b71db6 pid=21551 process=bash executable=/usr/bin/bash cwd='~/Downloads' command='bash scripts/check-env.sh' status=SUCCESS
2026-08-20T10:37:08Z user=nora.singh host=SQ-LT-03 event=ANTIVIRUS_SCAN session=efe0b71db6 engine=defender mode=quick status=SUCCESS
2026-08-20T10:40:27Z user=nora.singh host=SQ-LT-03 event=HEARTBEAT session=efe0b71db6 agent=edr-7.4.2 status=SUCCESS
2026-08-20T10:42:39Z user=nora.singh host=SQ-LT-03 event=FILE_OPEN session=efe0b71db6 path='~/src/platform-tools/src/config.ts' process=npm status=SUCCESS
2026-08-20T10:47:16Z user=nora.singh host=SQ-LT-03 event=FILE_WRITE session=efe0b71db6 path='~/src/platform-tools/src/services/metrics.ts' process=npm status=SUCCESS
2026-08-20T10:50:20Z user=nora.singh host=SQ-LT-03 event=HEARTBEAT session=efe0b71db6 agent=edr-7.4.2 status=SUCCESS
2026-08-20T10:55:30Z user=nora.singh host=SQ-LT-03 event=NETWORK_CONNECT session=efe0b71db6 process=node destination=docs.silverquill.internal dest_ip=10.18.6.14 dest_port=443 protocol=tcp status=SUCCESS
2026-08-20T10:56:57Z user=nora.singh host=SQ-LT-03 event=EDR_HEALTH session=efe0b71db6 sensor=healthy status=SUCCESS
2026-08-20T10:58:17Z user=nora.singh host=SQ-LT-03 event=NETWORK_CONNECT session=efe0b71db6 process=npm destination=packages.silverquill.internal dest_ip=10.18.2.7 dest_port=443 protocol=tcp status=SUCCESS
2026-08-20T10:58:48Z user=nora.singh host=SQ-LT-03 event=PROCESS_START session=efe0b71db6 pid=10027 process=npm executable=/usr/bin/npm cwd='~/src/quill-admin' command='npm run lint' status=SUCCESS
2026-08-20T10:58:54Z user=nora.singh host=SQ-LT-03 event=PACKAGE_UPDATE session=efe0b71db6 package=nodejs status=SUCCESS
2026-08-20T11:02:10Z user=nora.singh host=SQ-LT-03 event=FILE_WRITE session=efe0b71db6 path='~/src/deploy-scripts/scripts/release.sh' process=node status=SUCCESS
2026-08-20T11:03:03Z user=nora.singh host=SQ-LT-03 event=NETWORK_CONNECT session=efe0b71db6 process=npm destination=grafana.silverquill.internal dest_ip=10.18.4.18 dest_port=443 protocol=tcp status=SUCCESS
2026-08-20T11:12:18Z user=nora.singh host=SQ-LT-03 event=NETWORK_CONNECT session=efe0b71db6 process=python3 destination=grafana.silverquill.internal dest_ip=10.18.4.18 dest_port=443 protocol=tcp status=SUCCESS
2026-08-20T11:13:00Z user=nora.singh host=SQ-LT-03 event=FILE_SYNC session=efe0b71db6 target=settings-roam status=SUCCESS
2026-08-20T11:15:20Z user=nora.singh host=SQ-LT-03 event=FILE_WRITE session=efe0b71db6 path='~/src/observability/src/routes/status.ts' process=python3 status=SUCCESS
2026-08-20T11:20:30Z user=nora.singh host=SQ-LT-03 event=FILE_OPEN session=efe0b71db6 path='~/src/deploy-scripts/src/services/deploy.ts' process=node status=SUCCESS
2026-08-20T11:24:03Z user=nora.singh host=SQ-LT-03 event=TIME_SYNC session=efe0b71db6 source=ntp.silverquill.internal status=SUCCESS
2026-08-20T11:24:28Z user=nora.singh host=SQ-LT-03 event=FILE_SYNC session=efe0b71db6 target=corp-drive status=SUCCESS
2026-08-20T11:31:46Z user=nora.singh host=SQ-LT-03 event=PROCESS_START session=efe0b71db6 pid=61266 process=python3 executable=/usr/bin/python3 cwd='~/src/deploy-scripts' command='python3 scripts/audit_config.py' status=SUCCESS
2026-08-20T11:40:25Z user=nora.singh host=SQ-LT-03 event=PROCESS_START session=efe0b71db6 pid=22347 process=slack executable=/usr/bin/slack cwd='~/src/observability' status=SUCCESS
2026-08-20T11:41:29Z user=nora.singh host=SQ-LT-03 event=FILE_WRITE session=efe0b71db6 path='~/src/observability/Dockerfile' process=code status=SUCCESS
2026-08-20T11:42:53Z user=nora.singh host=SQ-LT-03 event=IDLE_CHECK session=efe0b71db6 status=SUCCESS
2026-08-20T11:53:20Z user=nora.singh host=SQ-LT-03 event=FILE_OPEN session=efe0b71db6 path='~/src/quill-admin/src/config.ts' process=npm status=SUCCESS
2026-08-20T11:59:06Z user=nora.singh host=SQ-LT-03 event=NETWORK_CONNECT session=efe0b71db6 process=chrome destination=packages.silverquill.internal dest_ip=10.18.2.7 dest_port=443 protocol=tcp status=SUCCESS
2026-08-20T12:00:07Z user=nora.singh host=SQ-LT-03 event=PROCESS_START session=efe0b71db6 pid=7309 process=code executable=/usr/share/code/code cwd='~/src/deploy-scripts' status=SUCCESS
2026-08-20T12:01:39Z user=nora.singh host=SQ-LT-03 event=HEARTBEAT session=efe0b71db6 agent=edr-7.4.2 status=SUCCESS
2026-08-20T12:26:50Z user=nora.singh host=SQ-LT-03 event=FILE_SYNC session=efe0b71db6 target=corp-drive status=SUCCESS
2026-08-20T12:29:25Z user=nora.singh host=SQ-LT-03 event=PRINT_JOB session=efe0b71db6 printer=sq-floor3-mfp pages=9 status=SUCCESS
2026-08-20T12:30:32Z user=nora.singh host=SQ-LT-03 event=TIME_SYNC session=efe0b71db6 source=ntp.silverquill.internal status=SUCCESS
2026-08-20T12:33:24Z user=nora.singh host=SQ-LT-03 event=PRINT_JOB session=efe0b71db6 printer=sq-floor3-mfp pages=1 status=SUCCESS
2026-08-20T12:37:13Z user=nora.singh host=SQ-LT-03 event=FILE_OPEN session=efe0b71db6 path='~/src/quill-api/src/config.ts' process=code status=SUCCESS
2026-08-20T12:37:39Z user=nora.singh host=SQ-LT-03 event=PROCESS_START session=efe0b71db6 pid=17821 process=bash executable=/usr/bin/bash cwd='~/src/observability' command='bash scripts/test-health.sh' status=SUCCESS
2026-08-20T12:39:37Z user=nora.singh host=SQ-LT-03 event=PROCESS_START session=efe0b71db6 pid=42170 process=code executable=/usr/share/code/code cwd='~/src/quill-admin' status=SUCCESS
2026-08-20T12:47:29Z user=nora.singh host=SQ-LT-03 event=PRINT_JOB session=efe0b71db6 printer=sq-floor3-mfp pages=3 status=SUCCESS
2026-08-20T12:47:49Z user=nora.singh host=SQ-LT-03 event=FILE_WRITE session=efe0b71db6 path='~/src/deploy-scripts/scripts/release.sh' process=code status=SUCCESS
2026-08-20T12:48:33Z user=nora.singh host=SQ-LT-03 event=TIME_SYNC session=efe0b71db6 source=ntp.silverquill.internal status=SUCCESS
2026-08-20T12:50:40Z user=nora.singh host=SQ-LT-03 event=NETWORK_CONNECT session=efe0b71db6 process=npm destination=packages.silverquill.internal dest_ip=10.18.2.7 dest_port=443 protocol=tcp status=SUCCESS
2026-08-20T12:55:23Z user=nora.singh host=SQ-LT-03 event=FILE_SYNC session=efe0b71db6 target=settings-roam status=SUCCESS
2026-08-20T12:58:28Z user=nora.singh host=SQ-LT-03 event=ANTIVIRUS_SCAN session=efe0b71db6 engine=defender mode=realtime status=SUCCESS
2026-08-20T12:59:37Z user=nora.singh host=SQ-LT-03 event=PROCESS_START session=efe0b71db6 pid=5635 process=bash executable=/usr/bin/bash cwd='~/src/observability' command='bash scripts/test-health.sh' status=SUCCESS
2026-08-20T13:03:22Z user=nora.singh host=SQ-LT-03 event=SCREEN_LOCK session=efe0b71db6 status=SUCCESS
2026-08-20T13:03:52Z user=nora.singh host=SQ-LT-03 event=HEARTBEAT session=efe0b71db6 agent=edr-7.4.2 status=SUCCESS
2026-08-20T13:04:57Z user=nora.singh host=SQ-LT-03 event=FILE_WRITE session=efe0b71db6 path='~/src/platform-tools/src/services/deploy.ts' process=npm status=SUCCESS
2026-08-20T13:11:14Z user=nora.singh host=SQ-LT-03 event=FILE_WRITE session=efe0b71db6 path='~/src/observability/src/routes/status.ts' process=node status=SUCCESS
2026-08-20T13:11:50Z user=nora.singh host=SQ-LT-03 event=IDLE_CHECK session=efe0b71db6 status=SUCCESS
2026-08-20T13:14:10Z user=nora.singh host=SQ-LT-03 event=IDLE_CHECK session=efe0b71db6 status=SUCCESS
2026-08-20T13:17:48Z user=nora.singh host=SQ-LT-03 event=NETWORK_CONNECT session=efe0b71db6 process=code destination=docs.silverquill.internal dest_ip=10.18.6.14 dest_port=443 protocol=tcp status=SUCCESS
2026-08-20T13:19:40Z user=nora.singh host=SQ-LT-03 event=FILE_OPEN session=efe0b71db6 path='~/src/deploy-scripts/.github/workflows/ci.yml' process=node status=SUCCESS
2026-08-20T13:24:17Z user=nora.singh host=SQ-LT-03 event=IDLE_CHECK session=efe0b71db6 status=SUCCESS
2026-08-20T13:24:28Z user=nora.singh host=SQ-LT-03 event=NETWORK_CONNECT session=efe0b71db6 process=node destination=jira.silverquill.internal dest_ip=10.18.1.21 dest_port=443 protocol=tcp status=SUCCESS
2026-08-20T13:24:54Z user=nora.singh host=SQ-LT-03 event=FILE_WRITE session=efe0b71db6 path='~/src/quill-api/src/config.ts' process=code status=SUCCESS
2026-08-20T13:28:08Z user=nora.singh host=SQ-LT-03 event=NETWORK_CONNECT session=efe0b71db6 process=chrome destination=grafana.silverquill.internal dest_ip=10.18.4.18 dest_port=443 protocol=tcp status=SUCCESS
2026-08-20T13:28:49Z user=nora.singh host=SQ-LT-03 event=POLICY_REFRESH session=efe0b71db6 policy=endpoint-standard-v6 status=SUCCESS
2026-08-20T13:28:51Z user=nora.singh host=SQ-LT-03 event=SCREEN_UNLOCK session=efe0b71db6 method=fido2 status=SUCCESS
2026-08-20T13:29:34Z user=nora.singh host=SQ-LT-03 event=FILE_WRITE session=efe0b71db6 path='~/src/quill-api/src/services/deploy.ts' process=python3 status=SUCCESS
2026-08-20T13:30:53Z user=nora.singh host=SQ-LT-03 event=ANTIVIRUS_SCAN session=efe0b71db6 engine=defender mode=realtime status=SUCCESS
2026-08-20T13:35:28Z user=nora.singh host=SQ-LT-03 event=HEARTBEAT session=efe0b71db6 agent=edr-7.4.2 status=SUCCESS
2026-08-20T13:36:29Z user=nora.singh host=SQ-LT-03 event=SCREEN_LOCK session=efe0b71db6 status=SUCCESS
2026-08-20T13:38:35Z user=nora.singh host=SQ-LT-03 event=PROCESS_START session=efe0b71db6 pid=16406 process=slack executable=/usr/bin/slack cwd='~/src/deploy-scripts' status=SUCCESS
2026-08-20T13:38:44Z user=nora.singh host=SQ-LT-03 event=NETWORK_CONNECT session=efe0b71db6 process=node destination=ci.silverquill.internal dest_ip=10.18.5.9 dest_port=443 protocol=tcp status=SUCCESS
2026-08-20T13:42:32Z user=nora.singh host=SQ-LT-03 event=PROCESS_START session=efe0b71db6 pid=50485 process=chrome executable=/opt/google/chrome/chrome cwd='~' status=SUCCESS
2026-08-20T13:43:53Z user=nora.singh host=SQ-LT-03 event=ANTIVIRUS_SCAN session=efe0b71db6 engine=defender mode=realtime status=SUCCESS
2026-08-20T13:44:52Z user=nora.singh host=SQ-LT-03 event=PROCESS_START session=efe0b71db6 pid=25403 process=bash executable=/usr/bin/bash cwd='~/src/quill-admin' command='bash scripts/test-health.sh' status=SUCCESS
2026-08-20T13:47:58Z user=nora.singh host=SQ-LT-03 event=SCREEN_UNLOCK session=efe0b71db6 method=fido2 status=SUCCESS
2026-08-20T13:48:48Z user=nora.singh host=SQ-LT-03 event=IDLE_CHECK session=efe0b71db6 status=SUCCESS
2026-08-20T13:50:07Z user=nora.singh host=SQ-LT-03 event=PROCESS_START session=efe0b71db6 pid=35700 process=slack executable=/usr/bin/slack cwd='~/src/observability' status=SUCCESS
2026-08-20T13:53:07Z user=nora.singh host=SQ-LT-03 event=PROCESS_START session=efe0b71db6 pid=18296 process=chrome executable=/opt/google/chrome/chrome cwd='~/src/platform-tools' status=SUCCESS
2026-08-20T13:56:32Z user=nora.singh host=SQ-LT-03 event=FILE_OPEN session=efe0b71db6 path='~/src/observability/src/services/deploy.ts' process=npm status=SUCCESS
2026-08-20T13:57:16Z user=nora.singh host=SQ-LT-03 event=PROCESS_START session=efe0b71db6 pid=4542 process=bash executable=/usr/bin/bash cwd='~/src/platform-tools' command='bash scripts/run-local.sh' status=SUCCESS
2026-08-20T14:07:33Z user=nora.singh host=SQ-LT-03 event=PROCESS_START session=efe0b71db6 pid=43214 process=bash executable=/usr/bin/bash cwd='~' command='bash scripts/run-local.sh' status=SUCCESS
2026-08-20T14:08:07Z user=nora.singh host=SQ-LT-03 event=PROCESS_START session=efe0b71db6 pid=49567 process=bash executable=/usr/bin/bash cwd='~/src/quill-api' command='bash scripts/check-env.sh' status=SUCCESS
2026-08-20T14:08:43Z user=nora.singh host=SQ-LT-03 event=PACKAGE_UPDATE session=efe0b71db6 package=code status=SUCCESS
2026-08-20T14:09:24Z user=nora.singh host=SQ-LT-03 event=PROCESS_START session=efe0b71db6 pid=40184 process=code executable=/usr/share/code/code cwd='~/src/observability' status=SUCCESS
2026-08-20T14:09:27Z user=nora.singh host=SQ-LT-03 event=FILE_OPEN session=efe0b71db6 path='~/src/quill-api/.github/workflows/ci.yml' process=node status=SUCCESS
2026-08-20T14:12:59Z user=nora.singh host=SQ-LT-03 event=FILE_WRITE session=efe0b71db6 path='~/src/observability/.github/workflows/ci.yml' process=npm status=SUCCESS
2026-08-20T14:13:51Z user=nora.singh host=SQ-LT-03 event=SCREEN_LOCK session=efe0b71db6 status=SUCCESS
2026-08-20T14:20:22Z user=nora.singh host=SQ-LT-03 event=PROCESS_START session=efe0b71db6 pid=23166 process=node executable=/usr/bin/node cwd='~/src/quill-admin' command='node ./scripts/check-config.js' status=SUCCESS
2026-08-20T14:30:15Z user=nora.singh host=SQ-LT-03 event=FILE_WRITE session=efe0b71db6 path='~/src/deploy-scripts/package-lock.json' process=npm status=SUCCESS
2026-08-20T14:33:01Z user=nora.singh host=SQ-LT-03 event=PRINT_JOB session=efe0b71db6 printer=sq-floor3-mfp pages=1 status=SUCCESS
2026-08-20T14:36:43Z user=nora.singh host=SQ-LT-03 event=SCREEN_UNLOCK session=efe0b71db6 method=fido2 status=SUCCESS
2026-08-20T14:38:10Z user=nora.singh host=SQ-LT-03 event=EDR_HEALTH session=efe0b71db6 sensor=healthy status=SUCCESS
2026-08-20T14:45:45Z user=nora.singh host=SQ-LT-03 event=NETWORK_CONNECT session=efe0b71db6 process=npm destination=registry.silverquill.internal dest_ip=10.18.3.12 dest_port=443 protocol=tcp status=SUCCESS
2026-08-20T14:54:02Z user=nora.singh host=SQ-LT-03 event=PROCESS_START session=efe0b71db6 pid=16311 process=chrome executable=/opt/google/chrome/chrome cwd='~/Downloads' status=SUCCESS
2026-08-20T14:54:23Z user=nora.singh host=SQ-LT-03 event=FILE_WRITE session=efe0b71db6 path='~/src/quill-admin/src/services/deploy.ts' process=npm status=SUCCESS
2026-08-20T14:55:44Z user=nora.singh host=SQ-LT-03 event=FILE_WRITE session=efe0b71db6 path='~/src/platform-tools/.github/workflows/ci.yml' process=python3 status=SUCCESS
2026-08-20T14:57:52Z user=nora.singh host=SQ-LT-03 event=HEARTBEAT session=efe0b71db6 agent=edr-7.4.2 status=SUCCESS
2026-08-20T14:59:41Z user=nora.singh host=SQ-LT-03 event=IDLE_CHECK session=efe0b71db6 status=SUCCESS
2026-08-20T14:59:54Z user=nora.singh host=SQ-LT-03 event=NETWORK_CONNECT session=efe0b71db6 process=node destination=grafana.silverquill.internal dest_ip=10.18.4.18 dest_port=443 protocol=tcp status=SUCCESS
2026-08-20T15:01:21Z user=nora.singh host=SQ-LT-03 event=NETWORK_CONNECT session=efe0b71db6 process=python3 destination=registry.silverquill.internal dest_ip=10.18.3.12 dest_port=443 protocol=tcp status=SUCCESS
2026-08-20T15:02:18Z user=nora.singh host=SQ-LT-03 event=POLICY_REFRESH session=efe0b71db6 policy=endpoint-standard-v6 status=SUCCESS
2026-08-20T15:05:11Z user=nora.singh host=SQ-LT-03 event=POLICY_REFRESH session=efe0b71db6 policy=endpoint-standard-v6 status=SUCCESS
2026-08-20T15:09:51Z user=nora.singh host=SQ-LT-03 event=HEARTBEAT session=efe0b71db6 agent=edr-7.4.2 status=SUCCESS
2026-08-20T15:12:08Z user=nora.singh host=SQ-LT-03 event=HEARTBEAT session=efe0b71db6 agent=edr-7.4.2 status=SUCCESS
2026-08-20T15:14:09Z user=nora.singh host=SQ-LT-03 event=FILE_OPEN session=efe0b71db6 path='~/src/deploy-scripts/package.json' process=code status=SUCCESS
2026-08-20T15:16:27Z user=nora.singh host=SQ-LT-03 event=NETWORK_CONNECT session=efe0b71db6 process=npm destination=docs.silverquill.internal dest_ip=10.18.6.14 dest_port=443 protocol=tcp status=SUCCESS
2026-08-20T15:19:01Z user=nora.singh host=SQ-LT-03 event=PROCESS_START session=efe0b71db6 pid=18048 process=bash executable=/usr/bin/bash cwd='~/src/deploy-scripts' command='bash scripts/run-local.sh' status=SUCCESS
2026-08-20T15:19:27Z user=nora.singh host=SQ-LT-03 event=NETWORK_CONNECT session=efe0b71db6 process=python3 destination=sso.silverquill.internal dest_ip=10.18.7.11 dest_port=443 protocol=tcp status=SUCCESS
2026-08-20T15:19:43Z user=nora.singh host=SQ-LT-03 event=PROCESS_START session=efe0b71db6 pid=42966 process=node executable=/usr/bin/node cwd='~/src/observability' command='node ./scripts/check-config.js' status=SUCCESS
2026-08-20T15:20:56Z user=nora.singh host=SQ-LT-03 event=EDR_HEALTH session=efe0b71db6 sensor=healthy status=SUCCESS
2026-08-20T15:21:52Z user=nora.singh host=SQ-LT-03 event=IDLE_CHECK session=efe0b71db6 status=SUCCESS
2026-08-20T15:25:44Z user=nora.singh host=SQ-LT-03 event=EDR_HEALTH session=efe0b71db6 sensor=healthy status=SUCCESS
2026-08-20T15:26:48Z user=nora.singh host=SQ-LT-03 event=FILE_WRITE session=efe0b71db6 path='~/src/quill-admin/src/routes/status.ts' process=node status=SUCCESS
2026-08-20T15:33:37Z user=nora.singh host=SQ-LT-03 event=PROCESS_START session=efe0b71db6 pid=34252 process=python3 executable=/usr/bin/python3 cwd='~/src/observability' command='python3 scripts/audit_config.py' status=SUCCESS
2026-08-20T15:40:47Z user=nora.singh host=SQ-LT-03 event=NETWORK_CONNECT session=efe0b71db6 process=node destination=registry.silverquill.internal dest_ip=10.18.3.12 dest_port=443 protocol=tcp status=SUCCESS
2026-08-20T15:44:10Z user=nora.singh host=SQ-LT-03 event=FILE_WRITE session=efe0b71db6 path='~/src/quill-admin/.github/workflows/ci.yml' process=python3 status=SUCCESS
2026-08-20T15:44:35Z user=nora.singh host=SQ-LT-03 event=NETWORK_CONNECT session=efe0b71db6 process=python3 destination=ci.silverquill.internal dest_ip=10.18.5.9 dest_port=443 protocol=tcp status=SUCCESS
2026-08-20T15:46:43Z user=nora.singh host=SQ-LT-03 event=PROCESS_START session=efe0b71db6 pid=20422 process=code executable=/usr/share/code/code cwd='~/src/platform-tools' status=SUCCESS
2026-08-20T15:46:46Z user=nora.singh host=SQ-LT-03 event=HEARTBEAT session=efe0b71db6 agent=edr-7.4.2 status=SUCCESS
2026-08-20T15:48:53Z user=nora.singh host=SQ-LT-03 event=NETWORK_CONNECT session=efe0b71db6 process=code destination=docs.silverquill.internal dest_ip=10.18.6.14 dest_port=443 protocol=tcp status=SUCCESS
2026-08-20T15:55:14Z user=nora.singh host=SQ-LT-03 event=IDLE_CHECK session=efe0b71db6 status=SUCCESS
2026-08-20T15:57:07Z user=nora.singh host=SQ-LT-03 event=EDR_HEALTH session=efe0b71db6 sensor=healthy status=SUCCESS
2026-08-20T15:59:31Z user=nora.singh host=SQ-LT-03 event=PROCESS_START session=efe0b71db6 pid=4578 process=npm executable=/usr/bin/npm cwd='~/src/quill-admin' command='npm test' status=SUCCESS
2026-08-20T16:01:09Z user=nora.singh host=SQ-LT-03 event=PROCESS_START session=efe0b71db6 pid=44622 process=node executable=/usr/bin/node cwd='~/src/quill-api' command='node ./scripts/validate-schema.js' status=SUCCESS
2026-08-20T16:03:30Z user=nora.singh host=SQ-LT-03 event=EDR_HEALTH session=efe0b71db6 sensor=healthy status=SUCCESS
2026-08-20T16:07:29Z user=nora.singh host=SQ-LT-03 event=FILE_WRITE session=efe0b71db6 path='~/src/platform-tools/src/routes/health.ts' process=npm status=SUCCESS
2026-08-20T16:11:08Z user=nora.singh host=SQ-LT-03 event=PROCESS_START session=efe0b71db6 pid=4819 process=chrome executable=/opt/google/chrome/chrome cwd='~/Downloads' status=SUCCESS
2026-08-20T16:14:51Z user=nora.singh host=SQ-LT-03 event=PROCESS_START session=efe0b71db6 pid=50275 process=npm executable=/usr/bin/npm cwd='~/src/quill-admin' command='npm ci' status=SUCCESS
2026-08-20T16:14:53Z user=nora.singh host=SQ-LT-03 event=HEARTBEAT session=efe0b71db6 agent=edr-7.4.2 status=SUCCESS
2026-08-20T16:15:50Z user=nora.singh host=SQ-LT-03 event=FILE_WRITE session=efe0b71db6 path='~/src/platform-tools/package-lock.json' process=code status=SUCCESS
2026-08-20T16:19:27Z user=nora.singh host=SQ-LT-03 event=SCREEN_LOCK session=efe0b71db6 status=SUCCESS
2026-08-20T16:22:01Z user=nora.singh host=SQ-LT-03 event=FILE_WRITE session=efe0b71db6 path='~/src/observability/src/services/metrics.ts' process=code status=SUCCESS
2026-08-20T16:24:59Z user=nora.singh host=SQ-LT-03 event=TIME_SYNC session=efe0b71db6 source=ntp.silverquill.internal status=SUCCESS
2026-08-20T16:28:09Z user=nora.singh host=SQ-LT-03 event=NETWORK_CONNECT session=efe0b71db6 process=code destination=sso.silverquill.internal dest_ip=10.18.7.11 dest_port=443 protocol=tcp status=SUCCESS
2026-08-20T16:28:10Z user=nora.singh host=SQ-LT-03 event=NETWORK_CONNECT session=efe0b71db6 process=chrome destination=grafana.silverquill.internal dest_ip=10.18.4.18 dest_port=443 protocol=tcp status=SUCCESS
2026-08-20T16:35:41Z user=nora.singh host=SQ-LT-03 event=POLICY_REFRESH session=efe0b71db6 policy=endpoint-standard-v6 status=SUCCESS
2026-08-20T16:35:58Z user=nora.singh host=SQ-LT-03 event=PROCESS_START session=efe0b71db6 pid=18583 process=python3 executable=/usr/bin/python3 cwd='~/src/platform-tools' command='python3 scripts/check_release.py' status=SUCCESS
2026-08-20T16:43:51Z user=nora.singh host=SQ-LT-03 event=HEARTBEAT session=efe0b71db6 agent=edr-7.4.2 status=SUCCESS
2026-08-20T16:44:47Z user=nora.singh host=SQ-LT-03 event=PROCESS_START session=efe0b71db6 pid=57664 process=slack executable=/usr/bin/slack cwd='~/src/platform-tools' status=SUCCESS
2026-08-20T16:47:10Z user=nora.singh host=SQ-LT-03 event=SCREEN_UNLOCK session=efe0b71db6 method=fido2 status=SUCCESS
2026-08-20T16:48:39Z user=nora.singh host=SQ-LT-03 event=POLICY_REFRESH session=efe0b71db6 policy=endpoint-standard-v6 status=SUCCESS
2026-08-20T16:51:59Z user=nora.singh host=SQ-LT-03 event=VPN_DISCONNECT session=efe0b71db6 profile=corp-vpn status=SUCCESS
2026-08-20T16:54:10Z user=nora.singh host=SQ-LT-03 event=LOGOUT session=efe0b71db6 status=SUCCESS
2026-08-20T16:59:05Z host=SQ-LT-03 event=POWER_OFF login=none status=SUCCESS
2026-08-21T09:10:39Z host=SQ-LT-03 event=SYSTEM_BOOT boot_id=2fc50436e7 status=SUCCESS
2026-08-21T09:14:28Z user=nora.singh host=SQ-LT-03 event=LOGIN session=a0fb0003fc method=password+fido2 status=SUCCESS
2026-08-21T09:16:06Z user=nora.singh host=SQ-LT-03 event=VPN_CONNECT session=a0fb0003fc profile=corp-vpn gateway=vpn-blr-02 status=SUCCESS
2026-08-21T09:18:45Z user=nora.singh host=SQ-LT-03 event=NETWORK_CONNECT session=a0fb0003fc process=python3 destination=ci.silverquill.internal dest_ip=10.18.5.9 dest_port=443 protocol=tcp status=SUCCESS
2026-08-21T09:19:56Z user=nora.singh host=SQ-LT-03 event=USB_MOUNT session=a0fb0003fc device=Logitech-Receiver status=SUCCESS
2026-08-21T09:20:54Z user=nora.singh host=SQ-LT-03 event=IDLE_CHECK session=a0fb0003fc status=SUCCESS
2026-08-21T09:22:04Z user=nora.singh host=SQ-LT-03 event=HEARTBEAT session=a0fb0003fc agent=edr-7.4.2 status=SUCCESS
2026-08-21T09:25:24Z user=nora.singh host=SQ-LT-03 event=IDLE_CHECK session=a0fb0003fc status=SUCCESS
2026-08-21T09:29:11Z user=nora.singh host=SQ-LT-03 event=ANTIVIRUS_SCAN session=a0fb0003fc engine=defender mode=realtime status=SUCCESS
2026-08-21T09:30:05Z user=nora.singh host=SQ-LT-03 event=NETWORK_CONNECT session=a0fb0003fc process=node destination=packages.silverquill.internal dest_ip=10.18.2.7 dest_port=443 protocol=tcp status=SUCCESS
2026-08-21T09:32:06Z user=nora.singh host=SQ-LT-03 event=FILE_SYNC session=a0fb0003fc target=corp-drive status=SUCCESS
2026-08-21T09:34:01Z user=nora.singh host=SQ-LT-03 event=POLICY_REFRESH session=a0fb0003fc status=SUCCESS
2026-08-21T09:37:14Z user=nora.singh host=SQ-LT-03 event=ANTIVIRUS_SCAN session=a0fb0003fc engine=defender mode=quick status=SUCCESS
2026-08-21T09:42:50Z user=nora.singh host=SQ-LT-03 event=FILE_OPEN session=a0fb0003fc path='~/src/observability/src/config.ts' process=code status=SUCCESS
2026-08-21T09:47:40Z user=nora.singh host=SQ-LT-03 event=IDLE_CHECK session=a0fb0003fc status=SUCCESS
2026-08-21T09:47:56Z user=nora.singh host=SQ-LT-03 event=NETWORK_CONNECT session=a0fb0003fc process=node destination=registry.silverquill.internal dest_ip=10.18.3.12 dest_port=443 protocol=tcp status=SUCCESS
2026-08-21T09:48:55Z user=nora.singh host=SQ-LT-03 event=FILE_OPEN session=a0fb0003fc path='~/src/observability/src/routes/status.ts' process=node status=SUCCESS
2026-08-21T09:56:21Z user=nora.singh host=SQ-LT-03 event=NETWORK_CONNECT session=a0fb0003fc process=npm destination=sso.silverquill.internal dest_ip=10.18.7.11 dest_port=443 protocol=tcp status=SUCCESS
2026-08-21T09:57:36Z user=nora.singh host=SQ-LT-03 event=POLICY_REFRESH session=a0fb0003fc policy=endpoint-standard-v6 status=SUCCESS
2026-08-21T09:59:02Z user=nora.singh host=SQ-LT-03 event=NETWORK_CONNECT session=a0fb0003fc process=node destination=sso.silverquill.internal dest_ip=10.18.7.11 dest_port=443 protocol=tcp status=SUCCESS
2026-08-21T09:59:55Z user=nora.singh host=SQ-LT-03 event=TIME_SYNC session=a0fb0003fc source=ntp.silverquill.internal status=SUCCESS
2026-08-21T10:08:44Z user=nora.singh host=SQ-LT-03 event=EDR_HEALTH session=a0fb0003fc sensor=healthy status=SUCCESS
2026-08-21T10:14:28Z user=nora.singh host=SQ-LT-03 event=EDR_HEALTH session=a0fb0003fc status=SUCCESS
2026-08-21T10:14:39Z user=nora.singh host=SQ-LT-03 event=IDLE_CHECK session=a0fb0003fc status=SUCCESS
2026-08-21T10:15:16Z user=nora.singh host=SQ-LT-03 event=NETWORK_CONNECT session=a0fb0003fc process=python3 destination=ci.silverquill.internal dest_ip=10.18.5.9 dest_port=443 protocol=tcp status=SUCCESS
2026-08-21T10:15:53Z user=nora.singh host=SQ-LT-03 event=EDR_HEALTH session=a0fb0003fc sensor=healthy status=SUCCESS
2026-08-21T10:16:21Z user=nora.singh host=SQ-LT-03 event=FILE_SYNC session=a0fb0003fc target=settings-roam status=SUCCESS
2026-08-21T10:17:24Z user=nora.singh host=SQ-LT-03 event=NETWORK_CONNECT session=a0fb0003fc process=python3 destination=docs.silverquill.internal dest_ip=10.18.6.14 dest_port=443 protocol=tcp status=SUCCESS
2026-08-21T10:21:52Z user=nora.singh host=SQ-LT-03 event=FILE_SYNC session=a0fb0003fc target=corp-drive status=SUCCESS
2026-08-21T10:22:19Z user=nora.singh host=SQ-LT-03 event=NETWORK_CONNECT session=a0fb0003fc process=node destination=grafana.silverquill.internal dest_ip=10.18.4.18 dest_port=443 protocol=tcp status=SUCCESS
2026-08-21T10:27:11Z user=nora.singh host=SQ-LT-03 event=PROCESS_START session=a0fb0003fc pid=59721 process=slack executable=/usr/bin/slack cwd='~' status=SUCCESS
2026-08-21T10:29:43Z user=nora.singh host=SQ-LT-03 event=EDR_HEALTH session=a0fb0003fc sensor=healthy status=SUCCESS
2026-08-21T10:32:34Z user=nora.singh host=SQ-LT-03 event=TIME_SYNC session=a0fb0003fc source=ntp.silverquill.internal status=SUCCESS
2026-08-21T10:34:22Z user=nora.singh host=SQ-LT-03 event=NETWORK_CONNECT session=a0fb0003fc process=python3 destination=ci.silverquill.internal dest_ip=10.18.5.9 dest_port=443 protocol=tcp status=SUCCESS
2026-08-21T10:34:32Z user=nora.singh host=SQ-LT-03 event=IDLE_CHECK session=a0fb0003fc status=SUCCESS
2026-08-21T10:35:39Z user=nora.singh host=SQ-LT-03 event=FILE_OPEN session=a0fb0003fc path='~/src/observability/src/services/metrics.ts' process=code status=SUCCESS
2026-08-21T10:35:47Z user=nora.singh host=SQ-LT-03 event=HEARTBEAT session=a0fb0003fc status=SUCCESS
2026-08-21T10:38:16Z user=nora.singh host=SQ-LT-03 event=POLICY_REFRESH session=a0fb0003fc policy=endpoint-standard-v6 status=SUCCESS
2026-08-21T10:38:23Z user=nora.singh host=SQ-LT-03 event=PRINT_JOB session=a0fb0003fc printer=sq-floor3-mfp pages=6 status=SUCCESS
2026-08-21T10:42:14Z user=nora.singh host=SQ-LT-03 event=HEARTBEAT session=a0fb0003fc agent=edr-7.4.2 status=SUCCESS
2026-08-21T10:43:55Z user=nora.singh host=SQ-LT-03 event=HEARTBEAT session=a0fb0003fc agent=edr-7.4.2 status=SUCCESS
2026-08-21T10:44:52Z user=nora.singh host=SQ-LT-03 event=TIME_SYNC session=a0fb0003fc source=ntp.silverquill.internal status=SUCCESS
2026-08-21T10:47:29Z user=nora.singh host=SQ-LT-03 event=NETWORK_CONNECT session=a0fb0003fc process=npm destination=sso.silverquill.internal dest_ip=10.18.7.11 dest_port=443 protocol=tcp status=SUCCESS
2026-08-21T10:50:27Z user=nora.singh host=SQ-LT-03 event=PROCESS_START session=a0fb0003fc pid=34785 process=slack executable=/usr/bin/slack cwd='~/src/quill-api' status=SUCCESS
2026-08-21T10:51:46Z user=nora.singh host=SQ-LT-03 event=PROCESS_START session=a0fb0003fc pid=37124 process=python3 executable=/usr/bin/python3 cwd='~/src/platform-tools' command='python3 scripts/audit_config.py' status=SUCCESS
2026-08-21T10:57:28Z user=nora.singh host=SQ-LT-03 event=NETWORK_CONNECT session=a0fb0003fc process=npm destination=docs.silverquill.internal dest_ip=10.18.6.14 dest_port=443 protocol=tcp status=SUCCESS
2026-08-21T11:01:08Z user=nora.singh host=SQ-LT-03 event=FILE_SYNC session=a0fb0003fc target=corp-drive status=SUCCESS
2026-08-21T11:04:27Z user=nora.singh host=SQ-LT-03 event=PROCESS_START session=a0fb0003fc pid=8769 process=python3 executable=/usr/bin/python3 cwd='~/src/platform-tools' command='python3 scripts/report_health.py' status=SUCCESS
2026-08-21T11:17:04Z user=nora.singh host=SQ-LT-03 event=HEARTBEAT session=a0fb0003fc agent=edr-7.4.2 status=SUCCESS
2026-08-21T11:23:55Z user=nora.singh host=SQ-LT-03 event=TIME_SYNC session=a0fb0003fc source=ntp.silverquill.internal status=SUCCESS
2026-08-21T11:32:19Z user=nora.singh host=SQ-LT-03 event=ANTIVIRUS_SCAN session=a0fb0003fc engine=defender mode=realtime status=SUCCESS
2026-08-21T11:32:28Z user=nora.singh host=SQ-LT-03 event=FILE_SYNC session=a0fb0003fc target=settings-roam status=SUCCESS
2026-08-21T11:32:59Z user=nora.singh host=SQ-LT-03 event=TIME_SYNC session=a0fb0003fc source=ntp.silverquill.internal status=SUCCESS
2026-08-21T11:36:12Z user=nora.singh host=SQ-LT-03 event=POLICY_REFRESH session=a0fb0003fc policy=endpoint-standard-v6 status=SUCCESS
2026-08-21T11:37:34Z user=nora.singh host=SQ-LT-03 event=FILE_WRITE session=a0fb0003fc path='~/src/quill-admin/src/routes/health.ts' process=node status=SUCCESS
2026-08-21T11:40:18Z user=nora.singh host=SQ-LT-03 event=NETWORK_CONNECT session=a0fb0003fc process=python3 destination=sso.silverquill.internal dest_ip=10.18.7.11 dest_port=443 protocol=tcp status=SUCCESS
2026-08-21T11:41:14Z user=nora.singh host=SQ-LT-03 event=FILE_WRITE session=a0fb0003fc path='~/src/deploy-scripts/src/routes/health.ts' process=code status=SUCCESS
2026-08-21T11:42:08Z user=nora.singh host=SQ-LT-03 event=NETWORK_CONNECT session=a0fb0003fc process=python3 destination=docs.silverquill.internal dest_ip=10.18.6.14 dest_port=443 protocol=tcp status=SUCCESS
2026-08-21T11:48:01Z user=nora.singh host=SQ-LT-03 event=NETWORK_CONNECT session=a0fb0003fc process=node destination=packages.silverquill.internal dest_ip=10.18.2.7 dest_port=443 protocol=tcp status=SUCCESS
2026-08-21T11:48:50Z user=nora.singh host=SQ-LT-03 event=PROCESS_START session=a0fb0003fc pid=34195 process=chrome executable=/opt/google/chrome/chrome cwd='~/src/observability' status=SUCCESS
2026-08-21T11:49:08Z user=nora.singh host=SQ-LT-03 event=POLICY_REFRESH session=a0fb0003fc policy=endpoint-standard-v6 status=SUCCESS
2026-08-21T11:54:15Z user=nora.singh host=SQ-LT-03 event=NETWORK_CONNECT session=a0fb0003fc process=chrome destination=registry.silverquill.internal dest_ip=10.18.3.12 dest_port=443 protocol=tcp status=SUCCESS
2026-08-21T11:56:02Z user=nora.singh host=SQ-LT-03 event=PROCESS_START session=a0fb0003fc pid=55776 process=npm executable=/usr/bin/npm cwd='~/src/observability' command='npm run build' status=SUCCESS
2026-08-21T11:58:48Z user=nora.singh host=SQ-LT-03 event=FILE_WRITE session=a0fb0003fc path='~/src/observability/package-lock.json' process=python3 status=SUCCESS
2026-08-21T11:59:26Z user=nora.singh host=SQ-LT-03 event=PRINT_JOB session=a0fb0003fc printer=sq-floor3-mfp pages=3 status=SUCCESS
2026-08-21T12:00:05Z user=nora.singh host=SQ-LT-03 event=PROCESS_START session=a0fb0003fc pid=43478 process=slack executable=/usr/bin/slack cwd='~/src/platform-tools' status=SUCCESS
2026-08-21T12:04:25Z user=nora.singh host=SQ-LT-03 event=HEARTBEAT session=a0fb0003fc agent=edr-7.4.2 status=SUCCESS
2026-08-21T12:05:25Z user=nora.singh host=SQ-LT-03 event=NETWORK_CONNECT session=a0fb0003fc process=chrome destination=grafana.silverquill.internal dest_ip=10.18.4.18 dest_port=443 protocol=tcp status=SUCCESS
2026-08-21T12:07:11Z user=nora.singh host=SQ-LT-03 event=SCREEN_LOCK session=a0fb0003fc status=SUCCESS
2026-08-21T12:16:19Z user=nora.singh host=SQ-LT-03 event=PROCESS_START session=a0fb0003fc pid=23689 process=code executable=/usr/share/code/code cwd='~/src/platform-tools' status=SUCCESS
2026-08-21T12:22:56Z user=nora.singh host=SQ-LT-03 event=POLICY_REFRESH session=a0fb0003fc policy=endpoint-standard-v6 status=SUCCESS
2026-08-21T12:25:09Z user=nora.singh host=SQ-LT-03 event=SCREEN_UNLOCK session=a0fb0003fc method=fido2 status=SUCCESS
2026-08-21T12:29:30Z user=nora.singh host=SQ-LT-03 event=PROCESS_START session=a0fb0003fc pid=3306 process=npm executable=/usr/bin/npm cwd='~' command='npm run lint' status=SUCCESS
2026-08-21T12:29:49Z user=nora.singh host=SQ-LT-03 event=FILE_SYNC session=a0fb0003fc target=settings-roam status=SUCCESS
2026-08-21T12:34:27Z user=nora.singh host=SQ-LT-03 event=TIME_SYNC session=a0fb0003fc source=ntp.silverquill.internal status=SUCCESS
2026-08-21T12:36:33Z user=nora.singh host=SQ-LT-03 event=IDLE_CHECK session=a0fb0003fc status=SUCCESS
2026-08-21T12:37:18Z user=nora.singh host=SQ-LT-03 event=FILE_WRITE session=a0fb0003fc path='~/src/platform-tools/scripts/release.sh' process=python3 status=SUCCESS
2026-08-21T12:38:13Z user=nora.singh host=SQ-LT-03 event=FILE_SYNC session=a0fb0003fc target=corp-drive status=SUCCESS
2026-08-21T12:42:23Z user=nora.singh host=SQ-LT-03 event=FILE_WRITE session=a0fb0003fc path='~/src/quill-api/scripts/release.sh' process=node status=SUCCESS
2026-08-21T12:46:16Z user=nora.singh host=SQ-LT-03 event=PROCESS_START session=a0fb0003fc pid=26329 process=chrome executable=/opt/google/chrome/chrome cwd='~' status=SUCCESS
2026-08-21T12:47:00Z user=nora.singh host=SQ-LT-03 event=PROCESS_START session=a0fb0003fc pid=43633 process=bash executable=/usr/bin/bash cwd='~' command='bash scripts/check-env.sh' status=SUCCESS
2026-08-21T12:50:04Z user=nora.singh host=SQ-LT-03 event=USB_MOUNT session=a0fb0003fc device=Logitech-Receiver status=SUCCESS
2026-08-21T12:51:41Z user=nora.singh host=SQ-LT-03 event=PROCESS_START session=a0fb0003fc pid=23993 process=slack executable=/usr/bin/slack cwd='~/src/deploy-scripts' status=SUCCESS
2026-08-21T12:53:14Z user=nora.singh host=SQ-LT-03 event=HEARTBEAT session=a0fb0003fc agent=edr-7.4.2 status=SUCCESS
2026-08-21T12:54:51Z user=nora.singh host=SQ-LT-03 event=EDR_HEALTH session=a0fb0003fc sensor=healthy status=SUCCESS
2026-08-21T12:55:34Z user=nora.singh host=SQ-LT-03 event=HEARTBEAT session=a0fb0003fc agent=edr-7.4.2 status=SUCCESS
2026-08-21T12:55:35Z user=nora.singh host=SQ-LT-03 event=PROCESS_START session=a0fb0003fc pid=26693 process=chrome executable=/opt/google/chrome/chrome cwd='~/src/observability' status=SUCCESS
2026-08-21T12:59:46Z user=nora.singh host=SQ-LT-03 event=HEARTBEAT session=a0fb0003fc agent=edr-7.4.2 status=SUCCESS
2026-08-21T13:02:38Z user=nora.singh host=SQ-LT-03 event=HEARTBEAT session=a0fb0003fc agent=edr-7.4.2 status=SUCCESS
2026-08-21T13:04:31Z user=nora.singh host=SQ-LT-03 event=NETWORK_CONNECT session=a0fb0003fc process=node destination=jira.silverquill.internal dest_ip=10.18.1.21 dest_port=443 protocol=tcp status=SUCCESS
2026-08-21T13:06:21Z user=nora.singh host=SQ-LT-03 event=NETWORK_CONNECT session=a0fb0003fc process=python3 destination=sso.silverquill.internal dest_ip=10.18.7.11 dest_port=443 protocol=tcp status=SUCCESS
2026-08-21T13:07:35Z user=nora.singh host=SQ-LT-03 event=PROCESS_START session=a0fb0003fc pid=8031 process=bash executable=/usr/bin/bash cwd='~/src/deploy-scripts' command='bash scripts/test-health.sh' status=SUCCESS
2026-08-21T13:10:30Z user=nora.singh host=SQ-LT-03 event=TIME_SYNC session=a0fb0003fc source=ntp.silverquill.internal status=SUCCESS
2026-08-21T13:13:51Z user=nora.singh host=SQ-LT-03 event=FILE_WRITE session=a0fb0003fc path='~/src/platform-tools/README.md' process=node status=SUCCESS
2026-08-21T13:13:53Z user=nora.singh host=SQ-LT-03 event=USB_UNMOUNT session=a0fb0003fc device=Logitech-Receiver status=SUCCESS
2026-08-21T13:14:01Z user=nora.singh host=SQ-LT-03 event=PROCESS_START session=a0fb0003fc pid=5221 process=chrome executable=/opt/google/chrome/chrome cwd='~/src/observability' status=SUCCESS
2026-08-21T13:14:07Z user=nora.singh host=SQ-LT-03 event=FILE_WRITE session=a0fb0003fc path='~/src/quill-api/src/routes/status.ts' process=python3 status=SUCCESS
2026-08-21T13:16:38Z user=nora.singh host=SQ-LT-03 event=NETWORK_CONNECT session=a0fb0003fc process=node destination=docs.silverquill.internal dest_ip=10.18.6.14 dest_port=443 protocol=tcp status=SUCCESS
2026-08-21T13:29:11Z user=nora.singh host=SQ-LT-03 event=PROCESS_START session=a0fb0003fc pid=62755 process=bash executable=/usr/bin/bash cwd='~' command='bash scripts/run-local.sh' status=SUCCESS
2026-08-21T13:29:16Z user=nora.singh host=SQ-LT-03 event=SCREEN_LOCK session=a0fb0003fc status=SUCCESS
2026-08-21T13:29:53Z user=nora.singh host=SQ-LT-03 event=POLICY_REFRESH session=a0fb0003fc policy=endpoint-standard-v6 status=SUCCESS
2026-08-21T13:35:54Z user=nora.singh host=SQ-LT-03 event=SCREEN_UNLOCK session=a0fb0003fc method=fido2 status=SUCCESS
2026-08-21T13:36:15Z user=nora.singh host=SQ-LT-03 event=PROCESS_START session=a0fb0003fc pid=24670 process=slack executable=/usr/bin/slack cwd='~/Downloads' status=SUCCESS
2026-08-21T13:36:52Z user=nora.singh host=SQ-LT-03 event=SCREEN_LOCK session=a0fb0003fc status=SUCCESS
2026-08-21T13:41:58Z user=nora.singh host=SQ-LT-03 event=TIME_SYNC session=a0fb0003fc source=ntp.silverquill.internal status=SUCCESS
2026-08-21T13:43:24Z user=nora.singh host=SQ-LT-03 event=FILE_SYNC session=a0fb0003fc target=settings-roam status=SUCCESS
2026-08-21T13:44:31Z user=nora.singh host=SQ-LT-03 event=USB_UNMOUNT session=a0fb0003fc device=YubiKey-5C-NFC status=SUCCESS
2026-08-21T13:48:27Z user=nora.singh host=SQ-LT-03 event=FILE_WRITE session=a0fb0003fc path='~/src/platform-tools/package.json' process=python3 status=SUCCESS
2026-08-21T13:51:37Z user=nora.singh host=SQ-LT-03 event=POLICY_REFRESH session=a0fb0003fc policy=endpoint-standard-v6 status=SUCCESS
2026-08-21T13:55:32Z user=nora.singh host=SQ-LT-03 event=FILE_WRITE session=a0fb0003fc path='~/src/quill-api/.github/workflows/ci.yml' process=npm status=SUCCESS
2026-08-21T13:56:49Z user=nora.singh host=SQ-LT-03 event=PROCESS_START session=a0fb0003fc pid=30702 process=code executable=/usr/share/code/code cwd='~' status=SUCCESS
2026-08-21T14:06:11Z user=nora.singh host=SQ-LT-03 event=EDR_HEALTH session=a0fb0003fc sensor=healthy status=SUCCESS
2026-08-21T14:08:30Z user=nora.singh host=SQ-LT-03 event=SCREEN_UNLOCK session=a0fb0003fc method=fido2 status=SUCCESS
2026-08-21T14:10:33Z user=nora.singh host=SQ-LT-03 event=FILE_WRITE session=a0fb0003fc path='~/src/platform-tools/scripts/release.sh' process=node status=SUCCESS
2026-08-21T14:12:44Z user=nora.singh host=SQ-LT-03 event=ANTIVIRUS_SCAN session=a0fb0003fc engine=defender mode=realtime status=SUCCESS
2026-08-21T14:19:21Z user=nora.singh host=SQ-LT-03 event=NETWORK_CONNECT session=a0fb0003fc process=npm destination=docs.silverquill.internal dest_ip=10.18.6.14 dest_port=443 protocol=tcp status=SUCCESS
2026-08-21T14:20:06Z user=nora.singh host=SQ-LT-03 event=PROCESS_START session=a0fb0003fc pid=3141 process=chrome executable=/opt/google/chrome/chrome cwd='~/src/quill-api' status=SUCCESS
2026-08-21T14:28:10Z user=nora.singh host=SQ-LT-03 event=ANTIVIRUS_SCAN session=a0fb0003fc engine=defender mode=realtime status=SUCCESS
2026-08-21T14:28:32Z user=nora.singh host=SQ-LT-03 event=PROCESS_START session=a0fb0003fc pid=50500 process=npm executable=/usr/bin/npm cwd='~/src/deploy-scripts' command='npm test' status=SUCCESS
2026-08-21T14:34:13Z user=nora.singh host=SQ-LT-03 event=FILE_SYNC session=a0fb0003fc target=settings-roam status=SUCCESS
2026-08-21T14:35:24Z user=nora.singh host=SQ-LT-03 event=NETWORK_CONNECT session=a0fb0003fc process=node destination=registry.silverquill.internal dest_ip=10.18.3.12 dest_port=443 protocol=tcp status=SUCCESS
2026-08-21T14:42:01Z user=nora.singh host=SQ-LT-03 event=PROCESS_START session=a0fb0003fc pid=45514 process=code executable=/usr/share/code/code cwd='~/src/quill-api' status=SUCCESS
2026-08-21T14:42:12Z user=nora.singh host=SQ-LT-03 event=NETWORK_CONNECT session=a0fb0003fc process=code destination=packages.silverquill.internal dest_ip=10.18.2.7 dest_port=443 protocol=tcp status=SUCCESS
2026-08-21T14:46:35Z user=nora.singh host=SQ-LT-03 event=ANTIVIRUS_SCAN session=a0fb0003fc engine=defender mode=realtime status=SUCCESS
2026-08-21T14:47:30Z user=nora.singh host=SQ-LT-03 event=FILE_WRITE session=a0fb0003fc path='~/src/deploy-scripts/package.json' process=npm status=SUCCESS
2026-08-21T14:49:07Z user=nora.singh host=SQ-LT-03 event=IDLE_CHECK session=a0fb0003fc status=SUCCESS
2026-08-21T14:50:22Z user=nora.singh host=SQ-LT-03 event=IDLE_CHECK session=a0fb0003fc status=SUCCESS
2026-08-21T14:56:51Z user=nora.singh host=SQ-LT-03 event=NETWORK_CONNECT session=a0fb0003fc process=node destination=packages.silverquill.internal dest_ip=10.18.2.7 dest_port=443 protocol=tcp status=SUCCESS
2026-08-21T14:57:47Z user=nora.singh host=SQ-LT-03 event=PROCESS_START session=a0fb0003fc pid=26244 process=python3 executable=/usr/bin/python3 cwd='~/src/platform-tools' command='python3 scripts/check_release.py' status=SUCCESS
2026-08-21T15:00:07Z user=nora.singh host=SQ-LT-03 event=EDR_HEALTH session=a0fb0003fc sensor=healthy status=SUCCESS
2026-08-21T15:00:12Z user=nora.singh host=SQ-LT-03 event=PROCESS_START session=a0fb0003fc pid=19296 process=python3 executable=/usr/bin/python3 cwd='~/src/quill-api' command='python3 scripts/report_health.py' status=SUCCESS
2026-08-21T15:03:06Z user=nora.singh host=SQ-LT-03 event=FILE_SYNC session=a0fb0003fc target=settings-roam status=SUCCESS
2026-08-21T15:07:35Z user=nora.singh host=SQ-LT-03 event=POLICY_REFRESH session=a0fb0003fc status=SUCCESS
2026-08-21T15:11:40Z user=nora.singh host=SQ-LT-03 event=PROCESS_START session=a0fb0003fc pid=35747 process=npm executable=/usr/bin/npm cwd='~/src/quill-api' command='npm run lint' status=SUCCESS
2026-08-21T15:14:38Z user=nora.singh host=SQ-LT-03 event=FILE_WRITE session=a0fb0003fc path='~/src/quill-admin/scripts/release.sh' process=code status=SUCCESS
2026-08-21T15:15:17Z user=nora.singh host=SQ-LT-03 event=FILE_OPEN session=a0fb0003fc path='~/src/platform-tools/Dockerfile' process=python3 status=SUCCESS
2026-08-21T15:17:47Z user=nora.singh host=SQ-LT-03 event=PROCESS_START session=a0fb0003fc pid=44501 process=bash executable=/usr/bin/bash cwd='~/src/quill-admin' command='bash scripts/run-local.sh' status=SUCCESS
2026-08-21T15:18:05Z user=nora.singh host=SQ-LT-03 event=FILE_OPEN session=a0fb0003fc path='~/src/observability/scripts/check-config.js' process=node status=SUCCESS
2026-08-21T15:18:53Z user=nora.singh host=SQ-LT-03 event=FILE_SYNC session=a0fb0003fc target=corp-drive status=SUCCESS
2026-08-21T15:19:00Z user=nora.singh host=SQ-LT-03 event=PROCESS_START session=a0fb0003fc pid=8183 process=python3 executable=/usr/bin/python3 cwd='~/src/platform-tools' command='python3 scripts/report_health.py' status=SUCCESS
2026-08-21T15:23:12Z user=nora.singh host=SQ-LT-03 event=PROCESS_START session=a0fb0003fc pid=34754 process=python3 executable=/usr/bin/python3 cwd='~/Downloads' command='python3 scripts/audit_config.py' status=SUCCESS
2026-08-21T15:24:24Z user=nora.singh host=SQ-LT-03 event=FILE_SYNC session=a0fb0003fc target=settings-roam status=SUCCESS
2026-08-21T15:33:30Z user=nora.singh host=SQ-LT-03 event=NETWORK_CONNECT session=a0fb0003fc process=python3 destination=sso.silverquill.internal dest_ip=10.18.7.11 dest_port=443 protocol=tcp status=SUCCESS
2026-08-21T15:33:36Z user=nora.singh host=SQ-LT-03 event=FILE_WRITE session=a0fb0003fc path='~/src/quill-admin/package.json' process=npm status=SUCCESS
2026-08-21T15:34:01Z user=nora.singh host=SQ-LT-03 event=HEARTBEAT session=a0fb0003fc agent=edr-7.4.2 status=SUCCESS
2026-08-21T15:35:15Z user=nora.singh host=SQ-LT-03 event=FILE_OPEN session=a0fb0003fc path='~/src/quill-admin/src/config.ts' process=code status=SUCCESS
2026-08-21T15:39:19Z user=nora.singh host=SQ-LT-03 event=PROCESS_START session=a0fb0003fc pid=23577 process=chrome executable=/opt/google/chrome/chrome cwd='~/src/observability' status=SUCCESS
2026-08-21T15:45:18Z user=nora.singh host=SQ-LT-03 event=FILE_WRITE session=a0fb0003fc path='~/src/quill-admin/src/services/metrics.ts' process=python3 status=SUCCESS
2026-08-21T15:46:02Z user=nora.singh host=SQ-LT-03 event=FILE_OPEN session=a0fb0003fc path='~/src/quill-api/src/config.ts' process=node status=SUCCESS
2026-08-21T15:48:35Z user=nora.singh host=SQ-LT-03 event=SCREEN_LOCK session=a0fb0003fc status=SUCCESS
2026-08-21T15:51:01Z user=nora.singh host=SQ-LT-03 event=FILE_OPEN session=a0fb0003fc path='~/src/platform-tools/scripts/release.sh' process=node status=SUCCESS
2026-08-21T15:51:58Z user=nora.singh host=SQ-LT-03 event=ANTIVIRUS_SCAN session=a0fb0003fc engine=defender mode=quick status=SUCCESS
2026-08-21T15:55:35Z user=nora.singh host=SQ-LT-03 event=TIME_SYNC session=a0fb0003fc source=ntp.silverquill.internal status=SUCCESS
2026-08-21T15:58:10Z user=nora.singh host=SQ-LT-03 event=FILE_WRITE session=a0fb0003fc path='~/src/observability/src/services/deploy.ts' process=node status=SUCCESS
2026-08-21T15:58:28Z user=nora.singh host=SQ-LT-03 event=POLICY_REFRESH session=a0fb0003fc policy=endpoint-standard-v6 status=SUCCESS
2026-08-21T16:03:18Z user=nora.singh host=SQ-LT-03 event=SCREEN_UNLOCK session=a0fb0003fc method=fido2 status=SUCCESS
2026-08-21T16:04:50Z user=nora.singh host=SQ-LT-03 event=SCREEN_LOCK session=a0fb0003fc status=SUCCESS
2026-08-21T16:07:32Z user=nora.singh host=SQ-LT-03 event=FILE_OPEN session=a0fb0003fc path='~/src/quill-admin/src/config.ts' process=python3 status=SUCCESS
2026-08-21T16:13:16Z user=nora.singh host=SQ-LT-03 event=PROCESS_START session=a0fb0003fc pid=10205 process=npm executable=/usr/bin/npm cwd='~/Downloads' command='npm run lint' status=SUCCESS
2026-08-21T16:25:04Z user=nora.singh host=SQ-LT-03 event=POLICY_REFRESH session=a0fb0003fc policy=endpoint-standard-v6 status=SUCCESS
2026-08-21T16:31:18Z user=nora.singh host=SQ-LT-03 event=PROCESS_START session=a0fb0003fc pid=1961 process=bash executable=/usr/bin/bash cwd='~/src/platform-tools' command='bash scripts/run-local.sh' status=SUCCESS
2026-08-21T16:36:32Z user=nora.singh host=SQ-LT-03 event=FILE_OPEN session=a0fb0003fc path='~/src/quill-admin/src/services/deploy.ts' process=node status=SUCCESS
2026-08-21T16:37:03Z user=nora.singh host=SQ-LT-03 event=SCREEN_UNLOCK session=a0fb0003fc method=fido2 status=SUCCESS
2026-08-21T16:37:35Z user=nora.singh host=SQ-LT-03 event=NETWORK_CONNECT session=a0fb0003fc process=chrome destination=sso.silverquill.internal dest_ip=10.18.7.11 dest_port=443 protocol=tcp status=SUCCESS
2026-08-21T16:38:10Z user=nora.singh host=SQ-LT-03 event=TIME_SYNC session=a0fb0003fc source=ntp.silverquill.internal status=SUCCESS
2026-08-21T16:40:49Z user=nora.singh host=SQ-LT-03 event=HEARTBEAT session=a0fb0003fc agent=edr-7.4.2 status=SUCCESS
2026-08-21T16:42:16Z user=nora.singh host=SQ-LT-03 event=TIME_SYNC session=a0fb0003fc source=ntp.silverquill.internal status=SUCCESS
2026-08-21T16:42:27Z user=nora.singh host=SQ-LT-03 event=PROCESS_START session=a0fb0003fc pid=26887 process=slack executable=/usr/bin/slack cwd='~/src/quill-api' status=SUCCESS
2026-08-21T16:42:47Z user=nora.singh host=SQ-LT-03 event=HEARTBEAT session=a0fb0003fc agent=edr-7.4.2 status=SUCCESS
2026-08-21T16:44:20Z user=nora.singh host=SQ-LT-03 event=PACKAGE_UPDATE session=a0fb0003fc package=nodejs status=SUCCESS
2026-08-21T16:52:37Z user=nora.singh host=SQ-LT-03 event=NETWORK_CONNECT session=a0fb0003fc process=node destination=sso.silverquill.internal dest_ip=10.18.7.11 dest_port=443 protocol=tcp status=SUCCESS
2026-08-21T16:53:46Z user=nora.singh host=SQ-LT-03 event=FILE_OPEN session=a0fb0003fc path='~/src/quill-api/scripts/check-config.js' process=node status=SUCCESS
2026-08-21T17:02:46Z user=nora.singh host=SQ-LT-03 event=ANTIVIRUS_SCAN session=a0fb0003fc engine=defender mode=realtime status=SUCCESS
2026-08-21T17:04:29Z user=nora.singh host=SQ-LT-03 event=NETWORK_CONNECT session=a0fb0003fc process=npm destination=sso.silverquill.internal dest_ip=10.18.7.11 dest_port=443 protocol=tcp status=SUCCESS
2026-08-21T17:11:08Z user=nora.singh host=SQ-LT-03 event=IDLE_CHECK session=a0fb0003fc status=SUCCESS
2026-08-21T17:17:36Z user=nora.singh host=SQ-LT-03 event=FILE_OPEN session=a0fb0003fc path='~/src/observability/Dockerfile' process=node status=SUCCESS
2026-08-21T17:18:19Z user=nora.singh host=SQ-LT-03 event=FILE_SYNC session=a0fb0003fc target=settings-roam status=SUCCESS
2026-08-21T17:19:26Z user=nora.singh host=SQ-LT-03 event=HEARTBEAT session=a0fb0003fc agent=edr-7.4.2 status=SUCCESS
2026-08-21T17:21:37Z user=nora.singh host=SQ-LT-03 event=NETWORK_CONNECT session=a0fb0003fc process=chrome destination=jira.silverquill.internal dest_ip=10.18.1.21 dest_port=443 protocol=tcp status=SUCCESS
2026-08-21T17:25:28Z user=nora.singh host=SQ-LT-03 event=FILE_OPEN session=a0fb0003fc path='~/src/quill-api/README.md' process=npm status=SUCCESS
2026-08-21T17:26:46Z user=nora.singh host=SQ-LT-03 event=PROCESS_START session=a0fb0003fc pid=35307 process=chrome executable=/opt/google/chrome/chrome cwd='~/src/platform-tools' status=SUCCESS
2026-08-21T17:28:08Z user=nora.singh host=SQ-LT-03 event=USB_MOUNT session=a0fb0003fc device=YubiKey-5C-NFC status=SUCCESS
2026-08-21T17:28:28Z user=nora.singh host=SQ-LT-03 event=PROCESS_START session=a0fb0003fc pid=9248 process=code executable=/usr/share/code/code cwd='~' status=SUCCESS
2026-08-21T17:30:11Z user=nora.singh host=SQ-LT-03 event=PROCESS_START session=a0fb0003fc pid=50052 process=node executable=/usr/bin/node cwd='~' command='node ./scripts/check-config.js' status=SUCCESS
2026-08-21T17:31:12Z user=nora.singh host=SQ-LT-03 event=PROCESS_START session=a0fb0003fc pid=29485 process=slack executable=/usr/bin/slack cwd='~' status=SUCCESS
2026-08-21T17:32:59Z user=nora.singh host=SQ-LT-03 event=POLICY_REFRESH session=a0fb0003fc policy=endpoint-standard-v6 status=SUCCESS
2026-08-21T17:33:15Z user=nora.singh host=SQ-LT-03 event=EDR_HEALTH session=a0fb0003fc sensor=healthy status=SUCCESS
2026-08-21T17:42:45Z user=nora.singh host=SQ-LT-03 event=FILE_WRITE session=a0fb0003fc path='~/src/observability/README.md' process=npm status=SUCCESS
2026-08-21T17:42:56Z user=nora.singh host=SQ-LT-03 event=POLICY_REFRESH session=a0fb0003fc policy=endpoint-standard-v6 status=SUCCESS
2026-08-21T17:43:31Z user=nora.singh host=SQ-LT-03 event=PROCESS_START session=a0fb0003fc pid=39267 process=python3 executable=/usr/bin/python3 cwd='~/src/quill-api' command='python3 scripts/audit_config.py' status=SUCCESS
2026-08-21T17:45:56Z user=nora.singh host=SQ-LT-03 event=IDLE_CHECK session=a0fb0003fc status=SUCCESS
2026-08-21T17:45:58Z user=nora.singh host=SQ-LT-03 event=FILE_WRITE session=a0fb0003fc path='~/src/quill-admin/Dockerfile' process=python3 status=SUCCESS
2026-08-21T17:46:02Z user=nora.singh host=SQ-LT-03 event=NETWORK_CONNECT session=a0fb0003fc process=node destination=jira.silverquill.internal dest_ip=10.18.1.21 dest_port=443 protocol=tcp status=SUCCESS
2026-08-21T17:52:48Z user=nora.singh host=SQ-LT-03 event=FILE_SYNC session=a0fb0003fc target=corp-drive status=SUCCESS
2026-08-21T17:53:52Z user=nora.singh host=SQ-LT-03 event=FILE_OPEN session=a0fb0003fc path='~/src/deploy-scripts/package-lock.json' process=node status=SUCCESS
2026-08-21T17:56:37Z user=nora.singh host=SQ-LT-03 event=PROCESS_START session=a0fb0003fc pid=45363 process=code executable=/usr/share/code/code cwd='~/Downloads' status=SUCCESS
2026-08-21T18:08:24Z user=nora.singh host=SQ-LT-03 event=POLICY_REFRESH session=a0fb0003fc policy=endpoint-standard-v6 status=SUCCESS
2026-08-21T18:10:29Z user=nora.singh host=SQ-LT-03 event=PACKAGE_UPDATE session=a0fb0003fc package=python3 status=SUCCESS
2026-08-21T18:16:32Z user=nora.singh host=SQ-LT-03 event=HEARTBEAT session=a0fb0003fc status=SUCCESS
2026-08-21T18:18:55Z user=nora.singh host=SQ-LT-03 event=TIME_SYNC session=a0fb0003fc source=ntp.silverquill.internal status=SUCCESS
2026-08-21T18:19:42Z user=nora.singh host=SQ-LT-03 event=PROCESS_START session=a0fb0003fc pid=22953 process=npm executable=/usr/bin/npm cwd='~/src/platform-tools' command='npm test' status=SUCCESS
2026-08-21T18:22:17Z user=nora.singh host=SQ-LT-03 event=PROCESS_START session=a0fb0003fc pid=5267 process=node executable=/usr/bin/node cwd='~/src/observability' command='node ./scripts/validate-schema.js' status=SUCCESS
2026-08-21T18:25:31Z user=nora.singh host=SQ-LT-03 event=HEARTBEAT session=a0fb0003fc agent=edr-7.4.2 status=SUCCESS
2026-08-21T18:29:08Z user=nora.singh host=SQ-LT-03 event=IDLE_CHECK session=a0fb0003fc status=SUCCESS
2026-08-21T18:37:33Z user=nora.singh host=SQ-LT-03 event=VPN_DISCONNECT session=a0fb0003fc profile=corp-vpn status=SUCCESS
2026-08-21T18:37:34Z user=nora.singh host=SQ-LT-03 event=PROCESS_START session=a0fb0003fc pid=23469 process=chrome executable=/opt/google/chrome/chrome cwd='~/src/platform-tools' status=SUCCESS
2026-08-21T18:40:47Z user=nora.singh host=SQ-LT-03 event=FILE_WRITE session=a0fb0003fc path='~/src/deploy-scripts/src/services/metrics.ts' process=npm status=SUCCESS
2026-08-21T18:40:56Z user=nora.singh host=SQ-LT-03 event=NETWORK_CONNECT session=a0fb0003fc process=code destination=ci.silverquill.internal dest_ip=10.18.5.9 dest_port=443 protocol=tcp status=SUCCESS
2026-08-21T18:40:56Z user=nora.singh host=SQ-LT-03 event=PROCESS_START session=a0fb0003fc pid=58892 process=node executable=/usr/bin/node cwd='~/Downloads' command='node ./scripts/validate-schema.js' status=SUCCESS
2026-08-21T18:41:26Z user=nora.singh host=SQ-LT-03 event=FILE_WRITE session=a0fb0003fc path='~/src/quill-api/src/routes/status.ts' process=python3 status=SUCCESS
2026-08-21T18:42:45Z user=nora.singh host=SQ-LT-03 event=LOGOUT session=a0fb0003fc status=SUCCESS
2026-08-21T18:51:01Z host=SQ-LT-03 event=POWER_OFF login=none status=SUCCESS
2026-08-24T07:38:04Z host=SQ-LT-03 event=SYSTEM_BOOT boot_id=f1ed7dd500 status=SUCCESS
2026-08-24T07:40:22Z user=nora.singh host=SQ-LT-03 event=LOGIN session=515ef3d0e0 method=password+fido2 status=SUCCESS
2026-08-24T07:43:05Z user=nora.singh host=SQ-LT-03 event=FILE_OPEN session=515ef3d0e0 path='~/src/deploy-scripts/src/routes/status.ts' process=python3 status=SUCCESS
2026-08-24T07:45:01Z user=nora.singh host=SQ-LT-03 event=PROCESS_START session=515ef3d0e0 pid=51729 process=code executable=/usr/share/code/code cwd='~' status=SUCCESS
2026-08-24T07:46:51Z user=nora.singh host=SQ-LT-03 event=VPN_CONNECT session=515ef3d0e0 profile=corp-vpn gateway=vpn-blr-02 status=SUCCESS
2026-08-24T07:49:14Z user=nora.singh host=SQ-LT-03 event=NETWORK_CONNECT session=515ef3d0e0 process=chrome destination=grafana.silverquill.internal dest_ip=10.18.4.18 dest_port=443 protocol=tcp status=SUCCESS
2026-08-24T07:52:44Z user=nora.singh host=SQ-LT-03 event=PROCESS_START session=515ef3d0e0 pid=23615 process=chrome executable=/opt/google/chrome/chrome cwd='~/src/deploy-scripts' status=SUCCESS
2026-08-24T07:54:05Z user=nora.singh host=SQ-LT-03 event=POLICY_REFRESH session=515ef3d0e0 policy=endpoint-standard-v6 status=SUCCESS
2026-08-24T07:56:16Z user=nora.singh host=SQ-LT-03 event=NETWORK_CONNECT session=515ef3d0e0 process=npm destination=jira.silverquill.internal dest_ip=10.18.1.21 dest_port=443 protocol=tcp status=SUCCESS
2026-08-24T07:56:53Z user=nora.singh host=SQ-LT-03 event=NETWORK_CONNECT session=515ef3d0e0 process=chrome destination=grafana.silverquill.internal dest_ip=10.18.4.18 dest_port=443 protocol=tcp status=SUCCESS
2026-08-24T07:57:34Z user=nora.singh host=SQ-LT-03 event=PROCESS_START session=515ef3d0e0 pid=62804 process=npm executable=/usr/bin/npm cwd='~/Downloads' command='npm ci' status=SUCCESS
2026-08-24T08:00:33Z user=nora.singh host=SQ-LT-03 event=PROCESS_START session=515ef3d0e0 pid=16827 process=slack executable=/usr/bin/slack cwd='~' status=SUCCESS
2026-08-24T08:03:15Z user=nora.singh host=SQ-LT-03 event=PROCESS_START session=515ef3d0e0 pid=40837 process=chrome executable=/opt/google/chrome/chrome cwd='~' status=SUCCESS
2026-08-24T08:05:00Z user=nora.singh host=SQ-LT-03 event=HEARTBEAT session=515ef3d0e0 agent=edr-7.4.2 status=SUCCESS
2026-08-24T08:06:28Z user=nora.singh host=SQ-LT-03 event=FILE_WRITE session=515ef3d0e0 path='~/src/deploy-scripts/.github/workflows/ci.yml' process=npm status=SUCCESS
2026-08-24T08:06:46Z user=nora.singh host=SQ-LT-03 event=ANTIVIRUS_SCAN session=515ef3d0e0 engine=defender mode=quick status=SUCCESS
2026-08-24T08:08:29Z user=nora.singh host=SQ-LT-03 event=PROCESS_START session=515ef3d0e0 pid=16738 process=python3 executable=/usr/bin/python3 cwd='~' command='python3 scripts/audit_config.py' status=SUCCESS
2026-08-24T08:08:48Z user=nora.singh host=SQ-LT-03 event=HEARTBEAT session=515ef3d0e0 agent=edr-7.4.2 status=SUCCESS
2026-08-24T08:16:07Z user=nora.singh host=SQ-LT-03 event=TIME_SYNC session=515ef3d0e0 source=ntp.silverquill.internal status=SUCCESS
2026-08-24T08:21:37Z user=nora.singh host=SQ-LT-03 event=FILE_OPEN session=515ef3d0e0 path='~/src/platform-tools/src/services/metrics.ts' process=npm status=SUCCESS
2026-08-24T08:28:04Z user=nora.singh host=SQ-LT-03 event=PROCESS_START session=515ef3d0e0 pid=12083 process=slack executable=/usr/bin/slack cwd='~/src/deploy-scripts' status=SUCCESS
2026-08-24T08:31:07Z user=nora.singh host=SQ-LT-03 event=NETWORK_CONNECT session=515ef3d0e0 process=npm destination=sso.silverquill.internal dest_ip=10.18.7.11 dest_port=443 protocol=tcp status=SUCCESS
2026-08-24T08:34:52Z user=nora.singh host=SQ-LT-03 event=FILE_WRITE session=515ef3d0e0 path='~/src/quill-admin/package.json' process=python3 status=SUCCESS
2026-08-24T08:44:17Z user=nora.singh host=SQ-LT-03 event=FILE_WRITE session=515ef3d0e0 path='~/src/observability/src/config.ts' process=node status=SUCCESS
2026-08-24T08:57:57Z user=nora.singh host=SQ-LT-03 event=FILE_WRITE session=515ef3d0e0 path='~/src/quill-api/src/services/deploy.ts' process=node status=SUCCESS
2026-08-24T09:00:16Z user=nora.singh host=SQ-LT-03 event=FILE_WRITE session=515ef3d0e0 path='~/src/platform-tools/scripts/release.sh' process=npm status=SUCCESS
2026-08-24T09:08:33Z user=nora.singh host=SQ-LT-03 event=POLICY_REFRESH session=515ef3d0e0 policy=endpoint-standard-v6 status=SUCCESS
2026-08-24T09:11:15Z user=nora.singh host=SQ-LT-03 event=PROCESS_START session=515ef3d0e0 pid=31885 process=node executable=/usr/bin/node cwd='~/Downloads' command='node ./scripts/check-config.js' status=SUCCESS
2026-08-24T09:18:30Z user=nora.singh host=SQ-LT-03 event=ANTIVIRUS_SCAN session=515ef3d0e0 engine=defender mode=realtime status=SUCCESS
2026-08-24T09:28:06Z user=nora.singh host=SQ-LT-03 event=ANTIVIRUS_SCAN session=515ef3d0e0 engine=defender mode=realtime status=SUCCESS
2026-08-24T09:29:49Z user=nora.singh host=SQ-LT-03 event=EDR_HEALTH session=515ef3d0e0 sensor=healthy status=SUCCESS
2026-08-24T09:32:20Z user=nora.singh host=SQ-LT-03 event=PROCESS_START session=515ef3d0e0 pid=12185 process=chrome executable=/opt/google/chrome/chrome cwd='~/src/platform-tools' status=SUCCESS
2026-08-24T09:32:50Z user=nora.singh host=SQ-LT-03 event=ANTIVIRUS_SCAN session=515ef3d0e0 engine=defender mode=realtime status=SUCCESS
2026-08-24T09:35:05Z user=nora.singh host=SQ-LT-03 event=FILE_OPEN session=515ef3d0e0 path='~/src/deploy-scripts/README.md' process=python3 status=SUCCESS
2026-08-24T09:38:09Z user=nora.singh host=SQ-LT-03 event=EDR_HEALTH session=515ef3d0e0 sensor=healthy status=SUCCESS
2026-08-24T09:40:11Z user=nora.singh host=SQ-LT-03 event=PROCESS_START session=515ef3d0e0 pid=8023 process=npm executable=/usr/bin/npm cwd='~/src/quill-api' command='npm test' status=SUCCESS
2026-08-24T09:45:41Z user=nora.singh host=SQ-LT-03 event=EDR_HEALTH session=515ef3d0e0 sensor=healthy status=SUCCESS
2026-08-24T09:47:26Z user=nora.singh host=SQ-LT-03 event=IDLE_CHECK session=515ef3d0e0 status=SUCCESS
2026-08-24T09:48:31Z user=nora.singh host=SQ-LT-03 event=IDLE_CHECK session=515ef3d0e0 status=SUCCESS
2026-08-24T09:48:41Z user=nora.singh host=SQ-LT-03 event=FILE_OPEN session=515ef3d0e0 path='~/src/observability/.github/workflows/ci.yml' process=npm status=SUCCESS
2026-08-24T09:51:57Z user=nora.singh host=SQ-LT-03 event=FILE_WRITE session=515ef3d0e0 path='~/src/observability/src/services/metrics.ts' process=python3 status=SUCCESS
2026-08-24T09:58:25Z user=nora.singh host=SQ-LT-03 event=PROCESS_START session=515ef3d0e0 pid=58858 process=npm executable=/usr/bin/npm cwd='~/src/deploy-scripts' command='npm run build' status=SUCCESS
2026-08-24T10:02:14Z user=nora.singh host=SQ-LT-03 event=IDLE_CHECK session=515ef3d0e0 status=SUCCESS
2026-08-24T10:02:44Z user=nora.singh host=SQ-LT-03 event=PROCESS_START session=515ef3d0e0 pid=28804 process=bash executable=/usr/bin/bash cwd='~/src/quill-api' command='bash scripts/test-health.sh' status=SUCCESS
2026-08-24T10:02:49Z user=nora.singh host=SQ-LT-03 event=PROCESS_START session=515ef3d0e0 pid=13128 process=node executable=/usr/bin/node cwd='~/src/quill-api' command='node ./dist/server.js' status=SUCCESS
2026-08-24T10:13:55Z user=nora.singh host=SQ-LT-03 event=FILE_SYNC session=515ef3d0e0 target=settings-roam status=SUCCESS
2026-08-24T10:15:33Z user=nora.singh host=SQ-LT-03 event=FILE_SYNC session=515ef3d0e0 target=settings-roam status=SUCCESS
2026-08-24T10:16:53Z user=nora.singh host=SQ-LT-03 event=ANTIVIRUS_SCAN session=515ef3d0e0 engine=defender mode=quick status=SUCCESS
2026-08-24T10:18:14Z user=nora.singh host=SQ-LT-03 event=NETWORK_CONNECT session=515ef3d0e0 process=npm destination=jira.silverquill.internal dest_ip=10.18.1.21 dest_port=443 protocol=tcp status=SUCCESS
2026-08-24T10:18:34Z user=nora.singh host=SQ-LT-03 event=FILE_SYNC session=515ef3d0e0 target=settings-roam status=SUCCESS
2026-08-24T10:20:40Z user=nora.singh host=SQ-LT-03 event=TIME_SYNC session=515ef3d0e0 source=ntp.silverquill.internal status=SUCCESS
2026-08-24T10:21:30Z user=nora.singh host=SQ-LT-03 event=TIME_SYNC session=515ef3d0e0 source=ntp.silverquill.internal status=SUCCESS
2026-08-24T10:23:11Z user=nora.singh host=SQ-LT-03 event=FILE_WRITE session=515ef3d0e0 path='~/src/quill-admin/.github/workflows/ci.yml' process=code status=SUCCESS
2026-08-24T10:25:39Z user=nora.singh host=SQ-LT-03 event=PROCESS_START session=515ef3d0e0 pid=7598 process=npm executable=/usr/bin/npm cwd='~/src/observability' command='npm ci' status=SUCCESS
2026-08-24T10:26:45Z user=nora.singh host=SQ-LT-03 event=NETWORK_CONNECT session=515ef3d0e0 process=npm destination=docs.silverquill.internal dest_ip=10.18.6.14 dest_port=443 protocol=tcp status=SUCCESS
2026-08-24T10:31:25Z user=nora.singh host=SQ-LT-03 event=FILE_SYNC session=515ef3d0e0 target=settings-roam status=SUCCESS
2026-08-24T10:31:52Z user=nora.singh host=SQ-LT-03 event=IDLE_CHECK session=515ef3d0e0 status=SUCCESS
2026-08-24T10:32:29Z user=nora.singh host=SQ-LT-03 event=PROCESS_START session=515ef3d0e0 pid=2239 process=bash executable=/usr/bin/bash cwd='~/src/quill-admin' command='bash scripts/test-health.sh' status=SUCCESS
2026-08-24T10:36:42Z user=nora.singh host=SQ-LT-03 event=PROCESS_START session=515ef3d0e0 pid=2961 process=npm executable=/usr/bin/npm cwd='~/src/quill-api' command='npm run build' status=SUCCESS
2026-08-24T10:42:34Z user=nora.singh host=SQ-LT-03 event=IDLE_CHECK session=515ef3d0e0 status=SUCCESS
2026-08-24T10:46:57Z user=nora.singh host=SQ-LT-03 event=PROCESS_START session=515ef3d0e0 pid=37166 process=node executable=/usr/bin/node cwd='~/src/deploy-scripts' command='node ./scripts/check-config.js' status=SUCCESS
2026-08-24T10:49:26Z user=nora.singh host=SQ-LT-03 event=USB_MOUNT session=515ef3d0e0 device=Logitech-Receiver status=SUCCESS
2026-08-24T10:56:44Z user=nora.singh host=SQ-LT-03 event=PRINT_JOB session=515ef3d0e0 printer=sq-floor3-mfp pages=8 status=SUCCESS
2026-08-24T11:00:49Z user=nora.singh host=SQ-LT-03 event=PROCESS_START session=515ef3d0e0 pid=39376 process=npm executable=/usr/bin/npm cwd='~/src/observability' command='npm run build' status=SUCCESS
2026-08-24T11:02:06Z user=nora.singh host=SQ-LT-03 event=FILE_WRITE session=515ef3d0e0 path='~/src/quill-api/package-lock.json' process=python3 status=SUCCESS
2026-08-24T11:12:55Z user=nora.singh host=SQ-LT-03 event=PROCESS_START session=515ef3d0e0 pid=56979 process=code executable=/usr/share/code/code cwd='~/src/quill-api' status=SUCCESS
2026-08-24T11:14:00Z user=nora.singh host=SQ-LT-03 event=FILE_SYNC session=515ef3d0e0 target=corp-drive status=SUCCESS
2026-08-24T11:15:07Z user=nora.singh host=SQ-LT-03 event=FILE_WRITE session=515ef3d0e0 path='~/src/platform-tools/src/routes/health.ts' process=python3 status=SUCCESS
2026-08-24T11:15:41Z user=nora.singh host=SQ-LT-03 event=ANTIVIRUS_SCAN session=515ef3d0e0 engine=defender mode=realtime status=SUCCESS
2026-08-24T11:15:45Z user=nora.singh host=SQ-LT-03 event=EDR_HEALTH session=515ef3d0e0 sensor=healthy status=SUCCESS
2026-08-24T11:16:32Z user=nora.singh host=SQ-LT-03 event=FILE_OPEN session=515ef3d0e0 path='~/src/quill-admin/src/config.ts' process=code status=SUCCESS
2026-08-24T11:17:30Z user=nora.singh host=SQ-LT-03 event=EDR_HEALTH session=515ef3d0e0 sensor=healthy status=SUCCESS
2026-08-24T11:17:52Z user=nora.singh host=SQ-LT-03 event=POLICY_REFRESH session=515ef3d0e0 policy=endpoint-standard-v6 status=SUCCESS
2026-08-24T11:19:49Z user=nora.singh host=SQ-LT-03 event=NETWORK_CONNECT session=515ef3d0e0 process=python3 destination=sso.silverquill.internal dest_ip=10.18.7.11 dest_port=443 protocol=tcp status=SUCCESS
2026-08-24T11:28:17Z user=nora.singh host=SQ-LT-03 event=FILE_SYNC session=515ef3d0e0 target=settings-roam status=SUCCESS
2026-08-24T11:29:31Z user=nora.singh host=SQ-LT-03 event=NETWORK_CONNECT session=515ef3d0e0 process=chrome destination=ci.silverquill.internal dest_ip=10.18.5.9 dest_port=443 protocol=tcp status=SUCCESS
2026-08-24T11:34:52Z user=nora.singh host=SQ-LT-03 event=EDR_HEALTH session=515ef3d0e0 sensor=healthy status=SUCCESS
2026-08-24T11:38:18Z user=nora.singh host=SQ-LT-03 event=PROCESS_START session=515ef3d0e0 pid=60877 process=python3 executable=/usr/bin/python3 cwd='~/src/platform-tools' command='python3 scripts/audit_config.py' status=SUCCESS
2026-08-24T11:39:29Z user=nora.singh host=SQ-LT-03 event=IDLE_CHECK session=515ef3d0e0 status=SUCCESS
2026-08-24T11:51:58Z user=nora.singh host=SQ-LT-03 event=USB_UNMOUNT session=515ef3d0e0 device=Logitech-Receiver status=SUCCESS
2026-08-24T11:54:34Z user=nora.singh host=SQ-LT-03 event=FILE_SYNC session=515ef3d0e0 target=corp-drive status=SUCCESS
2026-08-24T11:58:16Z user=nora.singh host=SQ-LT-03 event=FILE_WRITE session=515ef3d0e0 path='~/src/observability/src/routes/status.ts' process=code status=SUCCESS
2026-08-24T11:59:05Z user=nora.singh host=SQ-LT-03 event=TIME_SYNC session=515ef3d0e0 source=ntp.silverquill.internal status=SUCCESS
2026-08-24T12:03:39Z user=nora.singh host=SQ-LT-03 event=EDR_HEALTH session=515ef3d0e0 sensor=healthy status=SUCCESS
2026-08-24T12:05:51Z user=nora.singh host=SQ-LT-03 event=PROCESS_START session=515ef3d0e0 pid=17691 process=code executable=/usr/share/code/code cwd='~/src/quill-api' status=SUCCESS
2026-08-24T12:06:09Z user=nora.singh host=SQ-LT-03 event=TIME_SYNC session=515ef3d0e0 source=ntp.silverquill.internal status=SUCCESS
2026-08-24T12:06:22Z user=nora.singh host=SQ-LT-03 event=NETWORK_CONNECT session=515ef3d0e0 process=python3 destination=jira.silverquill.internal dest_ip=10.18.1.21 dest_port=443 protocol=tcp status=SUCCESS
2026-08-24T12:15:28Z user=nora.singh host=SQ-LT-03 event=POLICY_REFRESH session=515ef3d0e0 policy=endpoint-standard-v6 status=SUCCESS
2026-08-24T12:16:57Z user=nora.singh host=SQ-LT-03 event=IDLE_CHECK session=515ef3d0e0 status=SUCCESS
2026-08-24T12:17:33Z user=nora.singh host=SQ-LT-03 event=FILE_OPEN session=515ef3d0e0 path='~/src/platform-tools/scripts/check-config.js' process=node status=SUCCESS
2026-08-24T12:17:44Z user=nora.singh host=SQ-LT-03 event=FILE_OPEN session=515ef3d0e0 path='~/src/platform-tools/Dockerfile' process=npm status=SUCCESS
2026-08-24T12:17:46Z user=nora.singh host=SQ-LT-03 event=PROCESS_START session=515ef3d0e0 pid=45847 process=code executable=/usr/share/code/code cwd='~/Downloads' status=SUCCESS
2026-08-24T12:19:13Z user=nora.singh host=SQ-LT-03 event=PROCESS_START session=515ef3d0e0 pid=61897 process=bash executable=/usr/bin/bash cwd='~/src/quill-api' command='bash scripts/test-health.sh' status=SUCCESS
2026-08-24T12:21:23Z user=nora.singh host=SQ-LT-03 event=FILE_SYNC session=515ef3d0e0 target=corp-drive status=SUCCESS
2026-08-24T12:23:35Z user=nora.singh host=SQ-LT-03 event=IDLE_CHECK session=515ef3d0e0 status=SUCCESS
2026-08-24T12:24:27Z user=nora.singh host=SQ-LT-03 event=FILE_OPEN session=515ef3d0e0 path='~/src/observability/README.md' process=node status=SUCCESS
2026-08-24T12:26:20Z user=nora.singh host=SQ-LT-03 event=EDR_HEALTH session=515ef3d0e0 sensor=healthy status=SUCCESS
2026-08-24T12:28:32Z user=nora.singh host=SQ-LT-03 event=NETWORK_CONNECT session=515ef3d0e0 process=python3 destination=registry.silverquill.internal dest_ip=10.18.3.12 dest_port=443 protocol=tcp status=SUCCESS
2026-08-24T12:29:44Z user=nora.singh host=SQ-LT-03 event=USB_UNMOUNT session=515ef3d0e0 device=YubiKey-5C-NFC status=SUCCESS
2026-08-24T12:33:07Z user=nora.singh host=SQ-LT-03 event=USB_UNMOUNT session=515ef3d0e0 device=YubiKey-5C-NFC status=SUCCESS
2026-08-24T12:33:41Z user=nora.singh host=SQ-LT-03 event=FILE_WRITE session=515ef3d0e0 path='~/src/deploy-scripts/package.json' process=npm status=SUCCESS
2026-08-24T12:36:08Z user=nora.singh host=SQ-LT-03 event=ANTIVIRUS_SCAN session=515ef3d0e0 engine=defender mode=quick status=SUCCESS
2026-08-24T12:40:53Z user=nora.singh host=SQ-LT-03 event=FILE_WRITE session=515ef3d0e0 path='~/src/deploy-scripts/src/services/metrics.ts' process=npm status=SUCCESS
2026-08-24T12:41:38Z user=nora.singh host=SQ-LT-03 event=PROCESS_START session=515ef3d0e0 pid=4962 process=slack executable=/usr/bin/slack cwd='~/src/quill-api' status=SUCCESS
2026-08-24T12:41:46Z user=nora.singh host=SQ-LT-03 event=PROCESS_START session=515ef3d0e0 pid=21591 process=code executable=/usr/share/code/code cwd='~/src/quill-api' status=SUCCESS
2026-08-24T12:43:02Z user=nora.singh host=SQ-LT-03 event=PROCESS_START session=515ef3d0e0 pid=29507 process=code executable=/usr/share/code/code cwd='~/src/platform-tools' status=SUCCESS
2026-08-24T12:50:07Z user=nora.singh host=SQ-LT-03 event=USB_UNMOUNT session=515ef3d0e0 device=Logitech-Receiver status=SUCCESS
2026-08-24T13:04:21Z user=nora.singh host=SQ-LT-03 event=IDLE_CHECK session=515ef3d0e0 status=SUCCESS
2026-08-24T13:05:57Z user=nora.singh host=SQ-LT-03 event=NETWORK_CONNECT session=515ef3d0e0 process=python3 destination=grafana.silverquill.internal dest_ip=10.18.4.18 dest_port=443 protocol=tcp status=SUCCESS
2026-08-24T13:06:51Z user=nora.singh host=SQ-LT-03 event=PROCESS_START session=515ef3d0e0 pid=25483 process=bash executable=/usr/bin/bash cwd='~' command='bash scripts/test-health.sh' status=SUCCESS
2026-08-24T13:18:20Z user=nora.singh host=SQ-LT-03 event=FILE_SYNC session=515ef3d0e0 target=corp-drive status=SUCCESS
2026-08-24T13:20:21Z user=nora.singh host=SQ-LT-03 event=NETWORK_CONNECT session=515ef3d0e0 process=code destination=jira.silverquill.internal dest_ip=10.18.1.21 dest_port=443 protocol=tcp status=SUCCESS
2026-08-24T13:23:08Z user=nora.singh host=SQ-LT-03 event=FILE_SYNC session=515ef3d0e0 target=corp-drive status=SUCCESS
2026-08-24T13:27:21Z user=nora.singh host=SQ-LT-03 event=USB_UNMOUNT session=515ef3d0e0 device=Logitech-Receiver status=SUCCESS
2026-08-24T13:28:32Z user=nora.singh host=SQ-LT-03 event=FILE_WRITE session=515ef3d0e0 path='~/src/quill-admin/README.md' process=python3 status=SUCCESS
2026-08-24T13:30:07Z user=nora.singh host=SQ-LT-03 event=PROCESS_START session=515ef3d0e0 pid=53250 process=npm executable=/usr/bin/npm cwd='~/src/quill-admin' command='npm ci' status=SUCCESS
2026-08-24T13:30:08Z user=nora.singh host=SQ-LT-03 event=PROCESS_START session=515ef3d0e0 pid=37676 process=node executable=/usr/bin/node cwd='~/src/platform-tools' command='node ./dist/server.js' status=SUCCESS
2026-08-24T13:36:42Z user=nora.singh host=SQ-LT-03 event=FILE_SYNC session=515ef3d0e0 target=corp-drive status=SUCCESS
2026-08-24T13:37:24Z user=nora.singh host=SQ-LT-03 event=NETWORK_CONNECT session=515ef3d0e0 process=python3 destination=ci.silverquill.internal dest_ip=10.18.5.9 dest_port=443 protocol=tcp status=SUCCESS
2026-08-24T13:38:30Z user=nora.singh host=SQ-LT-03 event=EDR_HEALTH session=515ef3d0e0 sensor=healthy status=SUCCESS
2026-08-24T13:39:45Z user=nora.singh host=SQ-LT-03 event=USB_UNMOUNT session=515ef3d0e0 device=YubiKey-5C-NFC status=SUCCESS
2026-08-24T13:44:29Z user=nora.singh host=SQ-LT-03 event=FILE_WRITE session=515ef3d0e0 path='~/src/platform-tools/.github/workflows/ci.yml' process=code status=SUCCESS
2026-08-24T13:48:16Z user=nora.singh host=SQ-LT-03 event=TIME_SYNC session=515ef3d0e0 source=ntp.silverquill.internal status=SUCCESS
2026-08-24T13:50:19Z user=nora.singh host=SQ-LT-03 event=NETWORK_CONNECT session=515ef3d0e0 process=chrome destination=packages.silverquill.internal dest_ip=10.18.2.7 dest_port=443 protocol=tcp status=SUCCESS
2026-08-24T13:50:54Z user=nora.singh host=SQ-LT-03 event=FILE_WRITE session=515ef3d0e0 path='~/src/deploy-scripts/scripts/release.sh' process=code status=SUCCESS
2026-08-24T13:55:22Z user=nora.singh host=SQ-LT-03 event=NETWORK_CONNECT session=515ef3d0e0 process=python3 destination=packages.silverquill.internal dest_ip=10.18.2.7 dest_port=443 protocol=tcp status=SUCCESS
2026-08-24T13:56:34Z user=nora.singh host=SQ-LT-03 event=FILE_OPEN session=515ef3d0e0 path='~/src/deploy-scripts/src/routes/status.ts' process=code status=SUCCESS
2026-08-24T14:01:10Z user=nora.singh host=SQ-LT-03 event=PROCESS_START session=515ef3d0e0 pid=61357 process=slack executable=/usr/bin/slack cwd='~/src/quill-admin' status=SUCCESS
2026-08-24T14:03:01Z user=nora.singh host=SQ-LT-03 event=HEARTBEAT session=515ef3d0e0 agent=edr-7.4.2 status=SUCCESS
2026-08-24T14:03:21Z user=nora.singh host=SQ-LT-03 event=TIME_SYNC session=515ef3d0e0 source=ntp.silverquill.internal status=SUCCESS
2026-08-24T14:03:43Z user=nora.singh host=SQ-LT-03 event=TIME_SYNC session=515ef3d0e0 source=ntp.silverquill.internal status=SUCCESS
2026-08-24T14:14:46Z user=nora.singh host=SQ-LT-03 event=PROCESS_START session=515ef3d0e0 pid=8704 process=code executable=/usr/share/code/code cwd='~/src/observability' status=SUCCESS
2026-08-24T14:21:49Z user=nora.singh host=SQ-LT-03 event=PROCESS_START session=515ef3d0e0 pid=13926 process=npm executable=/usr/bin/npm cwd='~/src/platform-tools' command='npm audit --omit=dev' status=SUCCESS
2026-08-24T14:21:50Z user=nora.singh host=SQ-LT-03 event=FILE_OPEN session=515ef3d0e0 path='~/src/quill-admin/src/services/deploy.ts' process=python3 status=SUCCESS
2026-08-24T14:22:12Z user=nora.singh host=SQ-LT-03 event=NETWORK_CONNECT session=515ef3d0e0 process=code destination=sso.silverquill.internal dest_ip=10.18.7.11 dest_port=443 protocol=tcp status=SUCCESS
2026-08-24T14:25:55Z user=nora.singh host=SQ-LT-03 event=ANTIVIRUS_SCAN session=515ef3d0e0 engine=defender mode=realtime status=SUCCESS
2026-08-24T14:30:40Z user=nora.singh host=SQ-LT-03 event=FILE_OPEN session=515ef3d0e0 path='~/src/platform-tools/README.md' process=node status=SUCCESS
2026-08-24T14:32:41Z user=nora.singh host=SQ-LT-03 event=NETWORK_CONNECT session=515ef3d0e0 process=python3 destination=packages.silverquill.internal dest_ip=10.18.2.7 dest_port=443 protocol=tcp status=SUCCESS
2026-08-24T14:33:11Z user=nora.singh host=SQ-LT-03 event=FILE_OPEN session=515ef3d0e0 path='~/src/quill-api/src/services/metrics.ts' process=code status=SUCCESS
2026-08-24T14:38:47Z user=nora.singh host=SQ-LT-03 event=FILE_WRITE session=515ef3d0e0 path='~/src/deploy-scripts/scripts/check-config.js' process=python3 status=SUCCESS
2026-08-24T14:40:46Z user=nora.singh host=SQ-LT-03 event=PROCESS_START session=515ef3d0e0 pid=34489 process=npm executable=/usr/bin/npm cwd='~/src/observability' command='npm run build' status=SUCCESS
2026-08-24T14:43:25Z user=nora.singh host=SQ-LT-03 event=FILE_OPEN session=515ef3d0e0 path='~/src/quill-admin/package.json' process=python3 status=SUCCESS
2026-08-24T14:44:35Z user=nora.singh host=SQ-LT-03 event=PROCESS_START session=515ef3d0e0 pid=56098 process=node executable=/usr/bin/node cwd='~/src/quill-api' command='node ./scripts/check-config.js' status=SUCCESS
2026-08-24T14:45:02Z user=nora.singh host=SQ-LT-03 event=NETWORK_CONNECT session=515ef3d0e0 process=code destination=registry.silverquill.internal dest_ip=10.18.3.12 dest_port=443 protocol=tcp status=SUCCESS
2026-08-24T14:45:22Z user=nora.singh host=SQ-LT-03 event=SCREEN_LOCK session=515ef3d0e0 status=SUCCESS
2026-08-24T14:46:39Z user=nora.singh host=SQ-LT-03 event=FILE_WRITE session=515ef3d0e0 path='~/src/quill-admin/scripts/release.sh' process=npm status=SUCCESS
2026-08-24T14:53:01Z user=nora.singh host=SQ-LT-03 event=TIME_SYNC session=515ef3d0e0 source=ntp.silverquill.internal status=SUCCESS
2026-08-24T14:56:03Z user=nora.singh host=SQ-LT-03 event=SCREEN_UNLOCK session=515ef3d0e0 method=fido2 status=SUCCESS
2026-08-24T14:56:53Z user=nora.singh host=SQ-LT-03 event=PROCESS_START session=515ef3d0e0 pid=12933 process=python3 executable=/usr/bin/python3 cwd='~/src/deploy-scripts' command='python3 scripts/report_health.py' status=SUCCESS
2026-08-24T14:59:24Z user=nora.singh host=SQ-LT-03 event=FILE_OPEN session=515ef3d0e0 path='~/src/quill-api/src/routes/status.ts' process=code status=SUCCESS
2026-08-24T15:01:03Z user=nora.singh host=SQ-LT-03 event=IDLE_CHECK session=515ef3d0e0 status=SUCCESS
2026-08-24T15:01:33Z user=nora.singh host=SQ-LT-03 event=FILE_OPEN session=515ef3d0e0 path='~/src/deploy-scripts/scripts/release.sh' process=npm status=SUCCESS
2026-08-24T15:06:55Z user=nora.singh host=SQ-LT-03 event=POLICY_REFRESH session=515ef3d0e0 policy=endpoint-standard-v6 status=SUCCESS
2026-08-24T15:08:34Z user=nora.singh host=SQ-LT-03 event=IDLE_CHECK session=515ef3d0e0 status=SUCCESS
2026-08-24T15:09:02Z user=nora.singh host=SQ-LT-03 event=PROCESS_START session=515ef3d0e0 pid=43534 process=chrome executable=/opt/google/chrome/chrome cwd='~/Downloads' status=SUCCESS
2026-08-24T15:09:16Z user=nora.singh host=SQ-LT-03 event=ANTIVIRUS_SCAN session=515ef3d0e0 engine=defender mode=realtime status=SUCCESS
2026-08-24T15:12:38Z user=nora.singh host=SQ-LT-03 event=IDLE_CHECK session=515ef3d0e0 status=SUCCESS
2026-08-24T15:14:27Z user=nora.singh host=SQ-LT-03 event=SCREEN_LOCK session=515ef3d0e0 status=SUCCESS
2026-08-24T15:14:45Z user=nora.singh host=SQ-LT-03 event=TIME_SYNC session=515ef3d0e0 source=ntp.silverquill.internal status=SUCCESS
2026-08-24T15:16:27Z user=nora.singh host=SQ-LT-03 event=FILE_OPEN session=515ef3d0e0 path='~/src/quill-api/scripts/check-config.js' process=code status=SUCCESS
2026-08-24T15:21:07Z user=nora.singh host=SQ-LT-03 event=SCREEN_UNLOCK session=515ef3d0e0 method=fido2 status=SUCCESS
2026-08-24T15:25:06Z user=nora.singh host=SQ-LT-03 event=PROCESS_START session=515ef3d0e0 pid=62761 process=python3 executable=/usr/bin/python3 cwd='~/src/platform-tools' command='python3 scripts/audit_config.py' status=SUCCESS
2026-08-24T15:29:16Z user=nora.singh host=SQ-LT-03 event=NETWORK_CONNECT session=515ef3d0e0 process=npm destination=packages.silverquill.internal dest_ip=10.18.2.7 dest_port=443 protocol=tcp status=SUCCESS
2026-08-24T15:32:19Z user=nora.singh host=SQ-LT-03 event=PROCESS_START session=515ef3d0e0 pid=48528 process=python3 executable=/usr/bin/python3 cwd='~/src/platform-tools' command='python3 scripts/check_release.py' status=SUCCESS
2026-08-24T15:33:03Z user=nora.singh host=SQ-LT-03 event=HEARTBEAT session=515ef3d0e0 agent=edr-7.4.2 status=SUCCESS
2026-08-24T15:39:25Z user=nora.singh host=SQ-LT-03 event=EDR_HEALTH session=515ef3d0e0 sensor=healthy status=SUCCESS
2026-08-24T15:43:23Z user=nora.singh host=SQ-LT-03 event=PROCESS_START session=515ef3d0e0 pid=12636 process=code executable=/usr/share/code/code cwd='~/src/deploy-scripts' status=SUCCESS
2026-08-24T15:47:20Z user=nora.singh host=SQ-LT-03 event=ANTIVIRUS_SCAN session=515ef3d0e0 engine=defender mode=realtime status=SUCCESS
2026-08-24T15:48:41Z user=nora.singh host=SQ-LT-03 event=PROCESS_START session=515ef3d0e0 pid=58355 process=python3 executable=/usr/bin/python3 cwd='~' command='python3 scripts/check_release.py' status=SUCCESS
2026-08-24T15:50:12Z user=nora.singh host=SQ-LT-03 event=ANTIVIRUS_SCAN session=515ef3d0e0 engine=defender mode=quick status=SUCCESS
2026-08-24T15:50:21Z user=nora.singh host=SQ-LT-03 event=NETWORK_CONNECT session=515ef3d0e0 process=chrome destination=ci.silverquill.internal dest_ip=10.18.5.9 dest_port=443 protocol=tcp status=SUCCESS
2026-08-24T15:53:28Z user=nora.singh host=SQ-LT-03 event=PROCESS_START session=515ef3d0e0 pid=54627 process=slack executable=/usr/bin/slack cwd='~/Downloads' status=SUCCESS
2026-08-24T15:58:35Z user=nora.singh host=SQ-LT-03 event=FILE_OPEN session=515ef3d0e0 path='~/src/quill-admin/src/services/deploy.ts' process=code status=SUCCESS
2026-08-24T16:00:27Z user=nora.singh host=SQ-LT-03 event=PROCESS_START session=515ef3d0e0 pid=35288 process=npm executable=/usr/bin/npm cwd='~' command='npm audit --omit=dev' status=SUCCESS
2026-08-24T16:01:33Z user=nora.singh host=SQ-LT-03 event=PROCESS_START session=515ef3d0e0 pid=32354 process=node executable=/usr/bin/node cwd='~/src/platform-tools' command='node ./scripts/check-config.js' status=SUCCESS
2026-08-24T16:06:14Z user=nora.singh host=SQ-LT-03 event=IDLE_CHECK session=515ef3d0e0 status=SUCCESS
2026-08-24T16:08:51Z user=nora.singh host=SQ-LT-03 event=PROCESS_START session=515ef3d0e0 pid=48405 process=node executable=/usr/bin/node cwd='~/src/platform-tools' command='node ./scripts/validate-schema.js' status=SUCCESS
2026-08-24T16:12:27Z user=nora.singh host=SQ-LT-03 event=NETWORK_CONNECT session=515ef3d0e0 process=npm destination=registry.silverquill.internal dest_ip=10.18.3.12 dest_port=443 protocol=tcp status=SUCCESS
2026-08-24T16:15:35Z user=nora.singh host=SQ-LT-03 event=TIME_SYNC session=515ef3d0e0 source=ntp.silverquill.internal status=SUCCESS
2026-08-24T16:16:18Z user=nora.singh host=SQ-LT-03 event=FILE_OPEN session=515ef3d0e0 path='~/src/platform-tools/src/routes/status.ts' process=node status=SUCCESS
2026-08-24T16:21:16Z user=nora.singh host=SQ-LT-03 event=FILE_WRITE session=515ef3d0e0 path='~/src/deploy-scripts/package-lock.json' process=npm status=SUCCESS
2026-08-24T16:22:11Z user=nora.singh host=SQ-LT-03 event=PROCESS_START session=515ef3d0e0 pid=39855 process=code executable=/usr/share/code/code cwd='~/src/quill-admin' status=SUCCESS
2026-08-24T16:23:02Z user=nora.singh host=SQ-LT-03 event=TIME_SYNC session=515ef3d0e0 source=ntp.silverquill.internal status=SUCCESS
2026-08-24T16:26:25Z user=nora.singh host=SQ-LT-03 event=FILE_SYNC session=515ef3d0e0 target=settings-roam status=SUCCESS
2026-08-24T16:28:12Z user=nora.singh host=SQ-LT-03 event=FILE_OPEN session=515ef3d0e0 path='~/src/platform-tools/README.md' process=npm status=SUCCESS
2026-08-24T16:38:09Z user=nora.singh host=SQ-LT-03 event=PROCESS_START session=515ef3d0e0 pid=10456 process=bash executable=/usr/bin/bash cwd='~/src/deploy-scripts' command='bash scripts/run-local.sh' status=SUCCESS
2026-08-24T16:43:21Z user=nora.singh host=SQ-LT-03 event=PACKAGE_UPDATE session=515ef3d0e0 package=python3 status=SUCCESS
2026-08-24T16:43:26Z user=nora.singh host=SQ-LT-03 event=NETWORK_CONNECT session=515ef3d0e0 process=python3 destination=grafana.silverquill.internal dest_ip=10.18.4.18 dest_port=443 protocol=tcp status=SUCCESS
2026-08-24T16:48:15Z user=nora.singh host=SQ-LT-03 event=PRINT_JOB session=515ef3d0e0 printer=sq-floor3-mfp pages=8 status=SUCCESS
2026-08-24T16:53:03Z user=nora.singh host=SQ-LT-03 event=HEARTBEAT session=515ef3d0e0 agent=edr-7.4.2 status=SUCCESS
2026-08-24T16:54:35Z user=nora.singh host=SQ-LT-03 event=TIME_SYNC session=515ef3d0e0 source=ntp.silverquill.internal status=SUCCESS
2026-08-24T16:57:18Z user=nora.singh host=SQ-LT-03 event=FILE_WRITE session=515ef3d0e0 path='~/src/deploy-scripts/Dockerfile' process=python3 status=SUCCESS
2026-08-24T16:57:19Z user=nora.singh host=SQ-LT-03 event=PROCESS_START session=515ef3d0e0 pid=27192 process=npm executable=/usr/bin/npm cwd='~' command='npm ci' status=SUCCESS
2026-08-24T17:05:30Z user=nora.singh host=SQ-LT-03 event=EDR_HEALTH session=515ef3d0e0 sensor=healthy status=SUCCESS
2026-08-24T17:06:36Z user=nora.singh host=SQ-LT-03 event=FILE_SYNC session=515ef3d0e0 target=settings-roam status=SUCCESS
2026-08-24T17:07:58Z user=nora.singh host=SQ-LT-03 event=FILE_OPEN session=515ef3d0e0 path='~/src/platform-tools/src/routes/status.ts' process=node status=SUCCESS
2026-08-24T17:08:27Z user=nora.singh host=SQ-LT-03 event=NETWORK_CONNECT session=515ef3d0e0 process=python3 destination=ci.silverquill.internal dest_ip=10.18.5.9 dest_port=443 protocol=tcp status=SUCCESS
2026-08-24T17:08:33Z user=nora.singh host=SQ-LT-03 event=PACKAGE_UPDATE session=515ef3d0e0 package=python3 status=SUCCESS
2026-08-24T17:09:16Z user=nora.singh host=SQ-LT-03 event=IDLE_CHECK session=515ef3d0e0 status=SUCCESS
2026-08-24T17:16:20Z user=nora.singh host=SQ-LT-03 event=PROCESS_START session=515ef3d0e0 pid=40650 process=node executable=/usr/bin/node cwd='~/src/quill-admin' command='node ./scripts/validate-schema.js' status=SUCCESS
2026-08-24T17:19:03Z user=nora.singh host=SQ-LT-03 event=PACKAGE_UPDATE session=515ef3d0e0 package=nodejs status=SUCCESS
2026-08-24T17:22:02Z user=nora.singh host=SQ-LT-03 event=NETWORK_CONNECT session=515ef3d0e0 process=chrome destination=grafana.silverquill.internal dest_ip=10.18.4.18 dest_port=443 protocol=tcp status=SUCCESS
2026-08-24T17:26:28Z user=nora.singh host=SQ-LT-03 event=TIME_SYNC session=515ef3d0e0 source=ntp.silverquill.internal status=SUCCESS
2026-08-24T17:27:18Z user=nora.singh host=SQ-LT-03 event=IDLE_CHECK session=515ef3d0e0 status=SUCCESS
2026-08-24T17:30:33Z user=nora.singh host=SQ-LT-03 event=FILE_SYNC session=515ef3d0e0 target=corp-drive status=SUCCESS
2026-08-24T17:30:45Z user=nora.singh host=SQ-LT-03 event=FILE_SYNC session=515ef3d0e0 target=corp-drive status=SUCCESS
2026-08-24T17:31:24Z user=nora.singh host=SQ-LT-03 event=NETWORK_CONNECT session=515ef3d0e0 process=npm destination=sso.silverquill.internal dest_ip=10.18.7.11 dest_port=443 protocol=tcp status=SUCCESS
2026-08-24T17:34:43Z user=nora.singh host=SQ-LT-03 event=VPN_DISCONNECT session=515ef3d0e0 profile=corp-vpn status=SUCCESS
2026-08-24T17:36:31Z user=nora.singh host=SQ-LT-03 event=PROCESS_START session=515ef3d0e0 pid=8521 process=python3 executable=/usr/bin/python3 cwd='~/src/platform-tools' command='python3 scripts/audit_config.py' status=SUCCESS
2026-08-24T17:37:44Z user=nora.singh host=SQ-LT-03 event=LOGOUT session=515ef3d0e0 status=SUCCESS
2026-08-24T17:42:51Z host=SQ-LT-03 event=POWER_OFF login=none status=SUCCESS
2026-08-25T08:18:55Z host=SQ-LT-03 event=SYSTEM_BOOT boot_id=b75e4bec90 status=SUCCESS
2026-08-25T08:20:36Z user=nora.singh host=SQ-LT-03 event=LOGIN session=33af9d5025 method=password+fido2 status=SUCCESS
2026-08-25T08:26:08Z user=nora.singh host=SQ-LT-03 event=PROCESS_START session=33af9d5025 pid=16077 process=npm executable=/usr/bin/npm cwd='~/src/deploy-scripts' command='npm run build' status=SUCCESS
2026-08-25T08:27:14Z user=nora.singh host=SQ-LT-03 event=TIME_SYNC session=33af9d5025 source=ntp.silverquill.internal status=SUCCESS
2026-08-25T08:27:40Z user=nora.singh host=SQ-LT-03 event=VPN_CONNECT session=33af9d5025 profile=corp-vpn gateway=vpn-blr-02 status=SUCCESS
2026-08-25T08:38:10Z user=nora.singh host=SQ-LT-03 event=TIME_SYNC session=33af9d5025 source=ntp.silverquill.internal status=SUCCESS
2026-08-25T08:39:06Z user=nora.singh host=SQ-LT-03 event=FILE_OPEN session=33af9d5025 path='~/src/quill-api/src/routes/status.ts' process=python3 status=SUCCESS
2026-08-25T08:43:05Z user=nora.singh host=SQ-LT-03 event=FILE_OPEN session=33af9d5025 path='~/src/platform-tools/package-lock.json' process=node status=SUCCESS
2026-08-25T08:43:46Z user=nora.singh host=SQ-LT-03 event=FILE_WRITE session=33af9d5025 path='~/src/deploy-scripts/src/config.ts' process=node status=SUCCESS
2026-08-25T08:43:51Z user=nora.singh host=SQ-LT-03 event=POLICY_REFRESH session=33af9d5025 policy=endpoint-standard-v6 status=SUCCESS
2026-08-25T08:44:58Z user=nora.singh host=SQ-LT-03 event=HEARTBEAT session=33af9d5025 agent=edr-7.4.2 status=SUCCESS
2026-08-25T08:49:10Z user=nora.singh host=SQ-LT-03 event=EDR_HEALTH session=33af9d5025 sensor=healthy status=SUCCESS
2026-08-25T08:49:13Z user=nora.singh host=SQ-LT-03 event=USB_UNMOUNT session=33af9d5025 device=YubiKey-5C-NFC status=SUCCESS
2026-08-25T08:49:21Z user=nora.singh host=SQ-LT-03 event=IDLE_CHECK session=33af9d5025 status=SUCCESS
2026-08-25T08:55:35Z user=nora.singh host=SQ-LT-03 event=PROCESS_START session=33af9d5025 pid=26070 process=slack executable=/usr/bin/slack cwd='~' status=SUCCESS
2026-08-25T08:55:47Z user=nora.singh host=SQ-LT-03 event=EDR_HEALTH session=33af9d5025 sensor=healthy status=SUCCESS
2026-08-25T08:56:48Z user=nora.singh host=SQ-LT-03 event=PROCESS_START session=33af9d5025 pid=18893 process=node executable=/usr/bin/node cwd='~/src/platform-tools' command='node ./scripts/validate-schema.js' status=SUCCESS
2026-08-25T09:02:01Z user=nora.singh host=SQ-LT-03 event=PROCESS_START session=33af9d5025 pid=41682 process=chrome executable=/opt/google/chrome/chrome cwd='~/src/platform-tools' status=SUCCESS
2026-08-25T09:07:12Z user=nora.singh host=SQ-LT-03 event=PACKAGE_UPDATE session=33af9d5025 package=code status=SUCCESS
2026-08-25T09:11:49Z user=nora.singh host=SQ-LT-03 event=PACKAGE_UPDATE session=33af9d5025 package=nodejs status=SUCCESS
2026-08-25T09:12:12Z user=nora.singh host=SQ-LT-03 event=NETWORK_CONNECT session=33af9d5025 process=code destination=packages.silverquill.internal dest_ip=10.18.2.7 dest_port=443 protocol=tcp status=SUCCESS
2026-08-25T09:14:50Z user=nora.singh host=SQ-LT-03 event=FILE_OPEN session=33af9d5025 path='~/src/quill-admin/package-lock.json' process=python3 status=SUCCESS
2026-08-25T09:22:07Z user=nora.singh host=SQ-LT-03 event=NETWORK_CONNECT session=33af9d5025 process=code destination=registry.silverquill.internal dest_ip=10.18.3.12 dest_port=443 protocol=tcp status=SUCCESS
2026-08-25T09:28:45Z user=nora.singh host=SQ-LT-03 event=NETWORK_CONNECT session=33af9d5025 process=code destination=registry.silverquill.internal dest_ip=10.18.3.12 dest_port=443 protocol=tcp status=SUCCESS
2026-08-25T09:29:40Z user=nora.singh host=SQ-LT-03 event=PROCESS_START session=33af9d5025 pid=55796 process=chrome executable=/opt/google/chrome/chrome cwd='~' status=SUCCESS
2026-08-25T09:31:23Z user=nora.singh host=SQ-LT-03 event=PROCESS_START session=33af9d5025 pid=31607 process=slack executable=/usr/bin/slack cwd='~' status=SUCCESS
2026-08-25T09:31:49Z user=nora.singh host=SQ-LT-03 event=NETWORK_CONNECT session=33af9d5025 process=chrome destination=grafana.silverquill.internal dest_ip=10.18.4.18 dest_port=443 protocol=tcp status=SUCCESS
2026-08-25T09:35:16Z user=nora.singh host=SQ-LT-03 event=POLICY_REFRESH session=33af9d5025 policy=endpoint-standard-v6 status=SUCCESS
2026-08-25T09:36:27Z user=nora.singh host=SQ-LT-03 event=PROCESS_START session=33af9d5025 pid=29159 process=slack executable=/usr/bin/slack cwd='~/src/observability' status=SUCCESS
2026-08-25T09:39:41Z user=nora.singh host=SQ-LT-03 event=NETWORK_CONNECT session=33af9d5025 process=npm destination=registry.silverquill.internal dest_ip=10.18.3.12 dest_port=443 protocol=tcp status=SUCCESS
2026-08-25T09:40:42Z user=nora.singh host=SQ-LT-03 event=FILE_OPEN session=33af9d5025 path='~/src/quill-admin/Dockerfile' process=python3 status=SUCCESS
2026-08-25T09:41:07Z user=nora.singh host=SQ-LT-03 event=PROCESS_START session=33af9d5025 pid=56073 process=node executable=/usr/bin/node cwd='~' command='node ./dist/server.js' status=SUCCESS
2026-08-25T09:42:34Z user=nora.singh host=SQ-LT-03 event=NETWORK_CONNECT session=33af9d5025 process=python3 destination=jira.silverquill.internal dest_ip=10.18.1.21 dest_port=443 protocol=tcp status=SUCCESS
2026-08-25T09:42:56Z user=nora.singh host=SQ-LT-03 event=USB_MOUNT session=33af9d5025 device=YubiKey-5C-NFC status=SUCCESS
2026-08-25T09:44:29Z user=nora.singh host=SQ-LT-03 event=PROCESS_START session=33af9d5025 pid=55370 process=python3 executable=/usr/bin/python3 cwd='~/src/quill-api' command='python3 scripts/report_health.py' status=SUCCESS
2026-08-25T09:47:21Z user=nora.singh host=SQ-LT-03 event=NETWORK_CONNECT session=33af9d5025 process=chrome destination=registry.silverquill.internal dest_ip=10.18.3.12 dest_port=443 protocol=tcp status=SUCCESS
2026-08-25T09:49:56Z user=nora.singh host=SQ-LT-03 event=PROCESS_START session=33af9d5025 pid=4382 process=code executable=/usr/share/code/code cwd='~/src/quill-admin' status=SUCCESS
2026-08-25T09:54:27Z user=nora.singh host=SQ-LT-03 event=NETWORK_CONNECT session=33af9d5025 process=python3 destination=sso.silverquill.internal dest_ip=10.18.7.11 dest_port=443 protocol=tcp status=SUCCESS
2026-08-25T09:55:36Z user=nora.singh host=SQ-LT-03 event=IDLE_CHECK session=33af9d5025 status=SUCCESS
2026-08-25T09:58:54Z user=nora.singh host=SQ-LT-03 event=NETWORK_CONNECT session=33af9d5025 process=npm destination=registry.silverquill.internal dest_ip=10.18.3.12 dest_port=443 protocol=tcp status=SUCCESS
2026-08-25T10:00:31Z user=nora.singh host=SQ-LT-03 event=HEARTBEAT session=33af9d5025 agent=edr-7.4.2 status=SUCCESS
2026-08-25T10:03:47Z user=nora.singh host=SQ-LT-03 event=NETWORK_CONNECT session=33af9d5025 process=node destination=ci.silverquill.internal dest_ip=10.18.5.9 dest_port=443 protocol=tcp status=SUCCESS
2026-08-25T10:04:38Z user=nora.singh host=SQ-LT-03 event=NETWORK_CONNECT session=33af9d5025 process=chrome destination=docs.silverquill.internal dest_ip=10.18.6.14 dest_port=443 protocol=tcp status=SUCCESS
2026-08-25T10:05:33Z user=nora.singh host=SQ-LT-03 event=PROCESS_START session=33af9d5025 pid=28711 process=python3 executable=/usr/bin/python3 cwd='~/Downloads' command='python3 scripts/audit_config.py' status=SUCCESS
2026-08-25T10:10:35Z user=nora.singh host=SQ-LT-03 event=NETWORK_CONNECT session=33af9d5025 process=npm destination=ci.silverquill.internal dest_ip=10.18.5.9 dest_port=443 protocol=tcp status=SUCCESS
2026-08-25T10:13:09Z user=nora.singh host=SQ-LT-03 event=TIME_SYNC session=33af9d5025 source=ntp.silverquill.internal status=SUCCESS
2026-08-25T10:13:11Z user=nora.singh host=SQ-LT-03 event=PROCESS_START session=33af9d5025 pid=25481 process=python3 executable=/usr/bin/python3 cwd='~/src/deploy-scripts' command='python3 scripts/audit_config.py' status=SUCCESS
2026-08-25T10:16:41Z user=nora.singh host=SQ-LT-03 event=NETWORK_CONNECT session=33af9d5025 process=node destination=ci.silverquill.internal dest_ip=10.18.5.9 dest_port=443 protocol=tcp status=SUCCESS
2026-08-25T10:23:54Z user=nora.singh host=SQ-LT-03 event=PROCESS_START session=33af9d5025 pid=52326 process=slack executable=/usr/bin/slack cwd='~/src/deploy-scripts' status=SUCCESS
2026-08-25T10:25:48Z user=nora.singh host=SQ-LT-03 event=PROCESS_START session=33af9d5025 pid=43873 process=bash executable=/usr/bin/bash cwd='~/Downloads' command='bash scripts/check-env.sh' status=SUCCESS
2026-08-25T10:27:28Z user=nora.singh host=SQ-LT-03 event=PROCESS_START session=33af9d5025 pid=43155 process=chrome executable=/opt/google/chrome/chrome cwd='~/src/platform-tools' status=SUCCESS
2026-08-25T10:34:49Z user=nora.singh host=SQ-LT-03 event=EDR_HEALTH session=33af9d5025 status=SUCCESS
2026-08-25T10:35:30Z user=nora.singh host=SQ-LT-03 event=NETWORK_CONNECT session=33af9d5025 process=code destination=packages.silverquill.internal dest_ip=10.18.2.7 dest_port=443 protocol=tcp status=SUCCESS
2026-08-25T10:37:29Z user=nora.singh host=SQ-LT-03 event=USB_UNMOUNT session=33af9d5025 device=Logitech-Receiver status=SUCCESS
2026-08-25T10:37:49Z user=nora.singh host=SQ-LT-03 event=EDR_HEALTH session=33af9d5025 sensor=healthy status=SUCCESS
2026-08-25T10:39:44Z user=nora.singh host=SQ-LT-03 event=PROCESS_START session=33af9d5025 pid=45241 process=node executable=/usr/bin/node cwd='~/src/platform-tools' command='node ./dist/server.js' status=SUCCESS
2026-08-25T10:55:23Z user=nora.singh host=SQ-LT-03 event=FILE_WRITE session=33af9d5025 path='~/src/observability/src/services/metrics.ts' process=node status=SUCCESS
2026-08-25T10:55:24Z user=nora.singh host=SQ-LT-03 event=FILE_OPEN session=33af9d5025 path='~/src/quill-api/src/services/deploy.ts' process=python3 status=SUCCESS
2026-08-25T11:00:45Z user=nora.singh host=SQ-LT-03 event=PROCESS_START session=33af9d5025 pid=28369 process=npm executable=/usr/bin/npm cwd='~/src/quill-api' command='npm audit --omit=dev' status=SUCCESS
2026-08-25T11:04:33Z user=nora.singh host=SQ-LT-03 event=TIME_SYNC session=33af9d5025 source=ntp.silverquill.internal status=SUCCESS
2026-08-25T11:05:53Z user=nora.singh host=SQ-LT-03 event=FILE_SYNC session=33af9d5025 target=corp-drive status=SUCCESS
2026-08-25T11:07:44Z user=nora.singh host=SQ-LT-03 event=NETWORK_CONNECT session=33af9d5025 process=python3 destination=jira.silverquill.internal dest_ip=10.18.1.21 dest_port=443 protocol=tcp status=SUCCESS
2026-08-25T11:08:42Z user=nora.singh host=SQ-LT-03 event=PROCESS_START session=33af9d5025 pid=19011 process=python3 executable=/usr/bin/python3 cwd='~/Downloads' command='python3 scripts/audit_config.py' status=SUCCESS
2026-08-25T11:10:37Z user=nora.singh host=SQ-LT-03 event=SCREEN_LOCK session=33af9d5025 status=SUCCESS
2026-08-25T11:11:15Z user=nora.singh host=SQ-LT-03 event=NETWORK_CONNECT session=33af9d5025 process=python3 destination=registry.silverquill.internal dest_ip=10.18.3.12 dest_port=443 protocol=tcp status=SUCCESS
2026-08-25T11:14:26Z user=nora.singh host=SQ-LT-03 event=EDR_HEALTH session=33af9d5025 sensor=healthy status=SUCCESS
2026-08-25T11:20:00Z user=nora.singh host=SQ-LT-03 event=SCREEN_UNLOCK session=33af9d5025 method=fido2 status=SUCCESS
2026-08-25T11:20:30Z user=nora.singh host=SQ-LT-03 event=NETWORK_CONNECT session=33af9d5025 process=node destination=sso.silverquill.internal dest_ip=10.18.7.11 dest_port=443 protocol=tcp status=SUCCESS
2026-08-25T11:21:13Z user=nora.singh host=SQ-LT-03 event=FILE_WRITE session=33af9d5025 path='~/src/quill-api/src/services/deploy.ts' process=node status=SUCCESS
2026-08-25T11:21:27Z user=nora.singh host=SQ-LT-03 event=IDLE_CHECK session=33af9d5025 status=SUCCESS
2026-08-25T11:27:21Z user=nora.singh host=SQ-LT-03 event=PROCESS_START session=33af9d5025 pid=6072 process=npm executable=/usr/bin/npm cwd='~/src/quill-admin' command='npm run lint' status=SUCCESS
2026-08-25T11:40:34Z user=nora.singh host=SQ-LT-03 event=PROCESS_START session=33af9d5025 pid=10980 process=npm executable=/usr/bin/npm cwd='~/src/platform-tools' command='npm test' status=SUCCESS
2026-08-25T11:42:28Z user=nora.singh host=SQ-LT-03 event=FILE_WRITE session=33af9d5025 path='~/src/quill-api/src/services/deploy.ts' process=node status=SUCCESS
2026-08-25T11:42:29Z user=nora.singh host=SQ-LT-03 event=FILE_OPEN session=33af9d5025 path='~/src/quill-api/src/services/metrics.ts' process=node status=SUCCESS
2026-08-25T11:43:49Z user=nora.singh host=SQ-LT-03 event=PROCESS_START session=33af9d5025 pid=22693 process=npm executable=/usr/bin/npm cwd='~/Downloads' command='npm run lint' status=SUCCESS
2026-08-25T11:43:53Z user=nora.singh host=SQ-LT-03 event=FILE_OPEN session=33af9d5025 path='~/src/deploy-scripts/src/config.ts' process=node status=SUCCESS
2026-08-25T12:08:24Z user=nora.singh host=SQ-LT-03 event=PRINT_JOB session=33af9d5025 printer=sq-floor3-mfp pages=7 status=SUCCESS
2026-08-25T12:08:40Z user=nora.singh host=SQ-LT-03 event=NETWORK_CONNECT session=33af9d5025 process=npm destination=ci.silverquill.internal dest_ip=10.18.5.9 dest_port=443 protocol=tcp status=SUCCESS
2026-08-25T12:09:07Z user=nora.singh host=SQ-LT-03 event=IDLE_CHECK session=33af9d5025 status=SUCCESS
2026-08-25T12:09:33Z user=nora.singh host=SQ-LT-03 event=NETWORK_CONNECT session=33af9d5025 process=node destination=jira.silverquill.internal dest_ip=10.18.1.21 dest_port=443 protocol=tcp status=SUCCESS
2026-08-25T12:12:55Z user=nora.singh host=SQ-LT-03 event=HEARTBEAT session=33af9d5025 agent=edr-7.4.2 status=SUCCESS
2026-08-25T12:13:57Z user=nora.singh host=SQ-LT-03 event=EDR_HEALTH session=33af9d5025 sensor=healthy status=SUCCESS
2026-08-25T12:15:06Z user=nora.singh host=SQ-LT-03 event=POLICY_REFRESH session=33af9d5025 policy=endpoint-standard-v6 status=SUCCESS
2026-08-25T12:16:26Z user=nora.singh host=SQ-LT-03 event=FILE_OPEN session=33af9d5025 path='~/src/observability/scripts/release.sh' process=code status=SUCCESS
2026-08-25T12:19:11Z user=nora.singh host=SQ-LT-03 event=PRINT_JOB session=33af9d5025 printer=sq-floor3-mfp pages=1 status=SUCCESS
2026-08-25T12:19:47Z user=nora.singh host=SQ-LT-03 event=POLICY_REFRESH session=33af9d5025 policy=endpoint-standard-v6 status=SUCCESS
2026-08-25T12:20:49Z user=nora.singh host=SQ-LT-03 event=NETWORK_CONNECT session=33af9d5025 process=npm destination=ci.silverquill.internal dest_ip=10.18.5.9 dest_port=443 protocol=tcp status=SUCCESS
2026-08-25T12:21:39Z user=nora.singh host=SQ-LT-03 event=NETWORK_CONNECT session=33af9d5025 process=code destination=registry.silverquill.internal dest_ip=10.18.3.12 dest_port=443 protocol=tcp status=SUCCESS
2026-08-25T12:23:13Z user=nora.singh host=SQ-LT-03 event=PROCESS_START session=33af9d5025 pid=62025 process=slack executable=/usr/bin/slack cwd='~/src/platform-tools' status=SUCCESS
2026-08-25T12:24:43Z user=nora.singh host=SQ-LT-03 event=FILE_SYNC session=33af9d5025 target=corp-drive status=SUCCESS
2026-08-25T12:26:33Z user=nora.singh host=SQ-LT-03 event=NETWORK_CONNECT session=33af9d5025 process=code destination=jira.silverquill.internal dest_ip=10.18.1.21 dest_port=443 protocol=tcp status=SUCCESS
2026-08-25T12:27:10Z user=nora.singh host=SQ-LT-03 event=IDLE_CHECK session=33af9d5025 status=SUCCESS
2026-08-25T12:31:58Z user=nora.singh host=SQ-LT-03 event=FILE_WRITE session=33af9d5025 path='~/src/observability/package-lock.json' process=npm status=SUCCESS
2026-08-25T12:34:07Z user=nora.singh host=SQ-LT-03 event=PROCESS_START session=33af9d5025 pid=58948 process=code executable=/usr/share/code/code cwd='~/src/deploy-scripts' status=SUCCESS
2026-08-25T12:35:08Z user=nora.singh host=SQ-LT-03 event=PACKAGE_UPDATE session=33af9d5025 package=chrome status=SUCCESS
2026-08-25T12:37:00Z user=nora.singh host=SQ-LT-03 event=PROCESS_START session=33af9d5025 pid=16864 process=python3 executable=/usr/bin/python3 cwd='~/src/deploy-scripts' command='python3 scripts/audit_config.py' status=SUCCESS
2026-08-25T12:38:47Z user=nora.singh host=SQ-LT-03 event=FILE_WRITE session=33af9d5025 path='~/src/quill-admin/.github/workflows/ci.yml' process=node status=SUCCESS
2026-08-25T12:38:58Z user=nora.singh host=SQ-LT-03 event=POLICY_REFRESH session=33af9d5025 policy=endpoint-standard-v6 status=SUCCESS
2026-08-25T12:41:20Z user=nora.singh host=SQ-LT-03 event=FILE_WRITE session=33af9d5025 path='~/src/deploy-scripts/src/services/deploy.ts' process=npm status=SUCCESS
2026-08-25T12:42:02Z user=nora.singh host=SQ-LT-03 event=NETWORK_CONNECT session=33af9d5025 process=code destination=packages.silverquill.internal dest_ip=10.18.2.7 dest_port=443 protocol=tcp status=SUCCESS
2026-08-25T12:43:52Z user=nora.singh host=SQ-LT-03 event=NETWORK_CONNECT session=33af9d5025 process=code destination=jira.silverquill.internal dest_ip=10.18.1.21 dest_port=443 protocol=tcp status=SUCCESS
2026-08-25T12:48:03Z user=nora.singh host=SQ-LT-03 event=POLICY_REFRESH session=33af9d5025 policy=endpoint-standard-v6 status=SUCCESS
2026-08-25T12:49:40Z user=nora.singh host=SQ-LT-03 event=TIME_SYNC session=33af9d5025 source=ntp.silverquill.internal status=SUCCESS
2026-08-25T12:53:33Z user=nora.singh host=SQ-LT-03 event=TIME_SYNC session=33af9d5025 source=ntp.silverquill.internal status=SUCCESS
2026-08-25T12:53:54Z user=nora.singh host=SQ-LT-03 event=USB_MOUNT session=33af9d5025 device=Logitech-Receiver status=SUCCESS
2026-08-25T12:58:08Z user=nora.singh host=SQ-LT-03 event=FILE_WRITE session=33af9d5025 path='~/src/deploy-scripts/scripts/check-config.js' process=node status=SUCCESS
2026-08-25T13:06:59Z user=nora.singh host=SQ-LT-03 event=EDR_HEALTH session=33af9d5025 sensor=healthy status=SUCCESS
2026-08-25T13:12:36Z user=nora.singh host=SQ-LT-03 event=POLICY_REFRESH session=33af9d5025 policy=endpoint-standard-v6 status=SUCCESS
2026-08-25T13:15:03Z user=nora.singh host=SQ-LT-03 event=PROCESS_START session=33af9d5025 pid=18801 process=chrome executable=/opt/google/chrome/chrome cwd='~/src/platform-tools' status=SUCCESS
2026-08-25T13:19:24Z user=nora.singh host=SQ-LT-03 event=HEARTBEAT session=33af9d5025 agent=edr-7.4.2 status=SUCCESS
2026-08-25T13:20:09Z user=nora.singh host=SQ-LT-03 event=PROCESS_START session=33af9d5025 pid=59247 process=bash executable=/usr/bin/bash cwd='~/src/quill-api' command='bash scripts/check-env.sh' status=SUCCESS
2026-08-25T13:21:30Z user=nora.singh host=SQ-LT-03 event=FILE_WRITE session=33af9d5025 path='~/src/quill-api/src/config.ts' process=npm status=SUCCESS
2026-08-25T13:23:47Z user=nora.singh host=SQ-LT-03 event=SCREEN_LOCK session=33af9d5025 status=SUCCESS
2026-08-25T13:25:23Z user=nora.singh host=SQ-LT-03 event=FILE_WRITE session=33af9d5025 path='~/src/quill-api/src/services/deploy.ts' process=python3 status=SUCCESS
2026-08-25T13:27:12Z user=nora.singh host=SQ-LT-03 event=ANTIVIRUS_SCAN session=33af9d5025 engine=defender mode=quick status=SUCCESS
2026-08-25T13:28:51Z user=nora.singh host=SQ-LT-03 event=NETWORK_CONNECT session=33af9d5025 process=node destination=sso.silverquill.internal dest_ip=10.18.7.11 dest_port=443 protocol=tcp status=SUCCESS
2026-08-25T13:29:32Z user=nora.singh host=SQ-LT-03 event=PROCESS_START session=33af9d5025 pid=2195 process=python3 executable=/usr/bin/python3 cwd='~' command='python3 scripts/check_release.py' status=SUCCESS
2026-08-25T13:33:08Z user=nora.singh host=SQ-LT-03 event=FILE_WRITE session=33af9d5025 path='~/src/quill-admin/scripts/release.sh' process=python3 status=SUCCESS
2026-08-25T13:34:53Z user=nora.singh host=SQ-LT-03 event=SCREEN_UNLOCK session=33af9d5025 method=fido2 status=SUCCESS
2026-08-25T13:37:40Z user=nora.singh host=SQ-LT-03 event=NETWORK_CONNECT session=33af9d5025 process=node destination=packages.silverquill.internal dest_ip=10.18.2.7 dest_port=443 protocol=tcp status=SUCCESS
2026-08-25T13:38:16Z user=nora.singh host=SQ-LT-03 event=FILE_WRITE session=33af9d5025 path='~/src/deploy-scripts/package-lock.json' process=code status=SUCCESS
2026-08-25T13:39:45Z user=nora.singh host=SQ-LT-03 event=EDR_HEALTH session=33af9d5025 sensor=healthy status=SUCCESS
2026-08-25T13:43:51Z user=nora.singh host=SQ-LT-03 event=PROCESS_START session=33af9d5025 pid=20230 process=node executable=/usr/bin/node cwd='~/src/quill-admin' command='node ./scripts/check-config.js' status=SUCCESS
2026-08-25T13:44:47Z user=nora.singh host=SQ-LT-03 event=PROCESS_START session=33af9d5025 pid=39172 process=node executable=/usr/bin/node cwd='~/src/platform-tools' command='node ./scripts/validate-schema.js' status=SUCCESS
2026-08-25T13:47:43Z user=nora.singh host=SQ-LT-03 event=ANTIVIRUS_SCAN session=33af9d5025 engine=defender mode=quick status=SUCCESS
2026-08-25T13:49:22Z user=nora.singh host=SQ-LT-03 event=NETWORK_CONNECT session=33af9d5025 process=python3 destination=grafana.silverquill.internal dest_ip=10.18.4.18 dest_port=443 protocol=tcp status=SUCCESS
2026-08-25T13:49:50Z user=nora.singh host=SQ-LT-03 event=PROCESS_START session=33af9d5025 pid=53198 process=bash executable=/usr/bin/bash cwd='~/src/observability' command='bash scripts/check-env.sh' status=SUCCESS
2026-08-25T13:50:30Z user=nora.singh host=SQ-LT-03 event=POLICY_REFRESH session=33af9d5025 policy=endpoint-standard-v6 status=SUCCESS
2026-08-25T13:51:41Z user=nora.singh host=SQ-LT-03 event=NETWORK_CONNECT session=33af9d5025 process=node destination=grafana.silverquill.internal dest_ip=10.18.4.18 dest_port=443 protocol=tcp status=SUCCESS
2026-08-25T14:02:11Z user=nora.singh host=SQ-LT-03 event=FILE_OPEN session=33af9d5025 path='~/src/observability/.github/workflows/ci.yml' process=node status=SUCCESS
2026-08-25T14:04:36Z user=nora.singh host=SQ-LT-03 event=POLICY_REFRESH session=33af9d5025 status=SUCCESS
2026-08-25T14:06:56Z user=nora.singh host=SQ-LT-03 event=FILE_OPEN session=33af9d5025 path='~/src/platform-tools/src/config.ts' process=npm status=SUCCESS
2026-08-25T14:08:28Z user=nora.singh host=SQ-LT-03 event=PRINT_JOB session=33af9d5025 printer=sq-floor3-mfp pages=5 status=SUCCESS
2026-08-25T14:09:47Z user=nora.singh host=SQ-LT-03 event=HEARTBEAT session=33af9d5025 agent=edr-7.4.2 status=SUCCESS
2026-08-25T14:10:49Z user=nora.singh host=SQ-LT-03 event=NETWORK_CONNECT session=33af9d5025 process=npm destination=jira.silverquill.internal dest_ip=10.18.1.21 dest_port=443 protocol=tcp status=SUCCESS
2026-08-25T14:18:42Z user=nora.singh host=SQ-LT-03 event=IDLE_CHECK session=33af9d5025 status=SUCCESS
2026-08-25T14:19:05Z user=nora.singh host=SQ-LT-03 event=TIME_SYNC session=33af9d5025 source=ntp.silverquill.internal status=SUCCESS
2026-08-25T14:24:28Z user=nora.singh host=SQ-LT-03 event=PROCESS_START session=33af9d5025 pid=3338 process=chrome executable=/opt/google/chrome/chrome cwd='~/src/quill-admin' status=SUCCESS
2026-08-25T14:26:52Z user=nora.singh host=SQ-LT-03 event=PROCESS_START session=33af9d5025 pid=47713 process=node executable=/usr/bin/node cwd='~/src/quill-admin' command='node ./scripts/validate-schema.js' status=SUCCESS
2026-08-25T14:34:46Z user=nora.singh host=SQ-LT-03 event=ANTIVIRUS_SCAN session=33af9d5025 engine=defender mode=realtime status=SUCCESS
2026-08-25T14:36:47Z user=nora.singh host=SQ-LT-03 event=NETWORK_CONNECT session=33af9d5025 process=npm destination=ci.silverquill.internal dest_ip=10.18.5.9 dest_port=443 protocol=tcp status=SUCCESS
2026-08-25T14:41:03Z user=nora.singh host=SQ-LT-03 event=FILE_SYNC session=33af9d5025 target=settings-roam status=SUCCESS
2026-08-25T14:41:06Z user=nora.singh host=SQ-LT-03 event=EDR_HEALTH session=33af9d5025 sensor=healthy status=SUCCESS
2026-08-25T14:42:20Z user=nora.singh host=SQ-LT-03 event=EDR_HEALTH session=33af9d5025 status=SUCCESS
2026-08-25T14:46:53Z user=nora.singh host=SQ-LT-03 event=POLICY_REFRESH session=33af9d5025 policy=endpoint-standard-v6 status=SUCCESS
2026-08-25T14:55:43Z user=nora.singh host=SQ-LT-03 event=NETWORK_CONNECT session=33af9d5025 process=code destination=docs.silverquill.internal dest_ip=10.18.6.14 dest_port=443 protocol=tcp status=SUCCESS
2026-08-25T14:56:23Z user=nora.singh host=SQ-LT-03 event=USB_MOUNT session=33af9d5025 device=Logitech-Receiver status=SUCCESS
2026-08-25T14:56:32Z user=nora.singh host=SQ-LT-03 event=NETWORK_CONNECT session=33af9d5025 process=python3 destination=registry.silverquill.internal dest_ip=10.18.3.12 dest_port=443 protocol=tcp status=SUCCESS
2026-08-25T15:04:25Z user=nora.singh host=SQ-LT-03 event=PROCESS_START session=33af9d5025 pid=15430 process=node executable=/usr/bin/node cwd='~/src/observability' command='node ./scripts/check-config.js' status=SUCCESS
2026-08-25T15:10:23Z user=nora.singh host=SQ-LT-03 event=TIME_SYNC session=33af9d5025 source=ntp.silverquill.internal status=SUCCESS
2026-08-25T15:15:23Z user=nora.singh host=SQ-LT-03 event=PROCESS_START session=33af9d5025 pid=33356 process=npm executable=/usr/bin/npm cwd='~/src/observability' command='npm run lint' status=SUCCESS
2026-08-25T15:16:28Z user=nora.singh host=SQ-LT-03 event=USB_MOUNT session=33af9d5025 device=YubiKey-5C-NFC status=SUCCESS
2026-08-25T15:20:35Z user=nora.singh host=SQ-LT-03 event=PROCESS_START session=33af9d5025 pid=21515 process=chrome executable=/opt/google/chrome/chrome cwd='~/Downloads' status=SUCCESS
2026-08-25T15:25:36Z user=nora.singh host=SQ-LT-03 event=PROCESS_START session=33af9d5025 pid=48829 process=bash executable=/usr/bin/bash cwd='~/src/platform-tools' command='bash scripts/test-health.sh' status=SUCCESS
2026-08-25T15:26:15Z user=nora.singh host=SQ-LT-03 event=FILE_OPEN session=33af9d5025 path='~/src/observability/src/routes/status.ts' process=npm status=SUCCESS
2026-08-25T15:29:35Z user=nora.singh host=SQ-LT-03 event=PROCESS_START session=33af9d5025 pid=3986 process=bash executable=/usr/bin/bash cwd='~/src/platform-tools' command='bash scripts/run-local.sh' status=SUCCESS
2026-08-25T15:32:16Z user=nora.singh host=SQ-LT-03 event=PROCESS_START session=33af9d5025 pid=59090 process=chrome executable=/opt/google/chrome/chrome cwd='~/src/quill-admin' status=SUCCESS
2026-08-25T15:32:36Z user=nora.singh host=SQ-LT-03 event=PROCESS_START session=33af9d5025 pid=30975 process=npm executable=/usr/bin/npm cwd='~/src/observability' command='npm audit --omit=dev' status=SUCCESS
2026-08-25T15:34:27Z user=nora.singh host=SQ-LT-03 event=NETWORK_CONNECT session=33af9d5025 process=code destination=ci.silverquill.internal dest_ip=10.18.5.9 dest_port=443 protocol=tcp status=SUCCESS
2026-08-25T15:34:33Z user=nora.singh host=SQ-LT-03 event=PROCESS_START session=33af9d5025 pid=10213 process=chrome executable=/opt/google/chrome/chrome cwd='~/src/deploy-scripts' status=SUCCESS
2026-08-25T15:39:56Z user=nora.singh host=SQ-LT-03 event=PROCESS_START session=33af9d5025 pid=52377 process=bash executable=/usr/bin/bash cwd='~/src/deploy-scripts' command='bash scripts/run-local.sh' status=SUCCESS
2026-08-25T15:39:58Z user=nora.singh host=SQ-LT-03 event=PROCESS_START session=33af9d5025 pid=30289 process=chrome executable=/opt/google/chrome/chrome cwd='~/src/deploy-scripts' status=SUCCESS
2026-08-25T15:41:52Z user=nora.singh host=SQ-LT-03 event=FILE_SYNC session=33af9d5025 target=corp-drive status=SUCCESS
2026-08-25T15:42:45Z user=nora.singh host=SQ-LT-03 event=FILE_OPEN session=33af9d5025 path='~/src/deploy-scripts/src/routes/health.ts' process=npm status=SUCCESS
2026-08-25T15:43:19Z user=nora.singh host=SQ-LT-03 event=NETWORK_CONNECT session=33af9d5025 process=npm destination=jira.silverquill.internal dest_ip=10.18.1.21 dest_port=443 protocol=tcp status=SUCCESS
2026-08-25T15:49:56Z user=nora.singh host=SQ-LT-03 event=IDLE_CHECK session=33af9d5025 status=SUCCESS
2026-08-25T15:56:42Z user=nora.singh host=SQ-LT-03 event=TIME_SYNC session=33af9d5025 source=ntp.silverquill.internal status=SUCCESS
2026-08-25T15:59:55Z user=nora.singh host=SQ-LT-03 event=NETWORK_CONNECT session=33af9d5025 process=chrome destination=ci.silverquill.internal dest_ip=10.18.5.9 dest_port=443 protocol=tcp status=SUCCESS
2026-08-25T15:59:57Z user=nora.singh host=SQ-LT-03 event=FILE_SYNC session=33af9d5025 target=settings-roam status=SUCCESS
2026-08-25T16:02:51Z user=nora.singh host=SQ-LT-03 event=EDR_HEALTH session=33af9d5025 sensor=healthy status=SUCCESS
2026-08-25T16:03:26Z user=nora.singh host=SQ-LT-03 event=NETWORK_CONNECT session=33af9d5025 process=npm destination=sso.silverquill.internal dest_ip=10.18.7.11 dest_port=443 protocol=tcp status=SUCCESS
2026-08-25T16:06:45Z user=nora.singh host=SQ-LT-03 event=ANTIVIRUS_SCAN session=33af9d5025 engine=defender mode=quick status=SUCCESS
2026-08-25T16:09:40Z user=nora.singh host=SQ-LT-03 event=PROCESS_START session=33af9d5025 pid=51283 process=code executable=/usr/share/code/code cwd='~/src/deploy-scripts' status=SUCCESS
2026-08-25T16:09:44Z user=nora.singh host=SQ-LT-03 event=FILE_OPEN session=33af9d5025 path='~/src/quill-api/package.json' process=code status=SUCCESS
2026-08-25T16:10:45Z user=nora.singh host=SQ-LT-03 event=HEARTBEAT session=33af9d5025 agent=edr-7.4.2 status=SUCCESS
2026-08-25T16:13:43Z user=nora.singh host=SQ-LT-03 event=PROCESS_START session=33af9d5025 pid=4672 process=npm executable=/usr/bin/npm cwd='~' command='npm test' status=SUCCESS
2026-08-25T16:20:37Z user=nora.singh host=SQ-LT-03 event=PROCESS_START session=33af9d5025 pid=39832 process=code executable=/usr/share/code/code cwd='~/src/quill-api' status=SUCCESS
2026-08-25T16:24:37Z user=nora.singh host=SQ-LT-03 event=HEARTBEAT session=33af9d5025 status=SUCCESS
2026-08-25T16:30:37Z user=nora.singh host=SQ-LT-03 event=NETWORK_CONNECT session=33af9d5025 process=chrome destination=registry.silverquill.internal dest_ip=10.18.3.12 dest_port=443 protocol=tcp status=SUCCESS
2026-08-25T16:36:41Z user=nora.singh host=SQ-LT-03 event=POLICY_REFRESH session=33af9d5025 policy=endpoint-standard-v6 status=SUCCESS
2026-08-25T16:40:20Z user=nora.singh host=SQ-LT-03 event=TIME_SYNC session=33af9d5025 source=ntp.silverquill.internal status=SUCCESS
2026-08-25T16:46:32Z user=nora.singh host=SQ-LT-03 event=TIME_SYNC session=33af9d5025 source=ntp.silverquill.internal status=SUCCESS
2026-08-25T16:47:39Z user=nora.singh host=SQ-LT-03 event=POLICY_REFRESH session=33af9d5025 policy=endpoint-standard-v6 status=SUCCESS
2026-08-25T16:52:23Z user=nora.singh host=SQ-LT-03 event=PROCESS_START session=33af9d5025 pid=59574 process=slack executable=/usr/bin/slack cwd='~/src/deploy-scripts' status=SUCCESS
2026-08-25T16:54:01Z user=nora.singh host=SQ-LT-03 event=NETWORK_CONNECT session=33af9d5025 process=node destination=packages.silverquill.internal dest_ip=10.18.2.7 dest_port=443 protocol=tcp status=SUCCESS
2026-08-25T16:56:57Z user=nora.singh host=SQ-LT-03 event=NETWORK_CONNECT session=33af9d5025 process=python3 destination=registry.silverquill.internal dest_ip=10.18.3.12 dest_port=443 protocol=tcp status=SUCCESS
2026-08-25T16:58:09Z user=nora.singh host=SQ-LT-03 event=PROCESS_START session=33af9d5025 pid=50639 process=chrome executable=/opt/google/chrome/chrome cwd='~/src/quill-api' status=SUCCESS
2026-08-25T17:06:27Z user=nora.singh host=SQ-LT-03 event=PROCESS_START session=33af9d5025 pid=8868 process=npm executable=/usr/bin/npm cwd='~/Downloads' command='npm run build' status=SUCCESS
2026-08-25T17:09:01Z user=nora.singh host=SQ-LT-03 event=NETWORK_CONNECT session=33af9d5025 process=npm destination=grafana.silverquill.internal dest_ip=10.18.4.18 dest_port=443 protocol=tcp status=SUCCESS
2026-08-25T17:10:46Z user=nora.singh host=SQ-LT-03 event=FILE_OPEN session=33af9d5025 path='~/src/quill-api/.github/workflows/ci.yml' process=npm status=SUCCESS
2026-08-25T17:11:12Z user=nora.singh host=SQ-LT-03 event=HEARTBEAT session=33af9d5025 agent=edr-7.4.2 status=SUCCESS
2026-08-25T17:13:49Z user=nora.singh host=SQ-LT-03 event=PROCESS_START session=33af9d5025 pid=12763 process=bash executable=/usr/bin/bash cwd='~/src/platform-tools' command='bash scripts/check-env.sh' status=SUCCESS
2026-08-25T17:14:47Z user=nora.singh host=SQ-LT-03 event=FILE_WRITE session=33af9d5025 path='~/src/platform-tools/package.json' process=python3 status=SUCCESS
2026-08-25T17:15:53Z user=nora.singh host=SQ-LT-03 event=HEARTBEAT session=33af9d5025 agent=edr-7.4.2 status=SUCCESS
2026-08-25T17:18:18Z user=nora.singh host=SQ-LT-03 event=PROCESS_START session=33af9d5025 pid=25186 process=code executable=/usr/share/code/code cwd='~' status=SUCCESS
2026-08-25T17:19:18Z user=nora.singh host=SQ-LT-03 event=PROCESS_START session=33af9d5025 pid=37562 process=bash executable=/usr/bin/bash cwd='~/src/platform-tools' command='bash scripts/test-health.sh' status=SUCCESS
2026-08-25T17:22:29Z user=nora.singh host=SQ-LT-03 event=NETWORK_CONNECT session=33af9d5025 process=node destination=jira.silverquill.internal dest_ip=10.18.1.21 dest_port=443 protocol=tcp status=SUCCESS
2026-08-25T17:23:16Z user=nora.singh host=SQ-LT-03 event=PROCESS_START session=33af9d5025 pid=14925 process=chrome executable=/opt/google/chrome/chrome cwd='~/src/quill-api' status=SUCCESS
2026-08-25T17:26:22Z user=nora.singh host=SQ-LT-03 event=FILE_SYNC session=33af9d5025 target=corp-drive status=SUCCESS
2026-08-25T17:27:45Z user=nora.singh host=SQ-LT-03 event=PROCESS_START session=33af9d5025 pid=49572 process=chrome executable=/opt/google/chrome/chrome cwd='~/src/deploy-scripts' status=SUCCESS
2026-08-25T17:31:06Z user=nora.singh host=SQ-LT-03 event=USB_MOUNT session=33af9d5025 device=Logitech-Receiver status=SUCCESS
2026-08-25T17:34:40Z user=nora.singh host=SQ-LT-03 event=PROCESS_START session=33af9d5025 pid=26628 process=bash executable=/usr/bin/bash cwd='~/Downloads' command='bash scripts/run-local.sh' status=SUCCESS
2026-08-25T17:37:14Z user=nora.singh host=SQ-LT-03 event=ANTIVIRUS_SCAN session=33af9d5025 engine=defender mode=quick status=SUCCESS
2026-08-25T17:38:23Z user=nora.singh host=SQ-LT-03 event=PROCESS_START session=33af9d5025 pid=6951 process=python3 executable=/usr/bin/python3 cwd='~/src/quill-api' command='python3 scripts/check_release.py' status=SUCCESS
2026-08-25T17:40:32Z user=nora.singh host=SQ-LT-03 event=FILE_WRITE session=33af9d5025 path='~/src/quill-admin/package.json' process=node status=SUCCESS
2026-08-25T17:44:12Z user=nora.singh host=SQ-LT-03 event=ANTIVIRUS_SCAN session=33af9d5025 engine=defender mode=realtime status=SUCCESS
2026-08-25T17:52:03Z user=nora.singh host=SQ-LT-03 event=PROCESS_START session=33af9d5025 pid=49414 process=chrome executable=/opt/google/chrome/chrome cwd='~/src/quill-api' status=SUCCESS
2026-08-25T17:52:50Z user=nora.singh host=SQ-LT-03 event=HEARTBEAT session=33af9d5025 agent=edr-7.4.2 status=SUCCESS
2026-08-25T18:00:07Z user=nora.singh host=SQ-LT-03 event=IDLE_CHECK session=33af9d5025 status=SUCCESS
2026-08-25T18:00:56Z user=nora.singh host=SQ-LT-03 event=ANTIVIRUS_SCAN session=33af9d5025 engine=defender mode=quick status=SUCCESS
2026-08-25T18:03:55Z user=nora.singh host=SQ-LT-03 event=PROCESS_START session=33af9d5025 pid=3302 process=chrome executable=/opt/google/chrome/chrome cwd='~/src/quill-admin' status=SUCCESS
2026-08-25T18:06:03Z user=nora.singh host=SQ-LT-03 event=POLICY_REFRESH session=33af9d5025 policy=endpoint-standard-v6 status=SUCCESS
2026-08-25T18:09:18Z user=nora.singh host=SQ-LT-03 event=PROCESS_START session=33af9d5025 pid=38577 process=npm executable=/usr/bin/npm cwd='~/src/platform-tools' command='npm audit --omit=dev' status=SUCCESS
2026-08-25T18:12:19Z user=nora.singh host=SQ-LT-03 event=HEARTBEAT session=33af9d5025 agent=edr-7.4.2 status=SUCCESS
2026-08-25T18:19:59Z user=nora.singh host=SQ-LT-03 event=VPN_DISCONNECT session=33af9d5025 profile=corp-vpn status=SUCCESS
2026-08-25T18:24:07Z user=nora.singh host=SQ-LT-03 event=LOGOUT session=33af9d5025 status=SUCCESS
2026-08-25T18:32:43Z host=SQ-LT-03 event=POWER_OFF login=none status=SUCCESS
2026-08-26T09:32:05Z host=SQ-LT-03 event=SYSTEM_BOOT boot_id=986eb360c1 status=SUCCESS
2026-08-26T09:36:28Z user=nora.singh host=SQ-LT-03 event=LOGIN session=39b73fa778 method=password+fido2 status=SUCCESS
2026-08-26T09:40:43Z user=nora.singh host=SQ-LT-03 event=VPN_CONNECT session=39b73fa778 profile=corp-vpn gateway=vpn-blr-02 status=SUCCESS
2026-08-26T09:43:08Z user=nora.singh host=SQ-LT-03 event=POLICY_REFRESH session=39b73fa778 policy=endpoint-standard-v6 status=SUCCESS
2026-08-26T09:50:08Z user=nora.singh host=SQ-LT-03 event=PROCESS_START session=39b73fa778 pid=52572 process=slack executable=/usr/bin/slack cwd='~' status=SUCCESS
2026-08-26T09:50:24Z user=nora.singh host=SQ-LT-03 event=NETWORK_CONNECT session=39b73fa778 process=node destination=grafana.silverquill.internal dest_ip=10.18.4.18 dest_port=443 protocol=tcp status=SUCCESS
2026-08-26T10:00:24Z user=nora.singh host=SQ-LT-03 event=IDLE_CHECK session=39b73fa778 status=SUCCESS
2026-08-26T10:03:25Z user=nora.singh host=SQ-LT-03 event=FILE_OPEN session=39b73fa778 path='~/src/quill-api/src/routes/status.ts' process=node status=SUCCESS
2026-08-26T10:08:55Z user=nora.singh host=SQ-LT-03 event=USB_UNMOUNT session=39b73fa778 device=Logitech-Receiver status=SUCCESS
2026-08-26T10:09:01Z user=nora.singh host=SQ-LT-03 event=PROCESS_START session=39b73fa778 pid=42625 process=python3 executable=/usr/bin/python3 cwd='~' command='python3 scripts/report_health.py' status=SUCCESS
2026-08-26T10:11:09Z user=nora.singh host=SQ-LT-03 event=NETWORK_CONNECT session=39b73fa778 process=python3 destination=docs.silverquill.internal dest_ip=10.18.6.14 dest_port=443 protocol=tcp status=SUCCESS
2026-08-26T10:12:38Z user=nora.singh host=SQ-LT-03 event=NETWORK_CONNECT session=39b73fa778 process=code destination=ci.silverquill.internal dest_ip=10.18.5.9 dest_port=443 protocol=tcp status=SUCCESS
2026-08-26T10:14:10Z user=nora.singh host=SQ-LT-03 event=PROCESS_START session=39b73fa778 pid=52062 process=code executable=/usr/share/code/code cwd='~/src/quill-api' status=SUCCESS
2026-08-26T10:18:47Z user=nora.singh host=SQ-LT-03 event=PROCESS_START session=39b73fa778 pid=37992 process=npm executable=/usr/bin/npm cwd='~/src/quill-api' command='npm run lint' status=SUCCESS
2026-08-26T10:19:03Z user=nora.singh host=SQ-LT-03 event=PROCESS_START session=39b73fa778 pid=31784 process=code executable=/usr/share/code/code cwd='~/src/platform-tools' status=SUCCESS
2026-08-26T10:22:38Z user=nora.singh host=SQ-LT-03 event=FILE_WRITE session=39b73fa778 path='~/src/platform-tools/scripts/check-config.js' process=python3 status=SUCCESS
2026-08-26T10:23:12Z user=nora.singh host=SQ-LT-03 event=PROCESS_START session=39b73fa778 pid=23467 process=chrome executable=/opt/google/chrome/chrome cwd='~/src/deploy-scripts' status=SUCCESS
2026-08-26T10:26:24Z user=nora.singh host=SQ-LT-03 event=FILE_SYNC session=39b73fa778 target=settings-roam status=SUCCESS
2026-08-26T10:35:03Z user=nora.singh host=SQ-LT-03 event=EDR_HEALTH session=39b73fa778 sensor=healthy status=SUCCESS
2026-08-26T10:37:49Z user=nora.singh host=SQ-LT-03 event=PROCESS_START session=39b73fa778 pid=54002 process=bash executable=/usr/bin/bash cwd='~/src/platform-tools' command='bash scripts/run-local.sh' status=SUCCESS
2026-08-26T10:38:09Z user=nora.singh host=SQ-LT-03 event=USB_MOUNT session=39b73fa778 device=Logitech-Receiver status=SUCCESS
2026-08-26T10:39:00Z user=nora.singh host=SQ-LT-03 event=FILE_SYNC session=39b73fa778 target=settings-roam status=SUCCESS
2026-08-26T10:40:11Z user=nora.singh host=SQ-LT-03 event=NETWORK_CONNECT session=39b73fa778 process=npm destination=docs.silverquill.internal dest_ip=10.18.6.14 dest_port=443 protocol=tcp status=SUCCESS
2026-08-26T10:41:36Z user=nora.singh host=SQ-LT-03 event=FILE_OPEN session=39b73fa778 path='~/src/deploy-scripts/src/services/metrics.ts' process=node status=SUCCESS
2026-08-26T10:42:52Z user=nora.singh host=SQ-LT-03 event=TIME_SYNC session=39b73fa778 source=ntp.silverquill.internal status=SUCCESS
2026-08-26T10:43:01Z user=nora.singh host=SQ-LT-03 event=TIME_SYNC session=39b73fa778 source=ntp.silverquill.internal status=SUCCESS
2026-08-26T10:43:11Z user=nora.singh host=SQ-LT-03 event=FILE_OPEN session=39b73fa778 path='~/src/quill-api/src/config.ts' process=node status=SUCCESS
2026-08-26T10:49:23Z user=nora.singh host=SQ-LT-03 event=FILE_SYNC session=39b73fa778 target=corp-drive status=SUCCESS
2026-08-26T10:50:13Z user=nora.singh host=SQ-LT-03 event=NETWORK_CONNECT session=39b73fa778 process=python3 destination=grafana.silverquill.internal dest_ip=10.18.4.18 dest_port=443 protocol=tcp status=SUCCESS
2026-08-26T10:55:33Z user=nora.singh host=SQ-LT-03 event=NETWORK_CONNECT session=39b73fa778 process=npm destination=ci.silverquill.internal dest_ip=10.18.5.9 dest_port=443 protocol=tcp status=SUCCESS
2026-08-26T11:00:33Z user=nora.singh host=SQ-LT-03 event=PROCESS_START session=39b73fa778 pid=39714 process=npm executable=/usr/bin/npm cwd='~' command='npm run build' status=SUCCESS
2026-08-26T11:01:12Z user=nora.singh host=SQ-LT-03 event=PROCESS_START session=39b73fa778 pid=49072 process=node executable=/usr/bin/node cwd='~/src/quill-api' command='node ./dist/server.js' status=SUCCESS
2026-08-26T11:03:12Z user=nora.singh host=SQ-LT-03 event=PROCESS_START session=39b73fa778 pid=46816 process=node executable=/usr/bin/node cwd='~/src/quill-admin' command='node ./dist/server.js' status=SUCCESS
2026-08-26T11:06:16Z user=nora.singh host=SQ-LT-03 event=TIME_SYNC session=39b73fa778 source=ntp.silverquill.internal status=SUCCESS
2026-08-26T11:10:22Z user=nora.singh host=SQ-LT-03 event=PROCESS_START session=39b73fa778 pid=23263 process=python3 executable=/usr/bin/python3 cwd='~/src/quill-api' command='python3 scripts/report_health.py' status=SUCCESS
2026-08-26T11:11:28Z user=nora.singh host=SQ-LT-03 event=TIME_SYNC session=39b73fa778 source=ntp.silverquill.internal status=SUCCESS
2026-08-26T11:19:50Z user=nora.singh host=SQ-LT-03 event=FILE_WRITE session=39b73fa778 path='~/src/quill-api/src/routes/health.ts' process=npm status=SUCCESS
2026-08-26T11:26:28Z user=nora.singh host=SQ-LT-03 event=HEARTBEAT session=39b73fa778 agent=edr-7.4.2 status=SUCCESS
2026-08-26T11:27:38Z user=nora.singh host=SQ-LT-03 event=PROCESS_START session=39b73fa778 pid=11566 process=slack executable=/usr/bin/slack cwd='~' status=SUCCESS
2026-08-26T11:32:44Z user=nora.singh host=SQ-LT-03 event=NETWORK_CONNECT session=39b73fa778 process=npm destination=jira.silverquill.internal dest_ip=10.18.1.21 dest_port=443 protocol=tcp status=SUCCESS
2026-08-26T11:35:44Z user=nora.singh host=SQ-LT-03 event=POLICY_REFRESH session=39b73fa778 policy=endpoint-standard-v6 status=SUCCESS
2026-08-26T11:36:55Z user=nora.singh host=SQ-LT-03 event=PROCESS_START session=39b73fa778 pid=61988 process=npm executable=/usr/bin/npm cwd='~/src/deploy-scripts' command='npm run build' status=SUCCESS
2026-08-26T11:40:32Z user=nora.singh host=SQ-LT-03 event=FILE_OPEN session=39b73fa778 path='~/src/quill-admin/Dockerfile' process=npm status=SUCCESS
2026-08-26T11:44:51Z user=nora.singh host=SQ-LT-03 event=PROCESS_START session=39b73fa778 pid=19637 process=node executable=/usr/bin/node cwd='~/src/platform-tools' command='node ./dist/server.js' status=SUCCESS
2026-08-26T11:45:56Z user=nora.singh host=SQ-LT-03 event=FILE_WRITE session=39b73fa778 path='~/src/platform-tools/src/config.ts' process=node status=SUCCESS
2026-08-26T11:46:46Z user=nora.singh host=SQ-LT-03 event=FILE_SYNC session=39b73fa778 target=settings-roam status=SUCCESS
2026-08-26T11:46:59Z user=nora.singh host=SQ-LT-03 event=NETWORK_CONNECT session=39b73fa778 process=python3 destination=jira.silverquill.internal dest_ip=10.18.1.21 dest_port=443 protocol=tcp status=SUCCESS
2026-08-26T11:54:09Z user=nora.singh host=SQ-LT-03 event=PROCESS_START session=39b73fa778 pid=11909 process=python3 executable=/usr/bin/python3 cwd='~/src/observability' command='python3 scripts/report_health.py' status=SUCCESS
2026-08-26T11:55:45Z user=nora.singh host=SQ-LT-03 event=PROCESS_START session=39b73fa778 pid=10495 process=chrome executable=/opt/google/chrome/chrome cwd='~/src/quill-api' status=SUCCESS
2026-08-26T11:56:36Z user=nora.singh host=SQ-LT-03 event=NETWORK_CONNECT session=39b73fa778 process=code destination=jira.silverquill.internal dest_ip=10.18.1.21 dest_port=443 protocol=tcp status=SUCCESS
2026-08-26T11:57:58Z user=nora.singh host=SQ-LT-03 event=HEARTBEAT session=39b73fa778 agent=edr-7.4.2 status=SUCCESS
2026-08-26T12:00:22Z user=nora.singh host=SQ-LT-03 event=FILE_WRITE session=39b73fa778 path='~/src/observability/package-lock.json' process=node status=SUCCESS
2026-08-26T12:03:47Z user=nora.singh host=SQ-LT-03 event=IDLE_CHECK session=39b73fa778 status=SUCCESS
2026-08-26T12:06:45Z user=nora.singh host=SQ-LT-03 event=IDLE_CHECK session=39b73fa778 status=SUCCESS
2026-08-26T12:07:06Z user=nora.singh host=SQ-LT-03 event=PROCESS_START session=39b73fa778 pid=48617 process=bash executable=/usr/bin/bash cwd='~/src/quill-admin' command='bash scripts/check-env.sh' status=SUCCESS
2026-08-26T12:08:19Z user=nora.singh host=SQ-LT-03 event=POLICY_REFRESH session=39b73fa778 policy=endpoint-standard-v6 status=SUCCESS
2026-08-26T12:12:33Z user=nora.singh host=SQ-LT-03 event=FILE_SYNC session=39b73fa778 target=corp-drive status=SUCCESS
2026-08-26T12:13:24Z user=nora.singh host=SQ-LT-03 event=HEARTBEAT session=39b73fa778 agent=edr-7.4.2 status=SUCCESS
2026-08-26T12:14:06Z user=nora.singh host=SQ-LT-03 event=PROCESS_START session=39b73fa778 pid=19073 process=python3 executable=/usr/bin/python3 cwd='~' command='python3 scripts/report_health.py' status=SUCCESS
2026-08-26T12:14:20Z user=nora.singh host=SQ-LT-03 event=FILE_OPEN session=39b73fa778 path='~/src/deploy-scripts/package-lock.json' process=code status=SUCCESS
2026-08-26T12:15:15Z user=nora.singh host=SQ-LT-03 event=FILE_SYNC session=39b73fa778 target=settings-roam status=SUCCESS
2026-08-26T12:21:19Z user=nora.singh host=SQ-LT-03 event=FILE_OPEN session=39b73fa778 path='~/src/platform-tools/scripts/check-config.js' process=python3 status=SUCCESS
2026-08-26T12:24:55Z user=nora.singh host=SQ-LT-03 event=FILE_OPEN session=39b73fa778 path='~/src/deploy-scripts/src/routes/health.ts' process=node status=SUCCESS
2026-08-26T12:28:04Z user=nora.singh host=SQ-LT-03 event=FILE_WRITE session=39b73fa778 path='~/src/platform-tools/Dockerfile' process=code status=SUCCESS
2026-08-26T12:33:10Z user=nora.singh host=SQ-LT-03 event=FILE_OPEN session=39b73fa778 path='~/src/quill-api/scripts/release.sh' process=code status=SUCCESS
2026-08-26T12:34:53Z user=nora.singh host=SQ-LT-03 event=NETWORK_CONNECT session=39b73fa778 process=npm destination=registry.silverquill.internal dest_ip=10.18.3.12 dest_port=443 protocol=tcp status=SUCCESS
2026-08-26T12:36:59Z user=nora.singh host=SQ-LT-03 event=PROCESS_START session=39b73fa778 pid=10019 process=chrome executable=/opt/google/chrome/chrome cwd='~/src/deploy-scripts' status=SUCCESS
2026-08-26T12:43:03Z user=nora.singh host=SQ-LT-03 event=PROCESS_START session=39b73fa778 pid=60221 process=code executable=/usr/share/code/code cwd='~/src/deploy-scripts' status=SUCCESS
2026-08-26T12:49:08Z user=nora.singh host=SQ-LT-03 event=HEARTBEAT session=39b73fa778 agent=edr-7.4.2 status=SUCCESS
2026-08-26T12:52:15Z user=nora.singh host=SQ-LT-03 event=NETWORK_CONNECT session=39b73fa778 process=npm destination=grafana.silverquill.internal dest_ip=10.18.4.18 dest_port=443 protocol=tcp status=SUCCESS
2026-08-26T12:56:04Z user=nora.singh host=SQ-LT-03 event=NETWORK_CONNECT session=39b73fa778 process=code destination=packages.silverquill.internal dest_ip=10.18.2.7 dest_port=443 protocol=tcp status=SUCCESS
2026-08-26T13:01:52Z user=nora.singh host=SQ-LT-03 event=FILE_OPEN session=39b73fa778 path='~/src/observability/src/services/deploy.ts' process=npm status=SUCCESS
2026-08-26T13:02:54Z user=nora.singh host=SQ-LT-03 event=PACKAGE_UPDATE session=39b73fa778 package=chrome status=SUCCESS
2026-08-26T13:04:35Z user=nora.singh host=SQ-LT-03 event=NETWORK_CONNECT session=39b73fa778 process=python3 destination=ci.silverquill.internal dest_ip=10.18.5.9 dest_port=443 protocol=tcp status=SUCCESS
2026-08-26T13:05:29Z user=nora.singh host=SQ-LT-03 event=PROCESS_START session=39b73fa778 pid=2840 process=chrome executable=/opt/google/chrome/chrome cwd='~' status=SUCCESS
2026-08-26T13:06:13Z user=nora.singh host=SQ-LT-03 event=PROCESS_START session=39b73fa778 pid=9533 process=python3 executable=/usr/bin/python3 cwd='~/src/platform-tools' command='python3 scripts/report_health.py' status=SUCCESS
2026-08-26T13:09:21Z user=nora.singh host=SQ-LT-03 event=FILE_WRITE session=39b73fa778 path='~/src/quill-api/scripts/check-config.js' process=python3 status=SUCCESS
2026-08-26T13:17:01Z user=nora.singh host=SQ-LT-03 event=SCREEN_LOCK session=39b73fa778 status=SUCCESS
2026-08-26T13:20:24Z user=nora.singh host=SQ-LT-03 event=HEARTBEAT session=39b73fa778 agent=edr-7.4.2 status=SUCCESS
2026-08-26T13:25:23Z user=nora.singh host=SQ-LT-03 event=FILE_SYNC session=39b73fa778 target=corp-drive status=SUCCESS
2026-08-26T13:37:47Z user=nora.singh host=SQ-LT-03 event=PROCESS_START session=39b73fa778 pid=42301 process=python3 executable=/usr/bin/python3 cwd='~/src/deploy-scripts' command='python3 scripts/audit_config.py' status=SUCCESS
2026-08-26T13:38:06Z user=nora.singh host=SQ-LT-03 event=SCREEN_UNLOCK session=39b73fa778 method=fido2 status=SUCCESS
2026-08-26T13:38:43Z user=nora.singh host=SQ-LT-03 event=POLICY_REFRESH session=39b73fa778 policy=endpoint-standard-v6 status=SUCCESS
2026-08-26T13:39:50Z user=nora.singh host=SQ-LT-03 event=FILE_OPEN session=39b73fa778 path='~/src/deploy-scripts/.github/workflows/ci.yml' process=npm status=SUCCESS
2026-08-26T13:40:01Z user=nora.singh host=SQ-LT-03 event=USB_MOUNT session=39b73fa778 device=YubiKey-5C-NFC status=SUCCESS
2026-08-26T13:43:13Z user=nora.singh host=SQ-LT-03 event=NETWORK_CONNECT session=39b73fa778 process=npm destination=registry.silverquill.internal dest_ip=10.18.3.12 dest_port=443 protocol=tcp status=SUCCESS
2026-08-26T13:47:27Z user=nora.singh host=SQ-LT-03 event=PROCESS_START session=39b73fa778 pid=61163 process=bash executable=/usr/bin/bash cwd='~' command='bash scripts/run-local.sh' status=SUCCESS
2026-08-26T13:47:54Z user=nora.singh host=SQ-LT-03 event=FILE_OPEN session=39b73fa778 path='~/src/quill-admin/src/routes/status.ts' process=code status=SUCCESS
2026-08-26T13:48:47Z user=nora.singh host=SQ-LT-03 event=PROCESS_START session=39b73fa778 pid=15351 process=chrome executable=/opt/google/chrome/chrome cwd='~/src/quill-api' status=SUCCESS
2026-08-26T13:49:11Z user=nora.singh host=SQ-LT-03 event=NETWORK_CONNECT session=39b73fa778 process=node destination=ci.silverquill.internal dest_ip=10.18.5.9 dest_port=443 protocol=tcp status=SUCCESS
2026-08-26T13:55:38Z user=nora.singh host=SQ-LT-03 event=FILE_OPEN session=39b73fa778 path='~/src/quill-admin/src/services/deploy.ts' process=node status=SUCCESS
2026-08-26T13:59:07Z user=nora.singh host=SQ-LT-03 event=PROCESS_START session=39b73fa778 pid=10093 process=slack executable=/usr/bin/slack cwd='~/src/quill-admin' status=SUCCESS
2026-08-26T13:59:27Z user=nora.singh host=SQ-LT-03 event=NETWORK_CONNECT session=39b73fa778 process=npm destination=jira.silverquill.internal dest_ip=10.18.1.21 dest_port=443 protocol=tcp status=SUCCESS
2026-08-26T14:04:40Z user=nora.singh host=SQ-LT-03 event=EDR_HEALTH session=39b73fa778 sensor=healthy status=SUCCESS
2026-08-26T14:10:02Z user=nora.singh host=SQ-LT-03 event=NETWORK_CONNECT session=39b73fa778 process=code destination=docs.silverquill.internal dest_ip=10.18.6.14 dest_port=443 protocol=tcp status=SUCCESS
2026-08-26T14:11:07Z user=nora.singh host=SQ-LT-03 event=ANTIVIRUS_SCAN session=39b73fa778 engine=defender mode=quick status=SUCCESS
2026-08-26T14:11:31Z user=nora.singh host=SQ-LT-03 event=SCREEN_LOCK session=39b73fa778 status=SUCCESS
2026-08-26T14:13:15Z user=nora.singh host=SQ-LT-03 event=PROCESS_START session=39b73fa778 pid=5700 process=bash executable=/usr/bin/bash cwd='~/src/quill-api' command='bash scripts/check-env.sh' status=SUCCESS
2026-08-26T14:13:18Z user=nora.singh host=SQ-LT-03 event=NETWORK_CONNECT session=39b73fa778 process=chrome destination=ci.silverquill.internal dest_ip=10.18.5.9 dest_port=443 protocol=tcp status=SUCCESS
2026-08-26T14:16:22Z user=nora.singh host=SQ-LT-03 event=PROCESS_START session=39b73fa778 pid=3692 process=code executable=/usr/share/code/code cwd='~/Downloads' status=SUCCESS
2026-08-26T14:17:22Z user=nora.singh host=SQ-LT-03 event=PROCESS_START session=39b73fa778 pid=59642 process=npm executable=/usr/bin/npm cwd='~/src/observability' command='npm run build' status=SUCCESS
2026-08-26T14:18:51Z user=nora.singh host=SQ-LT-03 event=SCREEN_UNLOCK session=39b73fa778 method=fido2 status=SUCCESS
2026-08-26T14:20:24Z user=nora.singh host=SQ-LT-03 event=FILE_SYNC session=39b73fa778 target=settings-roam status=SUCCESS
2026-08-26T14:21:53Z user=nora.singh host=SQ-LT-03 event=NETWORK_CONNECT session=39b73fa778 process=code destination=registry.silverquill.internal dest_ip=10.18.3.12 dest_port=443 protocol=tcp status=SUCCESS
2026-08-26T14:23:16Z user=nora.singh host=SQ-LT-03 event=POLICY_REFRESH session=39b73fa778 policy=endpoint-standard-v6 status=SUCCESS
2026-08-26T14:33:14Z user=nora.singh host=SQ-LT-03 event=HEARTBEAT session=39b73fa778 agent=edr-7.4.2 status=SUCCESS
2026-08-26T14:38:54Z user=nora.singh host=SQ-LT-03 event=NETWORK_CONNECT session=39b73fa778 process=python3 destination=sso.silverquill.internal dest_ip=10.18.7.11 dest_port=443 protocol=tcp status=SUCCESS
2026-08-26T14:40:56Z user=nora.singh host=SQ-LT-03 event=HEARTBEAT session=39b73fa778 agent=edr-7.4.2 status=SUCCESS
2026-08-26T14:44:10Z user=nora.singh host=SQ-LT-03 event=PROCESS_START session=39b73fa778 pid=36898 process=npm executable=/usr/bin/npm cwd='~/src/observability' command='npm run build' status=SUCCESS
2026-08-26T14:44:23Z user=nora.singh host=SQ-LT-03 event=PROCESS_START session=39b73fa778 pid=26414 process=code executable=/usr/share/code/code cwd='~/src/platform-tools' status=SUCCESS
2026-08-26T14:52:25Z user=nora.singh host=SQ-LT-03 event=PROCESS_START session=39b73fa778 pid=39765 process=node executable=/usr/bin/node cwd='~/src/quill-admin' command='node ./scripts/check-config.js' status=SUCCESS
2026-08-26T14:52:52Z user=nora.singh host=SQ-LT-03 event=FILE_WRITE session=39b73fa778 path='~/src/quill-api/scripts/check-config.js' process=node status=SUCCESS
2026-08-26T15:02:14Z user=nora.singh host=SQ-LT-03 event=SCREEN_LOCK session=39b73fa778 status=SUCCESS
2026-08-26T15:05:39Z user=nora.singh host=SQ-LT-03 event=FILE_WRITE session=39b73fa778 path='~/src/platform-tools/scripts/release.sh' process=code status=SUCCESS
2026-08-26T15:06:18Z user=nora.singh host=SQ-LT-03 event=ANTIVIRUS_SCAN session=39b73fa778 engine=defender mode=realtime status=SUCCESS
2026-08-26T15:07:10Z user=nora.singh host=SQ-LT-03 event=FILE_OPEN session=39b73fa778 path='~/src/quill-api/scripts/release.sh' process=python3 status=SUCCESS
2026-08-26T15:08:40Z user=nora.singh host=SQ-LT-03 event=FILE_WRITE session=39b73fa778 path='~/src/quill-admin/README.md' process=python3 status=SUCCESS
2026-08-26T15:18:04Z user=nora.singh host=SQ-LT-03 event=HEARTBEAT session=39b73fa778 agent=edr-7.4.2 status=SUCCESS
2026-08-26T15:19:32Z user=nora.singh host=SQ-LT-03 event=EDR_HEALTH session=39b73fa778 sensor=healthy status=SUCCESS
2026-08-26T15:23:04Z user=nora.singh host=SQ-LT-03 event=ANTIVIRUS_SCAN session=39b73fa778 engine=defender mode=quick status=SUCCESS
2026-08-26T15:25:54Z user=nora.singh host=SQ-LT-03 event=SCREEN_UNLOCK session=39b73fa778 method=fido2 status=SUCCESS
2026-08-26T15:25:56Z user=nora.singh host=SQ-LT-03 event=EDR_HEALTH session=39b73fa778 sensor=healthy status=SUCCESS
2026-08-26T15:28:42Z user=nora.singh host=SQ-LT-03 event=PROCESS_START session=39b73fa778 pid=21695 process=npm executable=/usr/bin/npm cwd='~/src/platform-tools' command='npm run build' status=SUCCESS
2026-08-26T15:31:16Z user=nora.singh host=SQ-LT-03 event=HEARTBEAT session=39b73fa778 agent=edr-7.4.2 status=SUCCESS
2026-08-26T15:33:01Z user=nora.singh host=SQ-LT-03 event=SCREEN_LOCK session=39b73fa778 status=SUCCESS
2026-08-26T15:37:56Z user=nora.singh host=SQ-LT-03 event=FILE_SYNC session=39b73fa778 target=corp-drive status=SUCCESS
2026-08-26T15:42:11Z user=nora.singh host=SQ-LT-03 event=PROCESS_START session=39b73fa778 pid=42604 process=chrome executable=/opt/google/chrome/chrome cwd='~/src/quill-api' status=SUCCESS
2026-08-26T15:42:31Z user=nora.singh host=SQ-LT-03 event=PROCESS_START session=39b73fa778 pid=51467 process=code executable=/usr/share/code/code cwd='~/src/observability' status=SUCCESS
2026-08-26T15:44:31Z user=nora.singh host=SQ-LT-03 event=NETWORK_CONNECT session=39b73fa778 process=code destination=sso.silverquill.internal dest_ip=10.18.7.11 dest_port=443 protocol=tcp status=SUCCESS
2026-08-26T15:45:24Z user=nora.singh host=SQ-LT-03 event=SCREEN_UNLOCK session=39b73fa778 method=fido2 status=SUCCESS
2026-08-26T15:46:41Z user=nora.singh host=SQ-LT-03 event=PROCESS_START session=39b73fa778 pid=9702 process=node executable=/usr/bin/node cwd='~' command='node ./scripts/check-config.js' status=SUCCESS
2026-08-26T16:09:46Z user=nora.singh host=SQ-LT-03 event=NETWORK_CONNECT session=39b73fa778 process=npm destination=registry.silverquill.internal dest_ip=10.18.3.12 dest_port=443 protocol=tcp status=SUCCESS
2026-08-26T16:13:00Z user=nora.singh host=SQ-LT-03 event=PROCESS_START session=39b73fa778 pid=43309 process=bash executable=/usr/bin/bash cwd='~/Downloads' command='bash scripts/run-local.sh' status=SUCCESS
2026-08-26T16:13:08Z user=nora.singh host=SQ-LT-03 event=NETWORK_CONNECT session=39b73fa778 process=code destination=docs.silverquill.internal dest_ip=10.18.6.14 dest_port=443 protocol=tcp status=SUCCESS
2026-08-26T16:19:15Z user=nora.singh host=SQ-LT-03 event=NETWORK_CONNECT session=39b73fa778 process=node destination=jira.silverquill.internal dest_ip=10.18.1.21 dest_port=443 protocol=tcp status=SUCCESS
2026-08-26T16:25:24Z user=nora.singh host=SQ-LT-03 event=NETWORK_CONNECT session=39b73fa778 process=code destination=sso.silverquill.internal dest_ip=10.18.7.11 dest_port=443 protocol=tcp status=SUCCESS
2026-08-26T16:27:36Z user=nora.singh host=SQ-LT-03 event=PROCESS_START session=39b73fa778 pid=5134 process=slack executable=/usr/bin/slack cwd='~/src/deploy-scripts' status=SUCCESS
2026-08-26T16:28:12Z user=nora.singh host=SQ-LT-03 event=PROCESS_START session=39b73fa778 pid=45685 process=code executable=/usr/share/code/code cwd='~/src/quill-api' status=SUCCESS
2026-08-26T16:28:31Z user=nora.singh host=SQ-LT-03 event=IDLE_CHECK session=39b73fa778 status=SUCCESS
2026-08-26T16:28:40Z user=nora.singh host=SQ-LT-03 event=HEARTBEAT session=39b73fa778 agent=edr-7.4.2 status=SUCCESS
2026-08-26T16:32:21Z user=nora.singh host=SQ-LT-03 event=ANTIVIRUS_SCAN session=39b73fa778 engine=defender mode=quick status=SUCCESS
2026-08-26T16:32:35Z user=nora.singh host=SQ-LT-03 event=NETWORK_CONNECT session=39b73fa778 process=npm destination=registry.silverquill.internal dest_ip=10.18.3.12 dest_port=443 protocol=tcp status=SUCCESS
2026-08-26T16:32:44Z user=nora.singh host=SQ-LT-03 event=POLICY_REFRESH session=39b73fa778 policy=endpoint-standard-v6 status=SUCCESS
2026-08-26T16:34:04Z user=nora.singh host=SQ-LT-03 event=PROCESS_START session=39b73fa778 pid=2076 process=npm executable=/usr/bin/npm cwd='~/src/observability' command='npm ci' status=SUCCESS
2026-08-26T16:34:14Z user=nora.singh host=SQ-LT-03 event=FILE_WRITE session=39b73fa778 path='~/src/deploy-scripts/README.md' process=npm status=SUCCESS
2026-08-26T16:41:51Z user=nora.singh host=SQ-LT-03 event=PACKAGE_UPDATE session=39b73fa778 package=nodejs status=SUCCESS
2026-08-26T16:44:36Z user=nora.singh host=SQ-LT-03 event=FILE_OPEN session=39b73fa778 path='~/src/platform-tools/.github/workflows/ci.yml' process=npm status=SUCCESS
2026-08-26T16:44:45Z user=nora.singh host=SQ-LT-03 event=NETWORK_CONNECT session=39b73fa778 process=chrome destination=ci.silverquill.internal dest_ip=10.18.5.9 dest_port=443 protocol=tcp status=SUCCESS
2026-08-26T16:50:48Z user=nora.singh host=SQ-LT-03 event=NETWORK_CONNECT session=39b73fa778 process=npm destination=registry.silverquill.internal dest_ip=10.18.3.12 dest_port=443 protocol=tcp status=SUCCESS
2026-08-26T16:52:32Z user=nora.singh host=SQ-LT-03 event=HEARTBEAT session=39b73fa778 agent=edr-7.4.2 status=SUCCESS
2026-08-26T16:52:59Z user=nora.singh host=SQ-LT-03 event=FILE_OPEN session=39b73fa778 path='~/src/platform-tools/README.md' process=python3 status=SUCCESS
2026-08-26T16:53:35Z user=nora.singh host=SQ-LT-03 event=FILE_WRITE session=39b73fa778 path='~/src/deploy-scripts/Dockerfile' process=node status=SUCCESS
2026-08-26T16:55:46Z user=nora.singh host=SQ-LT-03 event=NETWORK_CONNECT session=39b73fa778 process=python3 destination=packages.silverquill.internal dest_ip=10.18.2.7 dest_port=443 protocol=tcp status=SUCCESS
2026-08-26T16:59:19Z user=nora.singh host=SQ-LT-03 event=FILE_WRITE session=39b73fa778 path='~/src/quill-api/.github/workflows/ci.yml' process=npm status=SUCCESS
2026-08-26T17:01:36Z user=nora.singh host=SQ-LT-03 event=ANTIVIRUS_SCAN session=39b73fa778 engine=defender mode=quick status=SUCCESS
2026-08-26T17:03:57Z user=nora.singh host=SQ-LT-03 event=NETWORK_CONNECT session=39b73fa778 process=code destination=packages.silverquill.internal dest_ip=10.18.2.7 dest_port=443 protocol=tcp status=SUCCESS
2026-08-26T17:04:50Z user=nora.singh host=SQ-LT-03 event=FILE_OPEN session=39b73fa778 path='~/src/observability/src/services/metrics.ts' process=npm status=SUCCESS
2026-08-26T17:08:29Z user=nora.singh host=SQ-LT-03 event=NETWORK_CONNECT session=39b73fa778 process=code destination=sso.silverquill.internal dest_ip=10.18.7.11 dest_port=443 protocol=tcp status=SUCCESS
2026-08-26T17:08:57Z user=nora.singh host=SQ-LT-03 event=FILE_WRITE session=39b73fa778 path='~/src/quill-api/README.md' process=node status=SUCCESS
2026-08-26T17:09:20Z user=nora.singh host=SQ-LT-03 event=IDLE_CHECK session=39b73fa778 status=SUCCESS
2026-08-26T17:12:07Z user=nora.singh host=SQ-LT-03 event=NETWORK_CONNECT session=39b73fa778 process=chrome destination=grafana.silverquill.internal dest_ip=10.18.4.18 dest_port=443 protocol=tcp status=SUCCESS
2026-08-26T17:15:50Z user=nora.singh host=SQ-LT-03 event=TIME_SYNC session=39b73fa778 source=ntp.silverquill.internal status=SUCCESS
2026-08-26T17:16:18Z user=nora.singh host=SQ-LT-03 event=NETWORK_CONNECT session=39b73fa778 process=python3 destination=grafana.silverquill.internal dest_ip=10.18.4.18 dest_port=443 protocol=tcp status=SUCCESS
2026-08-26T17:17:15Z user=nora.singh host=SQ-LT-03 event=PROCESS_START session=39b73fa778 pid=9971 process=npm executable=/usr/bin/npm cwd='~/src/quill-api' command='npm run lint' status=SUCCESS
2026-08-26T17:19:46Z user=nora.singh host=SQ-LT-03 event=PROCESS_START session=39b73fa778 pid=20512 process=chrome executable=/opt/google/chrome/chrome cwd='~/src/platform-tools' status=SUCCESS
2026-08-26T17:21:31Z user=nora.singh host=SQ-LT-03 event=ANTIVIRUS_SCAN session=39b73fa778 engine=defender mode=quick status=SUCCESS
2026-08-26T17:26:56Z user=nora.singh host=SQ-LT-03 event=ANTIVIRUS_SCAN session=39b73fa778 engine=defender mode=quick status=SUCCESS
2026-08-26T17:28:55Z user=nora.singh host=SQ-LT-03 event=FILE_WRITE session=39b73fa778 path='~/src/observability/package-lock.json' process=node status=SUCCESS
2026-08-26T17:32:08Z user=nora.singh host=SQ-LT-03 event=HEARTBEAT session=39b73fa778 agent=edr-7.4.2 status=SUCCESS
2026-08-26T17:35:26Z user=nora.singh host=SQ-LT-03 event=PACKAGE_UPDATE session=39b73fa778 package=nodejs status=SUCCESS
2026-08-26T17:36:31Z user=nora.singh host=SQ-LT-03 event=TIME_SYNC session=39b73fa778 source=ntp.silverquill.internal status=SUCCESS
2026-08-26T17:41:26Z user=nora.singh host=SQ-LT-03 event=PROCESS_START session=39b73fa778 pid=16577 process=python3 executable=/usr/bin/python3 cwd='~/src/deploy-scripts' command='python3 scripts/check_release.py' status=SUCCESS
2026-08-26T17:48:14Z user=nora.singh host=SQ-LT-03 event=FILE_SYNC session=39b73fa778 target=settings-roam status=SUCCESS
2026-08-26T17:48:47Z user=nora.singh host=SQ-LT-03 event=PROCESS_START session=39b73fa778 pid=21570 process=code executable=/usr/share/code/code cwd='~' status=SUCCESS
2026-08-26T17:49:53Z user=nora.singh host=SQ-LT-03 event=FILE_OPEN session=39b73fa778 path='~/src/quill-admin/README.md' process=node status=SUCCESS
2026-08-26T17:55:33Z user=nora.singh host=SQ-LT-03 event=POLICY_REFRESH session=39b73fa778 policy=endpoint-standard-v6 status=SUCCESS
2026-08-26T17:56:27Z user=nora.singh host=SQ-LT-03 event=FILE_OPEN session=39b73fa778 path='~/src/observability/scripts/check-config.js' process=python3 status=SUCCESS
2026-08-26T18:03:10Z user=nora.singh host=SQ-LT-03 event=NETWORK_CONNECT session=39b73fa778 process=npm destination=ci.silverquill.internal dest_ip=10.18.5.9 dest_port=443 protocol=tcp status=SUCCESS
2026-08-26T18:06:34Z user=nora.singh host=SQ-LT-03 event=NETWORK_CONNECT session=39b73fa778 process=code destination=grafana.silverquill.internal dest_ip=10.18.4.18 dest_port=443 protocol=tcp status=SUCCESS
2026-08-26T18:07:05Z user=nora.singh host=SQ-LT-03 event=PROCESS_START session=39b73fa778 pid=7716 process=node executable=/usr/bin/node cwd='~/Downloads' command='node ./scripts/validate-schema.js' status=SUCCESS
2026-08-26T18:08:42Z user=nora.singh host=SQ-LT-03 event=PROCESS_START session=39b73fa778 pid=32290 process=npm executable=/usr/bin/npm cwd='~/src/observability' command='npm run lint' status=SUCCESS
2026-08-26T18:12:21Z user=nora.singh host=SQ-LT-03 event=HEARTBEAT session=39b73fa778 agent=edr-7.4.2 status=SUCCESS
2026-08-26T18:16:58Z user=nora.singh host=SQ-LT-03 event=PROCESS_START session=39b73fa778 pid=10405 process=chrome executable=/opt/google/chrome/chrome cwd='~/src/quill-admin' status=SUCCESS
2026-08-26T18:19:30Z user=nora.singh host=SQ-LT-03 event=TIME_SYNC session=39b73fa778 source=ntp.silverquill.internal status=SUCCESS
2026-08-26T18:19:53Z user=nora.singh host=SQ-LT-03 event=EDR_HEALTH session=39b73fa778 sensor=healthy status=SUCCESS
2026-08-26T18:23:06Z user=nora.singh host=SQ-LT-03 event=EDR_HEALTH session=39b73fa778 sensor=healthy status=SUCCESS
2026-08-26T18:23:28Z user=nora.singh host=SQ-LT-03 event=FILE_SYNC session=39b73fa778 target=corp-drive status=SUCCESS
2026-08-26T18:25:47Z user=nora.singh host=SQ-LT-03 event=NETWORK_CONNECT session=39b73fa778 process=code destination=registry.silverquill.internal dest_ip=10.18.3.12 dest_port=443 protocol=tcp status=SUCCESS
2026-08-26T18:26:22Z user=nora.singh host=SQ-LT-03 event=ANTIVIRUS_SCAN session=39b73fa778 engine=defender mode=quick status=SUCCESS
2026-08-26T18:28:24Z user=nora.singh host=SQ-LT-03 event=PACKAGE_UPDATE session=39b73fa778 package=python3 status=SUCCESS
2026-08-26T18:36:07Z user=nora.singh host=SQ-LT-03 event=ANTIVIRUS_SCAN session=39b73fa778 engine=defender mode=realtime status=SUCCESS
2026-08-26T18:36:31Z user=nora.singh host=SQ-LT-03 event=IDLE_CHECK session=39b73fa778 status=SUCCESS
2026-08-26T18:37:15Z user=nora.singh host=SQ-LT-03 event=NETWORK_CONNECT session=39b73fa778 process=chrome destination=jira.silverquill.internal dest_ip=10.18.1.21 dest_port=443 protocol=tcp status=SUCCESS
2026-08-26T18:37:38Z user=nora.singh host=SQ-LT-03 event=PROCESS_START session=39b73fa778 pid=5592 process=code executable=/usr/share/code/code cwd='~/src/deploy-scripts' status=SUCCESS
2026-08-26T18:37:39Z user=nora.singh host=SQ-LT-03 event=NETWORK_CONNECT session=39b73fa778 process=code destination=packages.silverquill.internal dest_ip=10.18.2.7 dest_port=443 protocol=tcp status=SUCCESS
2026-08-26T18:41:17Z user=nora.singh host=SQ-LT-03 event=ANTIVIRUS_SCAN session=39b73fa778 engine=defender mode=quick status=SUCCESS
2026-08-26T18:44:01Z user=nora.singh host=SQ-LT-03 event=IDLE_CHECK session=39b73fa778 status=SUCCESS
2026-08-26T18:50:24Z user=nora.singh host=SQ-LT-03 event=FILE_OPEN session=39b73fa778 path='~/src/deploy-scripts/.github/workflows/ci.yml' process=npm status=SUCCESS
2026-08-26T19:01:47Z user=nora.singh host=SQ-LT-03 event=TIME_SYNC session=39b73fa778 source=ntp.silverquill.internal status=SUCCESS
2026-08-26T19:03:08Z user=nora.singh host=SQ-LT-03 event=PROCESS_START session=39b73fa778 pid=7857 process=chrome executable=/opt/google/chrome/chrome cwd='~/Downloads' status=SUCCESS
2026-08-26T19:04:19Z user=nora.singh host=SQ-LT-03 event=TIME_SYNC session=39b73fa778 source=ntp.silverquill.internal status=SUCCESS
2026-08-26T19:09:58Z user=nora.singh host=SQ-LT-03 event=POLICY_REFRESH session=39b73fa778 policy=endpoint-standard-v6 status=SUCCESS
2026-08-26T19:10:07Z user=nora.singh host=SQ-LT-03 event=PROCESS_START session=39b73fa778 pid=4776 process=npm executable=/usr/bin/npm cwd='~' command='npm test' status=SUCCESS
2026-08-26T19:11:48Z user=nora.singh host=SQ-LT-03 event=PROCESS_START session=39b73fa778 pid=19935 process=bash executable=/usr/bin/bash cwd='~/src/quill-api' command='bash scripts/check-env.sh' status=SUCCESS
2026-08-26T19:11:56Z user=nora.singh host=SQ-LT-03 event=TIME_SYNC session=39b73fa778 source=ntp.silverquill.internal status=SUCCESS
2026-08-26T19:12:18Z user=nora.singh host=SQ-LT-03 event=VPN_DISCONNECT session=39b73fa778 profile=corp-vpn status=SUCCESS
2026-08-26T19:12:25Z user=nora.singh host=SQ-LT-03 event=NETWORK_CONNECT session=39b73fa778 process=python3 destination=packages.silverquill.internal dest_ip=10.18.2.7 dest_port=443 protocol=tcp status=SUCCESS
2026-08-26T19:13:45Z user=nora.singh host=SQ-LT-03 event=NETWORK_CONNECT session=39b73fa778 process=node destination=sso.silverquill.internal dest_ip=10.18.7.11 dest_port=443 protocol=tcp status=SUCCESS
2026-08-26T19:15:46Z user=nora.singh host=SQ-LT-03 event=PRINT_JOB session=39b73fa778 printer=sq-floor3-mfp pages=6 status=SUCCESS
2026-08-26T19:18:14Z user=nora.singh host=SQ-LT-03 event=LOGOUT session=39b73fa778 status=SUCCESS
2026-08-26T19:21:52Z host=SQ-LT-03 event=POWER_OFF login=none status=SUCCESS
2026-08-27T09:29:44Z host=SQ-LT-03 event=SYSTEM_BOOT boot_id=38a5adf6ba status=SUCCESS
2026-08-27T09:31:45Z user=nora.singh host=SQ-LT-03 event=LOGIN session=5bc4e0bb18 method=password+fido2 status=SUCCESS
2026-08-27T09:32:48Z user=nora.singh host=SQ-LT-03 event=FILE_SYNC session=5bc4e0bb18 target=corp-drive status=SUCCESS
2026-08-27T09:34:40Z user=nora.singh host=SQ-LT-03 event=FILE_WRITE session=5bc4e0bb18 path='~/src/observability/src/routes/health.ts' process=npm status=SUCCESS
2026-08-27T09:35:31Z user=nora.singh host=SQ-LT-03 event=NETWORK_CONNECT session=5bc4e0bb18 process=code destination=registry.silverquill.internal dest_ip=10.18.3.12 dest_port=443 protocol=tcp status=SUCCESS
2026-08-27T09:35:48Z user=nora.singh host=SQ-LT-03 event=VPN_CONNECT session=5bc4e0bb18 profile=corp-vpn gateway=vpn-blr-02 status=SUCCESS
2026-08-27T09:38:09Z user=nora.singh host=SQ-LT-03 event=HEARTBEAT session=5bc4e0bb18 agent=edr-7.4.2 status=SUCCESS
2026-08-27T09:38:54Z user=nora.singh host=SQ-LT-03 event=IDLE_CHECK session=5bc4e0bb18 status=SUCCESS
2026-08-27T09:47:40Z user=nora.singh host=SQ-LT-03 event=NETWORK_CONNECT session=5bc4e0bb18 process=code destination=docs.silverquill.internal dest_ip=10.18.6.14 dest_port=443 protocol=tcp status=SUCCESS
2026-08-27T09:49:20Z user=nora.singh host=SQ-LT-03 event=PROCESS_START session=5bc4e0bb18 pid=44871 process=python3 executable=/usr/bin/python3 cwd='~' command='python3 scripts/report_health.py' status=SUCCESS
2026-08-27T09:52:49Z user=nora.singh host=SQ-LT-03 event=PROCESS_START session=5bc4e0bb18 pid=14504 process=chrome executable=/opt/google/chrome/chrome cwd='~' status=SUCCESS
2026-08-27T09:59:31Z user=nora.singh host=SQ-LT-03 event=PROCESS_START session=5bc4e0bb18 pid=10707 process=python3 executable=/usr/bin/python3 cwd='~/src/platform-tools' command='python3 scripts/check_release.py' status=SUCCESS
2026-08-27T10:00:15Z user=nora.singh host=SQ-LT-03 event=EDR_HEALTH session=5bc4e0bb18 sensor=healthy status=SUCCESS
2026-08-27T10:05:29Z user=nora.singh host=SQ-LT-03 event=SCREEN_LOCK session=5bc4e0bb18 status=SUCCESS
2026-08-27T10:07:57Z user=nora.singh host=SQ-LT-03 event=NETWORK_CONNECT session=5bc4e0bb18 process=python3 destination=jira.silverquill.internal dest_ip=10.18.1.21 dest_port=443 protocol=tcp status=SUCCESS
2026-08-27T10:08:23Z user=nora.singh host=SQ-LT-03 event=PROCESS_START session=5bc4e0bb18 pid=21395 process=chrome executable=/opt/google/chrome/chrome cwd='~' status=SUCCESS
2026-08-27T10:12:10Z user=nora.singh host=SQ-LT-03 event=NETWORK_CONNECT session=5bc4e0bb18 process=python3 destination=grafana.silverquill.internal dest_ip=10.18.4.18 dest_port=443 protocol=tcp status=SUCCESS
2026-08-27T10:13:48Z user=nora.singh host=SQ-LT-03 event=HEARTBEAT session=5bc4e0bb18 agent=edr-7.4.2 status=SUCCESS
2026-08-27T10:18:10Z user=nora.singh host=SQ-LT-03 event=SCREEN_UNLOCK session=5bc4e0bb18 method=fido2 status=SUCCESS
2026-08-27T10:18:32Z user=nora.singh host=SQ-LT-03 event=HEARTBEAT session=5bc4e0bb18 agent=edr-7.4.2 status=SUCCESS
2026-08-27T10:20:52Z user=nora.singh host=SQ-LT-03 event=PROCESS_START session=5bc4e0bb18 pid=42873 process=python3 executable=/usr/bin/python3 cwd='~/Downloads' command='python3 scripts/report_health.py' status=SUCCESS
2026-08-27T10:23:06Z user=nora.singh host=SQ-LT-03 event=FILE_WRITE session=5bc4e0bb18 path='~/src/deploy-scripts/package.json' process=npm status=SUCCESS
2026-08-27T10:23:33Z user=nora.singh host=SQ-LT-03 event=HEARTBEAT session=5bc4e0bb18 agent=edr-7.4.2 status=SUCCESS
2026-08-27T10:25:28Z user=nora.singh host=SQ-LT-03 event=NETWORK_CONNECT session=5bc4e0bb18 process=code destination=jira.silverquill.internal dest_ip=10.18.1.21 dest_port=443 protocol=tcp status=SUCCESS
2026-08-27T10:25:38Z user=nora.singh host=SQ-LT-03 event=FILE_OPEN session=5bc4e0bb18 path='~/src/platform-tools/.github/workflows/ci.yml' process=python3 status=SUCCESS
2026-08-27T10:25:53Z user=nora.singh host=SQ-LT-03 event=USB_UNMOUNT session=5bc4e0bb18 device=YubiKey-5C-NFC status=SUCCESS
2026-08-27T10:26:28Z user=nora.singh host=SQ-LT-03 event=FILE_SYNC session=5bc4e0bb18 target=corp-drive status=SUCCESS
2026-08-27T10:27:02Z user=nora.singh host=SQ-LT-03 event=PROCESS_START session=5bc4e0bb18 pid=13862 process=npm executable=/usr/bin/npm cwd='~/src/deploy-scripts' command='npm test' status=SUCCESS
2026-08-27T10:29:33Z user=nora.singh host=SQ-LT-03 event=EDR_HEALTH session=5bc4e0bb18 sensor=healthy status=SUCCESS
2026-08-27T10:35:17Z user=nora.singh host=SQ-LT-03 event=PROCESS_START session=5bc4e0bb18 pid=34523 process=slack executable=/usr/bin/slack cwd='~/src/quill-api' status=SUCCESS
2026-08-27T10:42:56Z user=nora.singh host=SQ-LT-03 event=NETWORK_CONNECT session=5bc4e0bb18 process=npm destination=grafana.silverquill.internal dest_ip=10.18.4.18 dest_port=443 protocol=tcp status=SUCCESS
2026-08-27T10:43:35Z user=nora.singh host=SQ-LT-03 event=FILE_SYNC session=5bc4e0bb18 target=settings-roam status=SUCCESS
2026-08-27T10:48:06Z user=nora.singh host=SQ-LT-03 event=PROCESS_START session=5bc4e0bb18 pid=52361 process=bash executable=/usr/bin/bash cwd='~/src/platform-tools' command='bash scripts/run-local.sh' status=SUCCESS
2026-08-27T10:48:59Z user=nora.singh host=SQ-LT-03 event=SCREEN_LOCK session=5bc4e0bb18 status=SUCCESS
2026-08-27T10:51:30Z user=nora.singh host=SQ-LT-03 event=FILE_OPEN session=5bc4e0bb18 path='~/src/quill-api/src/routes/health.ts' process=node status=SUCCESS
2026-08-27T10:55:29Z user=nora.singh host=SQ-LT-03 event=HEARTBEAT session=5bc4e0bb18 agent=edr-7.4.2 status=SUCCESS
2026-08-27T10:58:05Z user=nora.singh host=SQ-LT-03 event=HEARTBEAT session=5bc4e0bb18 status=SUCCESS
2026-08-27T11:01:27Z user=nora.singh host=SQ-LT-03 event=SCREEN_UNLOCK session=5bc4e0bb18 method=fido2 status=SUCCESS
2026-08-27T11:02:52Z user=nora.singh host=SQ-LT-03 event=PROCESS_START session=5bc4e0bb18 pid=21479 process=slack executable=/usr/bin/slack cwd='~' status=SUCCESS
2026-08-27T11:16:59Z user=nora.singh host=SQ-LT-03 event=NETWORK_CONNECT session=5bc4e0bb18 process=npm destination=ci.silverquill.internal dest_ip=10.18.5.9 dest_port=443 protocol=tcp status=SUCCESS
2026-08-27T11:18:21Z user=nora.singh host=SQ-LT-03 event=PROCESS_START session=5bc4e0bb18 pid=25935 process=npm executable=/usr/bin/npm cwd='~/Downloads' command='npm ci' status=SUCCESS
2026-08-27T11:21:21Z user=nora.singh host=SQ-LT-03 event=POLICY_REFRESH session=5bc4e0bb18 policy=endpoint-standard-v6 status=SUCCESS
2026-08-27T11:26:49Z user=nora.singh host=SQ-LT-03 event=USB_UNMOUNT session=5bc4e0bb18 device=Logitech-Receiver status=SUCCESS
2026-08-27T11:29:53Z user=nora.singh host=SQ-LT-03 event=USB_MOUNT session=5bc4e0bb18 device=Logitech-Receiver status=SUCCESS
2026-08-27T11:32:38Z user=nora.singh host=SQ-LT-03 event=EDR_HEALTH session=5bc4e0bb18 sensor=healthy status=SUCCESS
2026-08-27T11:37:14Z user=nora.singh host=SQ-LT-03 event=PROCESS_START session=5bc4e0bb18 pid=15294 process=slack executable=/usr/bin/slack cwd='~/src/quill-admin' status=SUCCESS
2026-08-27T11:37:19Z user=nora.singh host=SQ-LT-03 event=ANTIVIRUS_SCAN session=5bc4e0bb18 engine=defender mode=quick status=SUCCESS
2026-08-27T11:37:31Z user=nora.singh host=SQ-LT-03 event=PROCESS_START session=5bc4e0bb18 pid=49915 process=slack executable=/usr/bin/slack cwd='~/src/observability' status=SUCCESS
2026-08-27T11:40:20Z user=nora.singh host=SQ-LT-03 event=PROCESS_START session=5bc4e0bb18 pid=15284 process=chrome executable=/opt/google/chrome/chrome cwd='~/src/platform-tools' status=SUCCESS
2026-08-27T11:47:20Z user=nora.singh host=SQ-LT-03 event=NETWORK_CONNECT session=5bc4e0bb18 process=code destination=sso.silverquill.internal dest_ip=10.18.7.11 dest_port=443 protocol=tcp status=SUCCESS
2026-08-27T11:51:52Z user=nora.singh host=SQ-LT-03 event=SCREEN_LOCK session=5bc4e0bb18 status=SUCCESS
2026-08-27T12:01:02Z user=nora.singh host=SQ-LT-03 event=ANTIVIRUS_SCAN session=5bc4e0bb18 engine=defender mode=realtime status=SUCCESS
2026-08-27T12:01:46Z user=nora.singh host=SQ-LT-03 event=IDLE_CHECK session=5bc4e0bb18 status=SUCCESS
2026-08-27T12:02:12Z user=nora.singh host=SQ-LT-03 event=HEARTBEAT session=5bc4e0bb18 agent=edr-7.4.2 status=SUCCESS
2026-08-27T12:02:24Z user=nora.singh host=SQ-LT-03 event=FILE_WRITE session=5bc4e0bb18 path='~/src/deploy-scripts/README.md' process=npm status=SUCCESS
2026-08-27T12:06:12Z user=nora.singh host=SQ-LT-03 event=NETWORK_CONNECT session=5bc4e0bb18 process=npm destination=registry.silverquill.internal dest_ip=10.18.3.12 dest_port=443 protocol=tcp status=SUCCESS
2026-08-27T12:08:38Z user=nora.singh host=SQ-LT-03 event=SCREEN_UNLOCK session=5bc4e0bb18 method=fido2 status=SUCCESS
2026-08-27T12:09:41Z user=nora.singh host=SQ-LT-03 event=PROCESS_START session=5bc4e0bb18 pid=9155 process=python3 executable=/usr/bin/python3 cwd='~/src/quill-admin' command='python3 scripts/check_release.py' status=SUCCESS
2026-08-27T12:12:21Z user=nora.singh host=SQ-LT-03 event=TIME_SYNC session=5bc4e0bb18 source=ntp.silverquill.internal status=SUCCESS
2026-08-27T12:12:50Z user=nora.singh host=SQ-LT-03 event=IDLE_CHECK session=5bc4e0bb18 status=SUCCESS
2026-08-27T12:14:06Z user=nora.singh host=SQ-LT-03 event=IDLE_CHECK session=5bc4e0bb18 status=SUCCESS
2026-08-27T12:14:42Z user=nora.singh host=SQ-LT-03 event=PROCESS_START session=5bc4e0bb18 pid=30891 process=bash executable=/usr/bin/bash cwd='~/src/deploy-scripts' command='bash scripts/run-local.sh' status=SUCCESS
2026-08-27T12:14:46Z user=nora.singh host=SQ-LT-03 event=FILE_WRITE session=5bc4e0bb18 path='~/src/observability/.github/workflows/ci.yml' process=code status=SUCCESS
2026-08-27T12:15:57Z user=nora.singh host=SQ-LT-03 event=PROCESS_START session=5bc4e0bb18 pid=9864 process=bash executable=/usr/bin/bash cwd='~/src/deploy-scripts' command='bash scripts/test-health.sh' status=SUCCESS
2026-08-27T12:15:59Z user=nora.singh host=SQ-LT-03 event=PROCESS_START session=5bc4e0bb18 pid=36058 process=python3 executable=/usr/bin/python3 cwd='~/src/deploy-scripts' command='python3 scripts/report_health.py' status=SUCCESS
2026-08-27T12:25:10Z user=nora.singh host=SQ-LT-03 event=IDLE_CHECK session=5bc4e0bb18 status=SUCCESS
2026-08-27T12:29:06Z user=nora.singh host=SQ-LT-03 event=PROCESS_START session=5bc4e0bb18 pid=14716 process=npm executable=/usr/bin/npm cwd='~/src/platform-tools' command='npm run lint' status=SUCCESS
2026-08-27T12:30:08Z user=nora.singh host=SQ-LT-03 event=PROCESS_START session=5bc4e0bb18 pid=6777 process=node executable=/usr/bin/node cwd='~/src/deploy-scripts' command='node ./scripts/check-config.js' status=SUCCESS
2026-08-27T12:36:24Z user=nora.singh host=SQ-LT-03 event=NETWORK_CONNECT session=5bc4e0bb18 process=node destination=registry.silverquill.internal dest_ip=10.18.3.12 dest_port=443 protocol=tcp status=SUCCESS
2026-08-27T12:41:39Z user=nora.singh host=SQ-LT-03 event=PROCESS_START session=5bc4e0bb18 pid=53370 process=chrome executable=/opt/google/chrome/chrome cwd='~/src/quill-admin' status=SUCCESS
2026-08-27T12:42:31Z user=nora.singh host=SQ-LT-03 event=NETWORK_CONNECT session=5bc4e0bb18 process=code destination=registry.silverquill.internal dest_ip=10.18.3.12 dest_port=443 protocol=tcp status=SUCCESS
2026-08-27T12:43:54Z user=nora.singh host=SQ-LT-03 event=FILE_OPEN session=5bc4e0bb18 path='~/src/platform-tools/package-lock.json' process=python3 status=SUCCESS
2026-08-27T12:52:19Z user=nora.singh host=SQ-LT-03 event=PACKAGE_UPDATE session=5bc4e0bb18 package=python3 status=SUCCESS
2026-08-27T12:52:48Z user=nora.singh host=SQ-LT-03 event=PROCESS_START session=5bc4e0bb18 pid=59184 process=slack executable=/usr/bin/slack cwd='~/Downloads' status=SUCCESS
2026-08-27T13:00:10Z user=nora.singh host=SQ-LT-03 event=NETWORK_CONNECT session=5bc4e0bb18 process=python3 destination=sso.silverquill.internal dest_ip=10.18.7.11 dest_port=443 protocol=tcp status=SUCCESS
2026-08-27T13:02:33Z user=nora.singh host=SQ-LT-03 event=FILE_OPEN session=5bc4e0bb18 path='~/src/deploy-scripts/src/services/deploy.ts' process=npm status=SUCCESS
2026-08-27T13:12:24Z user=nora.singh host=SQ-LT-03 event=POLICY_REFRESH session=5bc4e0bb18 policy=endpoint-standard-v6 status=SUCCESS
2026-08-27T13:12:24Z user=nora.singh host=SQ-LT-03 event=SCREEN_LOCK session=5bc4e0bb18 status=SUCCESS
2026-08-27T13:18:06Z user=nora.singh host=SQ-LT-03 event=FILE_WRITE session=5bc4e0bb18 path='~/src/quill-admin/package.json' process=code status=SUCCESS
2026-08-27T13:20:04Z user=nora.singh host=SQ-LT-03 event=IDLE_CHECK session=5bc4e0bb18 status=SUCCESS
2026-08-27T13:21:11Z user=nora.singh host=SQ-LT-03 event=PACKAGE_UPDATE session=5bc4e0bb18 package=python3 status=SUCCESS
2026-08-27T13:25:13Z user=nora.singh host=SQ-LT-03 event=PROCESS_START session=5bc4e0bb18 pid=60971 process=code executable=/usr/share/code/code cwd='~/src/deploy-scripts' status=SUCCESS
2026-08-27T13:25:43Z user=nora.singh host=SQ-LT-03 event=PROCESS_START session=5bc4e0bb18 pid=44922 process=node executable=/usr/bin/node cwd='~/Downloads' command='node ./scripts/validate-schema.js' status=SUCCESS
2026-08-27T13:27:56Z user=nora.singh host=SQ-LT-03 event=FILE_OPEN session=5bc4e0bb18 path='~/src/quill-api/src/routes/status.ts' process=node status=SUCCESS
2026-08-27T13:31:02Z user=nora.singh host=SQ-LT-03 event=NETWORK_CONNECT session=5bc4e0bb18 process=node destination=sso.silverquill.internal dest_ip=10.18.7.11 dest_port=443 protocol=tcp status=SUCCESS
2026-08-27T13:31:32Z user=nora.singh host=SQ-LT-03 event=PROCESS_START session=5bc4e0bb18 pid=40847 process=code executable=/usr/share/code/code cwd='~' status=SUCCESS
2026-08-27T13:33:39Z user=nora.singh host=SQ-LT-03 event=IDLE_CHECK session=5bc4e0bb18 status=SUCCESS
2026-08-27T13:36:37Z user=nora.singh host=SQ-LT-03 event=TIME_SYNC session=5bc4e0bb18 source=ntp.silverquill.internal status=SUCCESS
2026-08-27T13:38:42Z user=nora.singh host=SQ-LT-03 event=SCREEN_UNLOCK session=5bc4e0bb18 method=fido2 status=SUCCESS
2026-08-27T13:41:52Z user=nora.singh host=SQ-LT-03 event=ANTIVIRUS_SCAN session=5bc4e0bb18 engine=defender mode=quick status=SUCCESS
2026-08-27T13:49:07Z user=nora.singh host=SQ-LT-03 event=FILE_WRITE session=5bc4e0bb18 path='~/src/platform-tools/package.json' process=node status=SUCCESS
2026-08-27T13:57:03Z user=nora.singh host=SQ-LT-03 event=IDLE_CHECK session=5bc4e0bb18 status=SUCCESS
2026-08-27T13:58:28Z user=nora.singh host=SQ-LT-03 event=NETWORK_CONNECT session=5bc4e0bb18 process=chrome destination=jira.silverquill.internal dest_ip=10.18.1.21 dest_port=443 protocol=tcp status=SUCCESS
2026-08-27T13:59:52Z user=nora.singh host=SQ-LT-03 event=PROCESS_START session=5bc4e0bb18 pid=20704 process=slack executable=/usr/bin/slack cwd='~/src/quill-api' status=SUCCESS
2026-08-27T14:00:50Z user=nora.singh host=SQ-LT-03 event=EDR_HEALTH session=5bc4e0bb18 sensor=healthy status=SUCCESS
2026-08-27T14:01:33Z user=nora.singh host=SQ-LT-03 event=FILE_OPEN session=5bc4e0bb18 path='~/src/deploy-scripts/src/routes/health.ts' process=node status=SUCCESS
2026-08-27T14:02:19Z user=nora.singh host=SQ-LT-03 event=POLICY_REFRESH session=5bc4e0bb18 policy=endpoint-standard-v6 status=SUCCESS
2026-08-27T14:04:29Z user=nora.singh host=SQ-LT-03 event=HEARTBEAT session=5bc4e0bb18 agent=edr-7.4.2 status=SUCCESS
2026-08-27T14:06:34Z user=nora.singh host=SQ-LT-03 event=FILE_WRITE session=5bc4e0bb18 path='~/src/quill-admin/src/services/metrics.ts' process=node status=SUCCESS
2026-08-27T14:13:52Z user=nora.singh host=SQ-LT-03 event=PROCESS_START session=5bc4e0bb18 pid=31146 process=code executable=/usr/share/code/code cwd='~/src/deploy-scripts' status=SUCCESS
2026-08-27T14:14:30Z user=nora.singh host=SQ-LT-03 event=TIME_SYNC session=5bc4e0bb18 source=ntp.silverquill.internal status=SUCCESS
2026-08-27T14:20:06Z user=nora.singh host=SQ-LT-03 event=NETWORK_CONNECT session=5bc4e0bb18 process=chrome destination=packages.silverquill.internal dest_ip=10.18.2.7 dest_port=443 protocol=tcp status=SUCCESS
2026-08-27T14:29:05Z user=nora.singh host=SQ-LT-03 event=PROCESS_START session=5bc4e0bb18 pid=41696 process=node executable=/usr/bin/node cwd='~/src/observability' command='node ./dist/server.js' status=SUCCESS
2026-08-27T14:29:44Z user=nora.singh host=SQ-LT-03 event=EDR_HEALTH session=5bc4e0bb18 sensor=healthy status=SUCCESS
2026-08-27T14:35:59Z user=nora.singh host=SQ-LT-03 event=IDLE_CHECK session=5bc4e0bb18 status=SUCCESS
2026-08-27T14:57:27Z user=nora.singh host=SQ-LT-03 event=FILE_OPEN session=5bc4e0bb18 path='~/src/observability/src/routes/health.ts' process=code status=SUCCESS
2026-08-27T14:58:08Z user=nora.singh host=SQ-LT-03 event=NETWORK_CONNECT session=5bc4e0bb18 process=node destination=registry.silverquill.internal dest_ip=10.18.3.12 dest_port=443 protocol=tcp status=SUCCESS
2026-08-27T14:58:54Z user=nora.singh host=SQ-LT-03 event=PROCESS_START session=5bc4e0bb18 pid=33752 process=code executable=/usr/share/code/code cwd='~/src/quill-admin' status=SUCCESS
2026-08-27T15:00:06Z user=nora.singh host=SQ-LT-03 event=FILE_WRITE session=5bc4e0bb18 path='~/src/deploy-scripts/Dockerfile' process=node status=SUCCESS
2026-08-27T15:00:43Z user=nora.singh host=SQ-LT-03 event=USB_UNMOUNT session=5bc4e0bb18 device=Logitech-Receiver status=SUCCESS
2026-08-27T15:00:59Z user=nora.singh host=SQ-LT-03 event=FILE_OPEN session=5bc4e0bb18 path='~/src/observability/scripts/check-config.js' process=npm status=SUCCESS
2026-08-27T15:01:14Z user=nora.singh host=SQ-LT-03 event=TIME_SYNC session=5bc4e0bb18 source=ntp.silverquill.internal status=SUCCESS
2026-08-27T15:03:40Z user=nora.singh host=SQ-LT-03 event=PROCESS_START session=5bc4e0bb18 pid=31522 process=bash executable=/usr/bin/bash cwd='~' command='bash scripts/test-health.sh' status=SUCCESS
2026-08-27T15:10:00Z user=nora.singh host=SQ-LT-03 event=NETWORK_CONNECT session=5bc4e0bb18 process=node destination=sso.silverquill.internal dest_ip=10.18.7.11 dest_port=443 protocol=tcp status=SUCCESS
2026-08-27T15:11:10Z user=nora.singh host=SQ-LT-03 event=FILE_SYNC session=5bc4e0bb18 target=corp-drive status=SUCCESS
2026-08-27T15:13:59Z user=nora.singh host=SQ-LT-03 event=PROCESS_START session=5bc4e0bb18 pid=11336 process=python3 executable=/usr/bin/python3 cwd='~/src/deploy-scripts' command='python3 scripts/report_health.py' status=SUCCESS
2026-08-27T15:14:34Z user=nora.singh host=SQ-LT-03 event=POLICY_REFRESH session=5bc4e0bb18 policy=endpoint-standard-v6 status=SUCCESS
2026-08-27T15:18:20Z user=nora.singh host=SQ-LT-03 event=ANTIVIRUS_SCAN session=5bc4e0bb18 engine=defender mode=quick status=SUCCESS
2026-08-27T15:19:00Z user=nora.singh host=SQ-LT-03 event=POLICY_REFRESH session=5bc4e0bb18 policy=endpoint-standard-v6 status=SUCCESS
2026-08-27T15:20:23Z user=nora.singh host=SQ-LT-03 event=FILE_WRITE session=5bc4e0bb18 path='~/src/deploy-scripts/src/services/metrics.ts' process=npm status=SUCCESS
2026-08-27T15:22:07Z user=nora.singh host=SQ-LT-03 event=PROCESS_START session=5bc4e0bb18 pid=18446 process=slack executable=/usr/bin/slack cwd='~/Downloads' status=SUCCESS
2026-08-27T15:22:31Z user=nora.singh host=SQ-LT-03 event=FILE_SYNC session=5bc4e0bb18 target=settings-roam status=SUCCESS
2026-08-27T15:22:58Z user=nora.singh host=SQ-LT-03 event=FILE_OPEN session=5bc4e0bb18 path='~/src/deploy-scripts/README.md' process=code status=SUCCESS
2026-08-27T15:24:42Z user=nora.singh host=SQ-LT-03 event=IDLE_CHECK session=5bc4e0bb18 status=SUCCESS
2026-08-27T15:29:17Z user=nora.singh host=SQ-LT-03 event=PROCESS_START session=5bc4e0bb18 pid=45997 process=python3 executable=/usr/bin/python3 cwd='~/src/quill-api' command='python3 scripts/audit_config.py' status=SUCCESS
2026-08-27T15:31:58Z user=nora.singh host=SQ-LT-03 event=ANTIVIRUS_SCAN session=5bc4e0bb18 engine=defender mode=quick status=SUCCESS
2026-08-27T15:32:56Z user=nora.singh host=SQ-LT-03 event=POLICY_REFRESH session=5bc4e0bb18 policy=endpoint-standard-v6 status=SUCCESS
2026-08-27T15:37:00Z user=nora.singh host=SQ-LT-03 event=HEARTBEAT session=5bc4e0bb18 agent=edr-7.4.2 status=SUCCESS
2026-08-27T15:44:38Z user=nora.singh host=SQ-LT-03 event=PROCESS_START session=5bc4e0bb18 pid=5748 process=slack executable=/usr/bin/slack cwd='~/src/quill-api' status=SUCCESS
2026-08-27T15:46:09Z user=nora.singh host=SQ-LT-03 event=NETWORK_CONNECT session=5bc4e0bb18 process=python3 destination=ci.silverquill.internal dest_ip=10.18.5.9 dest_port=443 protocol=tcp status=SUCCESS
2026-08-27T15:47:52Z user=nora.singh host=SQ-LT-03 event=USB_UNMOUNT session=5bc4e0bb18 device=YubiKey-5C-NFC status=SUCCESS
2026-08-27T15:51:26Z user=nora.singh host=SQ-LT-03 event=POLICY_REFRESH session=5bc4e0bb18 policy=endpoint-standard-v6 status=SUCCESS
2026-08-27T15:51:51Z user=nora.singh host=SQ-LT-03 event=PROCESS_START session=5bc4e0bb18 pid=25273 process=python3 executable=/usr/bin/python3 cwd='~' command='python3 scripts/check_release.py' status=SUCCESS
2026-08-27T15:53:41Z user=nora.singh host=SQ-LT-03 event=PROCESS_START session=5bc4e0bb18 pid=25742 process=python3 executable=/usr/bin/python3 cwd='~' command='python3 scripts/audit_config.py' status=SUCCESS
2026-08-27T15:57:30Z user=nora.singh host=SQ-LT-03 event=NETWORK_CONNECT session=5bc4e0bb18 process=chrome destination=sso.silverquill.internal dest_ip=10.18.7.11 dest_port=443 protocol=tcp status=SUCCESS
2026-08-27T16:01:40Z user=nora.singh host=SQ-LT-03 event=PROCESS_START session=5bc4e0bb18 pid=9536 process=chrome executable=/opt/google/chrome/chrome cwd='~' status=SUCCESS
2026-08-27T16:11:33Z user=nora.singh host=SQ-LT-03 event=PROCESS_START session=5bc4e0bb18 pid=15410 process=npm executable=/usr/bin/npm cwd='~' command='npm ci' status=SUCCESS
2026-08-27T16:12:37Z user=nora.singh host=SQ-LT-03 event=EDR_HEALTH session=5bc4e0bb18 sensor=healthy status=SUCCESS
2026-08-27T16:18:11Z user=nora.singh host=SQ-LT-03 event=NETWORK_CONNECT session=5bc4e0bb18 process=python3 destination=sso.silverquill.internal dest_ip=10.18.7.11 dest_port=443 protocol=tcp status=SUCCESS
2026-08-27T16:22:58Z user=nora.singh host=SQ-LT-03 event=PROCESS_START session=5bc4e0bb18 pid=29553 process=npm executable=/usr/bin/npm cwd='~' command='npm run lint' status=SUCCESS
2026-08-27T16:25:29Z user=nora.singh host=SQ-LT-03 event=POLICY_REFRESH session=5bc4e0bb18 status=SUCCESS
2026-08-27T16:25:53Z user=nora.singh host=SQ-LT-03 event=PROCESS_START session=5bc4e0bb18 pid=34415 process=python3 executable=/usr/bin/python3 cwd='~/Downloads' command='python3 scripts/check_release.py' status=SUCCESS
2026-08-27T16:26:42Z user=nora.singh host=SQ-LT-03 event=USB_UNMOUNT session=5bc4e0bb18 device=Logitech-Receiver status=SUCCESS
2026-08-27T16:28:25Z user=nora.singh host=SQ-LT-03 event=TIME_SYNC session=5bc4e0bb18 source=ntp.silverquill.internal status=SUCCESS
2026-08-27T16:29:26Z user=nora.singh host=SQ-LT-03 event=PROCESS_START session=5bc4e0bb18 pid=32152 process=code executable=/usr/share/code/code cwd='~/src/deploy-scripts' status=SUCCESS
2026-08-27T16:32:54Z user=nora.singh host=SQ-LT-03 event=USB_UNMOUNT session=5bc4e0bb18 device=Logitech-Receiver status=SUCCESS
2026-08-27T16:33:41Z user=nora.singh host=SQ-LT-03 event=EDR_HEALTH session=5bc4e0bb18 sensor=healthy status=SUCCESS
2026-08-27T16:34:30Z user=nora.singh host=SQ-LT-03 event=EDR_HEALTH session=5bc4e0bb18 sensor=healthy status=SUCCESS
2026-08-27T16:35:49Z user=nora.singh host=SQ-LT-03 event=NETWORK_CONNECT session=5bc4e0bb18 process=python3 destination=jira.silverquill.internal dest_ip=10.18.1.21 dest_port=443 protocol=tcp status=SUCCESS
2026-08-27T16:35:53Z user=nora.singh host=SQ-LT-03 event=FILE_OPEN session=5bc4e0bb18 path='~/src/deploy-scripts/README.md' process=code status=SUCCESS
2026-08-27T16:38:48Z user=nora.singh host=SQ-LT-03 event=NETWORK_CONNECT session=5bc4e0bb18 process=chrome destination=ci.silverquill.internal dest_ip=10.18.5.9 dest_port=443 protocol=tcp status=SUCCESS
2026-08-27T16:39:00Z user=nora.singh host=SQ-LT-03 event=FILE_SYNC session=5bc4e0bb18 target=settings-roam status=SUCCESS
2026-08-27T16:40:07Z user=nora.singh host=SQ-LT-03 event=PROCESS_START session=5bc4e0bb18 pid=40368 process=code executable=/usr/share/code/code cwd='~/Downloads' status=SUCCESS
2026-08-27T16:40:36Z user=nora.singh host=SQ-LT-03 event=FILE_SYNC session=5bc4e0bb18 target=settings-roam status=SUCCESS
2026-08-27T16:41:13Z user=nora.singh host=SQ-LT-03 event=SCREEN_LOCK session=5bc4e0bb18 status=SUCCESS
2026-08-27T16:42:41Z user=nora.singh host=SQ-LT-03 event=FILE_WRITE session=5bc4e0bb18 path='~/src/deploy-scripts/src/routes/health.ts' process=code status=SUCCESS
2026-08-27T16:43:23Z user=nora.singh host=SQ-LT-03 event=PROCESS_START session=5bc4e0bb18 pid=15444 process=python3 executable=/usr/bin/python3 cwd='~' command='python3 scripts/report_health.py' status=SUCCESS
2026-08-27T16:44:53Z user=nora.singh host=SQ-LT-03 event=PROCESS_START session=5bc4e0bb18 pid=11485 process=bash executable=/usr/bin/bash cwd='~/src/deploy-scripts' command='bash scripts/test-health.sh' status=SUCCESS
2026-08-27T16:45:12Z user=nora.singh host=SQ-LT-03 event=SCREEN_UNLOCK session=5bc4e0bb18 method=fido2 status=SUCCESS
2026-08-27T16:45:55Z user=nora.singh host=SQ-LT-03 event=PROCESS_START session=5bc4e0bb18 pid=40641 process=chrome executable=/opt/google/chrome/chrome cwd='~/src/platform-tools' status=SUCCESS
2026-08-27T16:48:27Z user=nora.singh host=SQ-LT-03 event=FILE_OPEN session=5bc4e0bb18 path='~/src/quill-admin/src/routes/health.ts' process=code status=SUCCESS
2026-08-27T16:53:20Z user=nora.singh host=SQ-LT-03 event=NETWORK_CONNECT session=5bc4e0bb18 process=npm destination=sso.silverquill.internal dest_ip=10.18.7.11 dest_port=443 protocol=tcp status=SUCCESS
2026-08-27T17:00:05Z user=nora.singh host=SQ-LT-03 event=NETWORK_CONNECT session=5bc4e0bb18 process=code destination=registry.silverquill.internal dest_ip=10.18.3.12 dest_port=443 protocol=tcp status=SUCCESS
2026-08-27T17:03:26Z user=nora.singh host=SQ-LT-03 event=TIME_SYNC session=5bc4e0bb18 source=ntp.silverquill.internal status=SUCCESS
2026-08-27T17:04:21Z user=nora.singh host=SQ-LT-03 event=NETWORK_CONNECT session=5bc4e0bb18 process=code destination=sso.silverquill.internal dest_ip=10.18.7.11 dest_port=443 protocol=tcp status=SUCCESS
2026-08-27T17:05:53Z user=nora.singh host=SQ-LT-03 event=TIME_SYNC session=5bc4e0bb18 source=ntp.silverquill.internal status=SUCCESS
2026-08-27T17:07:22Z user=nora.singh host=SQ-LT-03 event=ANTIVIRUS_SCAN session=5bc4e0bb18 engine=defender mode=quick status=SUCCESS
2026-08-27T17:15:32Z user=nora.singh host=SQ-LT-03 event=FILE_WRITE session=5bc4e0bb18 path='~/src/quill-admin/scripts/check-config.js' process=code status=SUCCESS
2026-08-27T17:15:39Z user=nora.singh host=SQ-LT-03 event=EDR_HEALTH session=5bc4e0bb18 sensor=healthy status=SUCCESS
2026-08-27T17:16:58Z user=nora.singh host=SQ-LT-03 event=NETWORK_CONNECT session=5bc4e0bb18 process=npm destination=docs.silverquill.internal dest_ip=10.18.6.14 dest_port=443 protocol=tcp status=SUCCESS
2026-08-27T17:17:09Z user=nora.singh host=SQ-LT-03 event=NETWORK_CONNECT session=5bc4e0bb18 process=code destination=jira.silverquill.internal dest_ip=10.18.1.21 dest_port=443 protocol=tcp status=SUCCESS
2026-08-27T17:18:18Z user=nora.singh host=SQ-LT-03 event=ANTIVIRUS_SCAN session=5bc4e0bb18 engine=defender mode=quick status=SUCCESS
2026-08-27T17:18:35Z user=nora.singh host=SQ-LT-03 event=IDLE_CHECK session=5bc4e0bb18 status=SUCCESS
2026-08-27T17:24:06Z user=nora.singh host=SQ-LT-03 event=POLICY_REFRESH session=5bc4e0bb18 status=SUCCESS
2026-08-27T17:24:53Z user=nora.singh host=SQ-LT-03 event=FILE_WRITE session=5bc4e0bb18 path='~/src/observability/src/services/deploy.ts' process=npm status=SUCCESS
2026-08-27T17:28:56Z user=nora.singh host=SQ-LT-03 event=FILE_OPEN session=5bc4e0bb18 path='~/src/quill-api/src/routes/status.ts' process=node status=SUCCESS
2026-08-27T17:33:29Z user=nora.singh host=SQ-LT-03 event=IDLE_CHECK session=5bc4e0bb18 status=SUCCESS
2026-08-27T17:37:08Z user=nora.singh host=SQ-LT-03 event=IDLE_CHECK session=5bc4e0bb18 status=SUCCESS
2026-08-27T17:38:22Z user=nora.singh host=SQ-LT-03 event=PROCESS_START session=5bc4e0bb18 pid=50175 process=slack executable=/usr/bin/slack cwd='~/src/quill-admin' status=SUCCESS
2026-08-27T17:43:28Z user=nora.singh host=SQ-LT-03 event=EDR_HEALTH session=5bc4e0bb18 sensor=healthy status=SUCCESS
2026-08-27T17:44:41Z user=nora.singh host=SQ-LT-03 event=PROCESS_START session=5bc4e0bb18 pid=52408 process=code executable=/usr/share/code/code cwd='~/src/observability' status=SUCCESS
2026-08-27T17:46:28Z user=nora.singh host=SQ-LT-03 event=POLICY_REFRESH session=5bc4e0bb18 policy=endpoint-standard-v6 status=SUCCESS
2026-08-27T17:50:40Z user=nora.singh host=SQ-LT-03 event=TIME_SYNC session=5bc4e0bb18 source=ntp.silverquill.internal status=SUCCESS
2026-08-27T17:52:13Z user=nora.singh host=SQ-LT-03 event=PROCESS_START session=5bc4e0bb18 pid=59307 process=chrome executable=/opt/google/chrome/chrome cwd='~/src/platform-tools' status=SUCCESS
2026-08-27T17:53:46Z user=nora.singh host=SQ-LT-03 event=POLICY_REFRESH session=5bc4e0bb18 policy=endpoint-standard-v6 status=SUCCESS
2026-08-27T17:54:12Z user=nora.singh host=SQ-LT-03 event=PROCESS_START session=5bc4e0bb18 pid=50771 process=npm executable=/usr/bin/npm cwd='~' command='npm ci' status=SUCCESS
2026-08-27T17:58:21Z user=nora.singh host=SQ-LT-03 event=PROCESS_START session=5bc4e0bb18 pid=54215 process=chrome executable=/opt/google/chrome/chrome cwd='~/src/observability' status=SUCCESS
2026-08-27T17:58:24Z user=nora.singh host=SQ-LT-03 event=PROCESS_START session=5bc4e0bb18 pid=58263 process=bash executable=/usr/bin/bash cwd='~/src/platform-tools' command='bash scripts/test-health.sh' status=SUCCESS
2026-08-27T17:58:36Z user=nora.singh host=SQ-LT-03 event=VPN_DISCONNECT session=5bc4e0bb18 profile=corp-vpn status=SUCCESS
2026-08-27T17:58:54Z user=nora.singh host=SQ-LT-03 event=NETWORK_CONNECT session=5bc4e0bb18 process=code destination=docs.silverquill.internal dest_ip=10.18.6.14 dest_port=443 protocol=tcp status=SUCCESS
2026-08-27T18:00:05Z user=nora.singh host=SQ-LT-03 event=FILE_WRITE session=5bc4e0bb18 path='~/src/platform-tools/scripts/check-config.js' process=python3 status=SUCCESS
2026-08-27T18:01:31Z user=nora.singh host=SQ-LT-03 event=LOGOUT session=5bc4e0bb18 status=SUCCESS
2026-08-27T18:09:14Z host=SQ-LT-03 event=POWER_OFF login=none status=SUCCESS
2026-08-28T07:16:00Z host=SQ-LT-03 event=SYSTEM_BOOT boot_id=2e75c5261b status=SUCCESS
2026-08-28T07:17:31Z user=nora.singh host=SQ-LT-03 event=LOGIN session=b0125e62bf method=password+fido2 status=SUCCESS
2026-08-28T07:21:34Z user=nora.singh host=SQ-LT-03 event=VPN_CONNECT session=b0125e62bf profile=corp-vpn gateway=vpn-blr-02 status=SUCCESS
2026-08-28T07:26:50Z user=nora.singh host=SQ-LT-03 event=EDR_HEALTH session=b0125e62bf status=SUCCESS
2026-08-28T07:27:56Z user=nora.singh host=SQ-LT-03 event=FILE_OPEN session=b0125e62bf path='~/src/observability/src/config.ts' process=node status=SUCCESS
2026-08-28T07:31:08Z user=nora.singh host=SQ-LT-03 event=PRINT_JOB session=b0125e62bf printer=sq-floor3-mfp pages=8 status=SUCCESS
2026-08-28T07:31:34Z user=nora.singh host=SQ-LT-03 event=TIME_SYNC session=b0125e62bf source=ntp.silverquill.internal status=SUCCESS
2026-08-28T07:37:42Z user=nora.singh host=SQ-LT-03 event=PROCESS_START session=b0125e62bf pid=42525 process=python3 executable=/usr/bin/python3 cwd='~' command='python3 scripts/audit_config.py' status=SUCCESS
2026-08-28T07:39:46Z user=nora.singh host=SQ-LT-03 event=FILE_WRITE session=b0125e62bf path='~/src/quill-api/src/services/metrics.ts' process=node status=SUCCESS
2026-08-28T07:41:33Z user=nora.singh host=SQ-LT-03 event=PROCESS_START session=b0125e62bf pid=27441 process=chrome executable=/opt/google/chrome/chrome cwd='~/src/observability' status=SUCCESS
2026-08-28T07:42:41Z user=nora.singh host=SQ-LT-03 event=NETWORK_CONNECT session=b0125e62bf process=code destination=registry.silverquill.internal dest_ip=10.18.3.12 dest_port=443 protocol=tcp status=SUCCESS
2026-08-28T07:45:49Z user=nora.singh host=SQ-LT-03 event=HEARTBEAT session=b0125e62bf agent=edr-7.4.2 status=SUCCESS
2026-08-28T07:46:29Z user=nora.singh host=SQ-LT-03 event=TIME_SYNC session=b0125e62bf source=ntp.silverquill.internal status=SUCCESS
2026-08-28T07:48:05Z user=nora.singh host=SQ-LT-03 event=FILE_OPEN session=b0125e62bf path='~/src/observability/src/config.ts' process=npm status=SUCCESS
2026-08-28T07:48:38Z user=nora.singh host=SQ-LT-03 event=HEARTBEAT session=b0125e62bf agent=edr-7.4.2 status=SUCCESS
2026-08-28T07:49:06Z user=nora.singh host=SQ-LT-03 event=FILE_OPEN session=b0125e62bf path='~/src/quill-api/Dockerfile' process=npm status=SUCCESS
2026-08-28T07:51:26Z user=nora.singh host=SQ-LT-03 event=FILE_WRITE session=b0125e62bf path='~/src/deploy-scripts/src/services/metrics.ts' process=node status=SUCCESS
2026-08-28T07:56:18Z user=nora.singh host=SQ-LT-03 event=ANTIVIRUS_SCAN session=b0125e62bf engine=defender mode=quick status=SUCCESS
2026-08-28T07:57:27Z user=nora.singh host=SQ-LT-03 event=ANTIVIRUS_SCAN session=b0125e62bf engine=defender mode=quick status=SUCCESS
2026-08-28T07:58:29Z user=nora.singh host=SQ-LT-03 event=PROCESS_START session=b0125e62bf pid=26031 process=npm executable=/usr/bin/npm cwd='~/src/observability' command='npm test' status=SUCCESS
2026-08-28T08:00:28Z user=nora.singh host=SQ-LT-03 event=FILE_WRITE session=b0125e62bf path='~/src/observability/scripts/check-config.js' process=node status=SUCCESS
2026-08-28T08:05:32Z user=nora.singh host=SQ-LT-03 event=FILE_OPEN session=b0125e62bf path='~/src/deploy-scripts/package.json' process=npm status=SUCCESS
2026-08-28T08:06:03Z user=nora.singh host=SQ-LT-03 event=PROCESS_START session=b0125e62bf pid=34788 process=npm executable=/usr/bin/npm cwd='~/Downloads' command='npm audit --omit=dev' status=SUCCESS
2026-08-28T08:12:15Z user=nora.singh host=SQ-LT-03 event=FILE_SYNC session=b0125e62bf target=corp-drive status=SUCCESS
2026-08-28T08:19:08Z user=nora.singh host=SQ-LT-03 event=POLICY_REFRESH session=b0125e62bf policy=endpoint-standard-v6 status=SUCCESS
2026-08-28T08:19:51Z user=nora.singh host=SQ-LT-03 event=PROCESS_START session=b0125e62bf pid=41716 process=code executable=/usr/share/code/code cwd='~/src/deploy-scripts' status=SUCCESS
2026-08-28T08:26:35Z user=nora.singh host=SQ-LT-03 event=NETWORK_CONNECT session=b0125e62bf process=chrome destination=sso.silverquill.internal dest_ip=10.18.7.11 dest_port=443 protocol=tcp status=SUCCESS
2026-08-28T08:27:22Z user=nora.singh host=SQ-LT-03 event=FILE_OPEN session=b0125e62bf path='~/src/platform-tools/.github/workflows/ci.yml' process=python3 status=SUCCESS
2026-08-28T08:27:54Z user=nora.singh host=SQ-LT-03 event=PROCESS_START session=b0125e62bf pid=25126 process=npm executable=/usr/bin/npm cwd='~/src/observability' command='npm audit --omit=dev' status=SUCCESS
2026-08-28T08:29:31Z user=nora.singh host=SQ-LT-03 event=FILE_OPEN session=b0125e62bf path='~/src/platform-tools/src/services/deploy.ts' process=npm status=SUCCESS
2026-08-28T08:31:16Z user=nora.singh host=SQ-LT-03 event=NETWORK_CONNECT session=b0125e62bf process=npm destination=ci.silverquill.internal dest_ip=10.18.5.9 dest_port=443 protocol=tcp status=SUCCESS
2026-08-28T08:32:24Z user=nora.singh host=SQ-LT-03 event=TIME_SYNC session=b0125e62bf source=ntp.silverquill.internal status=SUCCESS
2026-08-28T08:36:47Z user=nora.singh host=SQ-LT-03 event=FILE_OPEN session=b0125e62bf path='~/src/quill-admin/src/services/deploy.ts' process=node status=SUCCESS
2026-08-28T08:42:34Z user=nora.singh host=SQ-LT-03 event=FILE_SYNC session=b0125e62bf target=settings-roam status=SUCCESS
2026-08-28T08:50:07Z user=nora.singh host=SQ-LT-03 event=HEARTBEAT session=b0125e62bf status=SUCCESS
2026-08-28T08:54:45Z user=nora.singh host=SQ-LT-03 event=NETWORK_CONNECT session=b0125e62bf process=npm destination=grafana.silverquill.internal dest_ip=10.18.4.18 dest_port=443 protocol=tcp status=SUCCESS
2026-08-28T09:07:42Z user=nora.singh host=SQ-LT-03 event=FILE_WRITE session=b0125e62bf path='~/src/quill-api/package-lock.json' process=code status=SUCCESS
2026-08-28T09:11:51Z user=nora.singh host=SQ-LT-03 event=NETWORK_CONNECT session=b0125e62bf process=python3 destination=packages.silverquill.internal dest_ip=10.18.2.7 dest_port=443 protocol=tcp status=SUCCESS
2026-08-28T09:15:59Z user=nora.singh host=SQ-LT-03 event=PROCESS_START session=b0125e62bf pid=54430 process=npm executable=/usr/bin/npm cwd='~/src/platform-tools' command='npm run build' status=SUCCESS
2026-08-28T09:17:13Z user=nora.singh host=SQ-LT-03 event=NETWORK_CONNECT session=b0125e62bf process=python3 destination=ci.silverquill.internal dest_ip=10.18.5.9 dest_port=443 protocol=tcp status=SUCCESS
2026-08-28T09:20:24Z user=nora.singh host=SQ-LT-03 event=EDR_HEALTH session=b0125e62bf status=SUCCESS
2026-08-28T09:23:21Z user=nora.singh host=SQ-LT-03 event=NETWORK_CONNECT session=b0125e62bf process=python3 destination=jira.silverquill.internal dest_ip=10.18.1.21 dest_port=443 protocol=tcp status=SUCCESS
2026-08-28T09:26:31Z user=nora.singh host=SQ-LT-03 event=NETWORK_CONNECT session=b0125e62bf process=python3 destination=grafana.silverquill.internal dest_ip=10.18.4.18 dest_port=443 protocol=tcp status=SUCCESS
2026-08-28T09:28:57Z user=nora.singh host=SQ-LT-03 event=FILE_WRITE session=b0125e62bf path='~/src/deploy-scripts/scripts/check-config.js' process=code status=SUCCESS
2026-08-28T09:29:01Z user=nora.singh host=SQ-LT-03 event=SCREEN_LOCK session=b0125e62bf status=SUCCESS
2026-08-28T09:29:42Z user=nora.singh host=SQ-LT-03 event=ANTIVIRUS_SCAN session=b0125e62bf engine=defender mode=quick status=SUCCESS
2026-08-28T09:36:04Z user=nora.singh host=SQ-LT-03 event=NETWORK_CONNECT session=b0125e62bf process=code destination=grafana.silverquill.internal dest_ip=10.18.4.18 dest_port=443 protocol=tcp status=SUCCESS
2026-08-28T09:36:58Z user=nora.singh host=SQ-LT-03 event=PROCESS_START session=b0125e62bf pid=55093 process=node executable=/usr/bin/node cwd='~/src/platform-tools' command='node ./scripts/validate-schema.js' status=SUCCESS
2026-08-28T09:38:55Z user=nora.singh host=SQ-LT-03 event=PROCESS_START session=b0125e62bf pid=50606 process=slack executable=/usr/bin/slack cwd='~/src/quill-admin' status=SUCCESS
2026-08-28T09:44:49Z user=nora.singh host=SQ-LT-03 event=NETWORK_CONNECT session=b0125e62bf process=python3 destination=grafana.silverquill.internal dest_ip=10.18.4.18 dest_port=443 protocol=tcp status=SUCCESS
2026-08-28T09:46:33Z user=nora.singh host=SQ-LT-03 event=NETWORK_CONNECT session=b0125e62bf process=python3 destination=sso.silverquill.internal dest_ip=10.18.7.11 dest_port=443 protocol=tcp status=SUCCESS
2026-08-28T09:46:36Z user=nora.singh host=SQ-LT-03 event=FILE_OPEN session=b0125e62bf path='~/src/deploy-scripts/Dockerfile' process=npm status=SUCCESS
2026-08-28T09:49:21Z user=nora.singh host=SQ-LT-03 event=SCREEN_UNLOCK session=b0125e62bf method=fido2 status=SUCCESS
2026-08-28T09:49:29Z user=nora.singh host=SQ-LT-03 event=PROCESS_START session=b0125e62bf pid=30901 process=bash executable=/usr/bin/bash cwd='~/Downloads' command='bash scripts/test-health.sh' status=SUCCESS
2026-08-28T09:58:38Z user=nora.singh host=SQ-LT-03 event=TIME_SYNC session=b0125e62bf source=ntp.silverquill.internal status=SUCCESS
2026-08-28T09:59:17Z user=nora.singh host=SQ-LT-03 event=PACKAGE_UPDATE session=b0125e62bf package=nodejs status=SUCCESS
2026-08-28T10:01:01Z user=nora.singh host=SQ-LT-03 event=PROCESS_START session=b0125e62bf pid=54071 process=npm executable=/usr/bin/npm cwd='~' command='npm test' status=SUCCESS
2026-08-28T10:03:46Z user=nora.singh host=SQ-LT-03 event=ANTIVIRUS_SCAN session=b0125e62bf engine=defender mode=realtime status=SUCCESS
2026-08-28T10:03:49Z user=nora.singh host=SQ-LT-03 event=PROCESS_START session=b0125e62bf pid=38816 process=chrome executable=/opt/google/chrome/chrome cwd='~/src/quill-admin' status=SUCCESS
2026-08-28T10:04:08Z user=nora.singh host=SQ-LT-03 event=FILE_WRITE session=b0125e62bf path='~/src/observability/package-lock.json' process=node status=SUCCESS
2026-08-28T10:08:39Z user=nora.singh host=SQ-LT-03 event=HEARTBEAT session=b0125e62bf agent=edr-7.4.2 status=SUCCESS
2026-08-28T10:08:43Z user=nora.singh host=SQ-LT-03 event=NETWORK_CONNECT session=b0125e62bf process=npm destination=docs.silverquill.internal dest_ip=10.18.6.14 dest_port=443 protocol=tcp status=SUCCESS
2026-08-28T10:08:46Z user=nora.singh host=SQ-LT-03 event=PROCESS_START session=b0125e62bf pid=56424 process=chrome executable=/opt/google/chrome/chrome cwd='~' status=SUCCESS
2026-08-28T10:10:26Z user=nora.singh host=SQ-LT-03 event=POLICY_REFRESH session=b0125e62bf policy=endpoint-standard-v6 status=SUCCESS
2026-08-28T10:11:24Z user=nora.singh host=SQ-LT-03 event=FILE_OPEN session=b0125e62bf path='~/src/quill-api/package-lock.json' process=python3 status=SUCCESS
2026-08-28T10:16:54Z user=nora.singh host=SQ-LT-03 event=HEARTBEAT session=b0125e62bf agent=edr-7.4.2 status=SUCCESS
2026-08-28T10:17:33Z user=nora.singh host=SQ-LT-03 event=NETWORK_CONNECT session=b0125e62bf process=npm destination=packages.silverquill.internal dest_ip=10.18.2.7 dest_port=443 protocol=tcp status=SUCCESS
2026-08-28T10:20:03Z user=nora.singh host=SQ-LT-03 event=NETWORK_CONNECT session=b0125e62bf process=npm destination=registry.silverquill.internal dest_ip=10.18.3.12 dest_port=443 protocol=tcp status=SUCCESS
2026-08-28T10:22:56Z user=nora.singh host=SQ-LT-03 event=HEARTBEAT session=b0125e62bf agent=edr-7.4.2 status=SUCCESS
2026-08-28T10:26:25Z user=nora.singh host=SQ-LT-03 event=FILE_OPEN session=b0125e62bf path='~/src/quill-admin/src/config.ts' process=python3 status=SUCCESS
2026-08-28T10:28:38Z user=nora.singh host=SQ-LT-03 event=IDLE_CHECK session=b0125e62bf status=SUCCESS
2026-08-28T10:32:08Z user=nora.singh host=SQ-LT-03 event=TIME_SYNC session=b0125e62bf source=ntp.silverquill.internal status=SUCCESS
2026-08-28T10:32:23Z user=nora.singh host=SQ-LT-03 event=POLICY_REFRESH session=b0125e62bf policy=endpoint-standard-v6 status=SUCCESS
2026-08-28T10:33:01Z user=nora.singh host=SQ-LT-03 event=ANTIVIRUS_SCAN session=b0125e62bf engine=defender mode=realtime status=SUCCESS
2026-08-28T10:34:02Z user=nora.singh host=SQ-LT-03 event=PROCESS_START session=b0125e62bf pid=9708 process=python3 executable=/usr/bin/python3 cwd='~' command='python3 scripts/report_health.py' status=SUCCESS
2026-08-28T10:37:18Z user=nora.singh host=SQ-LT-03 event=EDR_HEALTH session=b0125e62bf sensor=healthy status=SUCCESS
2026-08-28T10:38:22Z user=nora.singh host=SQ-LT-03 event=NETWORK_CONNECT session=b0125e62bf process=code destination=registry.silverquill.internal dest_ip=10.18.3.12 dest_port=443 protocol=tcp status=SUCCESS
2026-08-28T10:39:00Z user=nora.singh host=SQ-LT-03 event=NETWORK_CONNECT session=b0125e62bf process=npm destination=sso.silverquill.internal dest_ip=10.18.7.11 dest_port=443 protocol=tcp status=SUCCESS
2026-08-28T10:40:27Z user=nora.singh host=SQ-LT-03 event=EDR_HEALTH session=b0125e62bf sensor=healthy status=SUCCESS
2026-08-28T10:45:01Z user=nora.singh host=SQ-LT-03 event=NETWORK_CONNECT session=b0125e62bf process=python3 destination=grafana.silverquill.internal dest_ip=10.18.4.18 dest_port=443 protocol=tcp status=SUCCESS
2026-08-28T10:47:57Z user=nora.singh host=SQ-LT-03 event=HEARTBEAT session=b0125e62bf agent=edr-7.4.2 status=SUCCESS
2026-08-28T10:51:25Z user=nora.singh host=SQ-LT-03 event=PROCESS_START session=b0125e62bf pid=31057 process=slack executable=/usr/bin/slack cwd='~/src/deploy-scripts' status=SUCCESS
2026-08-28T10:52:58Z user=nora.singh host=SQ-LT-03 event=HEARTBEAT session=b0125e62bf agent=edr-7.4.2 status=SUCCESS
2026-08-28T10:55:37Z user=nora.singh host=SQ-LT-03 event=NETWORK_CONNECT session=b0125e62bf process=npm destination=packages.silverquill.internal dest_ip=10.18.2.7 dest_port=443 protocol=tcp status=SUCCESS
2026-08-28T10:59:55Z user=nora.singh host=SQ-LT-03 event=PROCESS_START session=b0125e62bf pid=58195 process=chrome executable=/opt/google/chrome/chrome cwd='~/src/quill-admin' status=SUCCESS
2026-08-28T11:07:54Z user=nora.singh host=SQ-LT-03 event=IDLE_CHECK session=b0125e62bf status=SUCCESS
2026-08-28T11:09:12Z user=nora.singh host=SQ-LT-03 event=FILE_WRITE session=b0125e62bf path='~/src/platform-tools/scripts/check-config.js' process=npm status=SUCCESS
2026-08-28T11:10:30Z user=nora.singh host=SQ-LT-03 event=FILE_OPEN session=b0125e62bf path='~/src/deploy-scripts/src/services/metrics.ts' process=npm status=SUCCESS
2026-08-28T11:11:10Z user=nora.singh host=SQ-LT-03 event=TIME_SYNC session=b0125e62bf source=ntp.silverquill.internal status=SUCCESS
2026-08-28T11:22:21Z user=nora.singh host=SQ-LT-03 event=IDLE_CHECK session=b0125e62bf status=SUCCESS
2026-08-28T11:26:27Z user=nora.singh host=SQ-LT-03 event=PROCESS_START session=b0125e62bf pid=41156 process=python3 executable=/usr/bin/python3 cwd='~/src/quill-admin' command='python3 scripts/audit_config.py' status=SUCCESS
2026-08-28T11:31:19Z user=nora.singh host=SQ-LT-03 event=FILE_OPEN session=b0125e62bf path='~/src/deploy-scripts/.github/workflows/ci.yml' process=python3 status=SUCCESS
2026-08-28T11:31:58Z user=nora.singh host=SQ-LT-03 event=FILE_OPEN session=b0125e62bf path='~/src/quill-admin/.github/workflows/ci.yml' process=node status=SUCCESS
2026-08-28T11:32:04Z user=nora.singh host=SQ-LT-03 event=TIME_SYNC session=b0125e62bf source=ntp.silverquill.internal status=SUCCESS
2026-08-28T11:33:39Z user=nora.singh host=SQ-LT-03 event=PROCESS_START session=b0125e62bf pid=59145 process=code executable=/usr/share/code/code cwd='~/src/platform-tools' status=SUCCESS
2026-08-28T11:37:48Z user=nora.singh host=SQ-LT-03 event=EDR_HEALTH session=b0125e62bf sensor=healthy status=SUCCESS
2026-08-28T11:39:35Z user=nora.singh host=SQ-LT-03 event=TIME_SYNC session=b0125e62bf source=ntp.silverquill.internal status=SUCCESS
2026-08-28T11:42:25Z user=nora.singh host=SQ-LT-03 event=PACKAGE_UPDATE session=b0125e62bf package=python3 status=SUCCESS
2026-08-28T11:45:23Z user=nora.singh host=SQ-LT-03 event=PRINT_JOB session=b0125e62bf printer=sq-floor3-mfp pages=9 status=SUCCESS
2026-08-28T11:51:22Z user=nora.singh host=SQ-LT-03 event=FILE_OPEN session=b0125e62bf path='~/src/observability/scripts/check-config.js' process=npm status=SUCCESS
2026-08-28T11:55:31Z user=nora.singh host=SQ-LT-03 event=FILE_WRITE session=b0125e62bf path='~/src/observability/scripts/check-config.js' process=code status=SUCCESS
2026-08-28T11:57:08Z user=nora.singh host=SQ-LT-03 event=HEARTBEAT session=b0125e62bf agent=edr-7.4.2 status=SUCCESS
2026-08-28T12:04:31Z user=nora.singh host=SQ-LT-03 event=NETWORK_CONNECT session=b0125e62bf process=chrome destination=ci.silverquill.internal dest_ip=10.18.5.9 dest_port=443 protocol=tcp status=SUCCESS
2026-08-28T12:06:13Z user=nora.singh host=SQ-LT-03 event=NETWORK_CONNECT session=b0125e62bf process=code destination=docs.silverquill.internal dest_ip=10.18.6.14 dest_port=443 protocol=tcp status=SUCCESS
2026-08-28T12:07:31Z user=nora.singh host=SQ-LT-03 event=POLICY_REFRESH session=b0125e62bf policy=endpoint-standard-v6 status=SUCCESS
2026-08-28T12:11:32Z user=nora.singh host=SQ-LT-03 event=EDR_HEALTH session=b0125e62bf sensor=healthy status=SUCCESS
2026-08-28T12:14:04Z user=nora.singh host=SQ-LT-03 event=SCREEN_LOCK session=b0125e62bf status=SUCCESS
2026-08-28T12:15:51Z user=nora.singh host=SQ-LT-03 event=PROCESS_START session=b0125e62bf pid=12677 process=slack executable=/usr/bin/slack cwd='~/src/observability' status=SUCCESS
2026-08-28T12:16:56Z user=nora.singh host=SQ-LT-03 event=FILE_OPEN session=b0125e62bf path='~/src/quill-admin/src/routes/health.ts' process=node status=SUCCESS
2026-08-28T12:18:07Z user=nora.singh host=SQ-LT-03 event=NETWORK_CONNECT session=b0125e62bf process=chrome destination=packages.silverquill.internal dest_ip=10.18.2.7 dest_port=443 protocol=tcp status=SUCCESS
2026-08-28T12:23:09Z user=nora.singh host=SQ-LT-03 event=PROCESS_START session=b0125e62bf pid=46451 process=npm executable=/usr/bin/npm cwd='~/src/quill-admin' command='npm run lint' status=SUCCESS
2026-08-28T12:24:50Z user=nora.singh host=SQ-LT-03 event=PROCESS_START session=b0125e62bf pid=45637 process=npm executable=/usr/bin/npm cwd='~/src/deploy-scripts' command='npm audit --omit=dev' status=SUCCESS
2026-08-28T12:26:10Z user=nora.singh host=SQ-LT-03 event=PROCESS_START session=b0125e62bf pid=49550 process=node executable=/usr/bin/node cwd='~/src/platform-tools' command='node ./scripts/validate-schema.js' status=SUCCESS
2026-08-28T12:27:34Z user=nora.singh host=SQ-LT-03 event=PROCESS_START session=b0125e62bf pid=32681 process=slack executable=/usr/bin/slack cwd='~/src/deploy-scripts' status=SUCCESS
2026-08-28T12:27:48Z user=nora.singh host=SQ-LT-03 event=TIME_SYNC session=b0125e62bf source=ntp.silverquill.internal status=SUCCESS
2026-08-28T12:33:09Z user=nora.singh host=SQ-LT-03 event=NETWORK_CONNECT session=b0125e62bf process=chrome destination=packages.silverquill.internal dest_ip=10.18.2.7 dest_port=443 protocol=tcp status=SUCCESS
2026-08-28T12:37:56Z user=nora.singh host=SQ-LT-03 event=SCREEN_UNLOCK session=b0125e62bf method=fido2 status=SUCCESS
2026-08-28T12:40:04Z user=nora.singh host=SQ-LT-03 event=EDR_HEALTH session=b0125e62bf sensor=healthy status=SUCCESS
2026-08-28T12:40:14Z user=nora.singh host=SQ-LT-03 event=NETWORK_CONNECT session=b0125e62bf process=code destination=jira.silverquill.internal dest_ip=10.18.1.21 dest_port=443 protocol=tcp status=SUCCESS
2026-08-28T12:49:11Z user=nora.singh host=SQ-LT-03 event=FILE_SYNC session=b0125e62bf target=corp-drive status=SUCCESS
2026-08-28T12:57:31Z user=nora.singh host=SQ-LT-03 event=FILE_WRITE session=b0125e62bf path='~/src/quill-admin/scripts/release.sh' process=node status=SUCCESS
2026-08-28T12:57:39Z user=nora.singh host=SQ-LT-03 event=FILE_WRITE session=b0125e62bf path='~/src/quill-admin/.github/workflows/ci.yml' process=python3 status=SUCCESS
2026-08-28T12:59:38Z user=nora.singh host=SQ-LT-03 event=FILE_OPEN session=b0125e62bf path='~/src/platform-tools/src/config.ts' process=python3 status=SUCCESS
2026-08-28T12:59:42Z user=nora.singh host=SQ-LT-03 event=PROCESS_START session=b0125e62bf pid=30447 process=npm executable=/usr/bin/npm cwd='~/src/platform-tools' command='npm run build' status=SUCCESS
2026-08-28T13:05:14Z user=nora.singh host=SQ-LT-03 event=FILE_WRITE session=b0125e62bf path='~/src/quill-admin/Dockerfile' process=python3 status=SUCCESS
2026-08-28T13:10:27Z user=nora.singh host=SQ-LT-03 event=NETWORK_CONNECT session=b0125e62bf process=node destination=grafana.silverquill.internal dest_ip=10.18.4.18 dest_port=443 protocol=tcp status=SUCCESS
2026-08-28T13:11:10Z user=nora.singh host=SQ-LT-03 event=EDR_HEALTH session=b0125e62bf sensor=healthy status=SUCCESS
2026-08-28T13:11:15Z user=nora.singh host=SQ-LT-03 event=NETWORK_CONNECT session=b0125e62bf process=chrome destination=jira.silverquill.internal dest_ip=10.18.1.21 dest_port=443 protocol=tcp status=SUCCESS
2026-08-28T13:12:35Z user=nora.singh host=SQ-LT-03 event=NETWORK_CONNECT session=b0125e62bf process=code destination=grafana.silverquill.internal dest_ip=10.18.4.18 dest_port=443 protocol=tcp status=SUCCESS
2026-08-28T13:13:44Z user=nora.singh host=SQ-LT-03 event=TIME_SYNC session=b0125e62bf source=ntp.silverquill.internal status=SUCCESS
2026-08-28T13:19:56Z user=nora.singh host=SQ-LT-03 event=IDLE_CHECK session=b0125e62bf status=SUCCESS
2026-08-28T13:24:17Z user=nora.singh host=SQ-LT-03 event=FILE_SYNC session=b0125e62bf target=settings-roam status=SUCCESS
2026-08-28T13:24:44Z user=nora.singh host=SQ-LT-03 event=ANTIVIRUS_SCAN session=b0125e62bf engine=defender mode=quick status=SUCCESS
2026-08-28T13:24:56Z user=nora.singh host=SQ-LT-03 event=USB_MOUNT session=b0125e62bf device=YubiKey-5C-NFC status=SUCCESS
2026-08-28T13:25:16Z user=nora.singh host=SQ-LT-03 event=ANTIVIRUS_SCAN session=b0125e62bf engine=defender mode=realtime status=SUCCESS
2026-08-28T13:31:14Z user=nora.singh host=SQ-LT-03 event=FILE_WRITE session=b0125e62bf path='~/src/quill-admin/src/services/metrics.ts' process=node status=SUCCESS
2026-08-28T13:31:57Z user=nora.singh host=SQ-LT-03 event=PROCESS_START session=b0125e62bf pid=10628 process=node executable=/usr/bin/node cwd='~' command='node ./scripts/check-config.js' status=SUCCESS
2026-08-28T13:41:29Z user=nora.singh host=SQ-LT-03 event=TIME_SYNC session=b0125e62bf source=ntp.silverquill.internal status=SUCCESS
2026-08-28T13:43:24Z user=nora.singh host=SQ-LT-03 event=FILE_WRITE session=b0125e62bf path='~/src/observability/package.json' process=node status=SUCCESS
2026-08-28T13:43:50Z user=nora.singh host=SQ-LT-03 event=HEARTBEAT session=b0125e62bf agent=edr-7.4.2 status=SUCCESS
2026-08-28T13:45:04Z user=nora.singh host=SQ-LT-03 event=HEARTBEAT session=b0125e62bf status=SUCCESS
2026-08-28T13:47:11Z user=nora.singh host=SQ-LT-03 event=PROCESS_START session=b0125e62bf pid=34271 process=chrome executable=/opt/google/chrome/chrome cwd='~/Downloads' status=SUCCESS
2026-08-28T13:50:47Z user=nora.singh host=SQ-LT-03 event=FILE_WRITE session=b0125e62bf path='~/src/platform-tools/.github/workflows/ci.yml' process=npm status=SUCCESS
2026-08-28T13:55:39Z user=nora.singh host=SQ-LT-03 event=NETWORK_CONNECT session=b0125e62bf process=chrome destination=ci.silverquill.internal dest_ip=10.18.5.9 dest_port=443 protocol=tcp status=SUCCESS
2026-08-28T13:59:06Z user=nora.singh host=SQ-LT-03 event=FILE_SYNC session=b0125e62bf target=corp-drive status=SUCCESS
2026-08-28T13:59:29Z user=nora.singh host=SQ-LT-03 event=PROCESS_START session=b0125e62bf pid=19450 process=bash executable=/usr/bin/bash cwd='~/src/observability' command='bash scripts/check-env.sh' status=SUCCESS
2026-08-28T14:00:02Z user=nora.singh host=SQ-LT-03 event=NETWORK_CONNECT session=b0125e62bf process=python3 destination=docs.silverquill.internal dest_ip=10.18.6.14 dest_port=443 protocol=tcp status=SUCCESS
2026-08-28T14:00:37Z user=nora.singh host=SQ-LT-03 event=FILE_SYNC session=b0125e62bf target=corp-drive status=SUCCESS
2026-08-28T14:06:52Z user=nora.singh host=SQ-LT-03 event=FILE_WRITE session=b0125e62bf path='~/src/observability/src/services/metrics.ts' process=node status=SUCCESS
2026-08-28T14:07:09Z user=nora.singh host=SQ-LT-03 event=NETWORK_CONNECT session=b0125e62bf process=python3 destination=docs.silverquill.internal dest_ip=10.18.6.14 dest_port=443 protocol=tcp status=SUCCESS
2026-08-28T14:07:10Z user=nora.singh host=SQ-LT-03 event=FILE_OPEN session=b0125e62bf path='~/src/observability/package-lock.json' process=node status=SUCCESS
2026-08-28T14:07:36Z user=nora.singh host=SQ-LT-03 event=FILE_OPEN session=b0125e62bf path='~/src/deploy-scripts/.github/workflows/ci.yml' process=node status=SUCCESS
2026-08-28T14:10:25Z user=nora.singh host=SQ-LT-03 event=FILE_OPEN session=b0125e62bf path='~/src/quill-admin/.github/workflows/ci.yml' process=node status=SUCCESS
2026-08-28T14:11:05Z user=nora.singh host=SQ-LT-03 event=ANTIVIRUS_SCAN session=b0125e62bf engine=defender mode=realtime status=SUCCESS
2026-08-28T14:11:28Z user=nora.singh host=SQ-LT-03 event=NETWORK_CONNECT session=b0125e62bf process=node destination=grafana.silverquill.internal dest_ip=10.18.4.18 dest_port=443 protocol=tcp status=SUCCESS
2026-08-28T14:13:06Z user=nora.singh host=SQ-LT-03 event=PACKAGE_UPDATE session=b0125e62bf package=nodejs status=SUCCESS
2026-08-28T14:15:08Z user=nora.singh host=SQ-LT-03 event=NETWORK_CONNECT session=b0125e62bf process=code destination=jira.silverquill.internal dest_ip=10.18.1.21 dest_port=443 protocol=tcp status=SUCCESS
2026-08-28T14:21:48Z user=nora.singh host=SQ-LT-03 event=PROCESS_START session=b0125e62bf pid=29387 process=node executable=/usr/bin/node cwd='~' command='node ./dist/server.js' status=SUCCESS
2026-08-28T14:24:02Z user=nora.singh host=SQ-LT-03 event=PRINT_JOB session=b0125e62bf printer=sq-floor3-mfp pages=7 status=SUCCESS
2026-08-28T14:24:21Z user=nora.singh host=SQ-LT-03 event=NETWORK_CONNECT session=b0125e62bf process=python3 destination=ci.silverquill.internal dest_ip=10.18.5.9 dest_port=443 protocol=tcp status=SUCCESS
2026-08-28T14:34:30Z user=nora.singh host=SQ-LT-03 event=FILE_SYNC session=b0125e62bf target=settings-roam status=SUCCESS
2026-08-28T14:36:40Z user=nora.singh host=SQ-LT-03 event=FILE_OPEN session=b0125e62bf path='~/src/deploy-scripts/scripts/check-config.js' process=code status=SUCCESS
2026-08-28T14:37:52Z user=nora.singh host=SQ-LT-03 event=HEARTBEAT session=b0125e62bf agent=edr-7.4.2 status=SUCCESS
2026-08-28T14:39:00Z user=nora.singh host=SQ-LT-03 event=PROCESS_START session=b0125e62bf pid=50230 process=npm executable=/usr/bin/npm cwd='~/src/observability' command='npm ci' status=SUCCESS
2026-08-28T14:47:38Z user=nora.singh host=SQ-LT-03 event=USB_MOUNT session=b0125e62bf device=YubiKey-5C-NFC status=SUCCESS
2026-08-28T14:51:08Z user=nora.singh host=SQ-LT-03 event=PROCESS_START session=b0125e62bf pid=52069 process=code executable=/usr/share/code/code cwd='~/src/quill-api' status=SUCCESS
2026-08-28T14:51:34Z user=nora.singh host=SQ-LT-03 event=FILE_WRITE session=b0125e62bf path='~/src/observability/package.json' process=python3 status=SUCCESS
2026-08-28T14:52:34Z user=nora.singh host=SQ-LT-03 event=NETWORK_CONNECT session=b0125e62bf process=chrome destination=registry.silverquill.internal dest_ip=10.18.3.12 dest_port=443 protocol=tcp status=SUCCESS
2026-08-28T14:53:50Z user=nora.singh host=SQ-LT-03 event=FILE_WRITE session=b0125e62bf path='~/src/quill-admin/README.md' process=npm status=SUCCESS
2026-08-28T14:54:20Z user=nora.singh host=SQ-LT-03 event=PACKAGE_UPDATE session=b0125e62bf package=code status=SUCCESS
2026-08-28T14:57:20Z user=nora.singh host=SQ-LT-03 event=ANTIVIRUS_SCAN session=b0125e62bf engine=defender mode=realtime status=SUCCESS
2026-08-28T14:58:18Z user=nora.singh host=SQ-LT-03 event=FILE_OPEN session=b0125e62bf path='~/src/quill-admin/package-lock.json' process=code status=SUCCESS
2026-08-28T14:59:15Z user=nora.singh host=SQ-LT-03 event=PROCESS_START session=b0125e62bf pid=34155 process=slack executable=/usr/bin/slack cwd='~' status=SUCCESS
2026-08-28T15:03:10Z user=nora.singh host=SQ-LT-03 event=PROCESS_START session=b0125e62bf pid=48878 process=slack executable=/usr/bin/slack cwd='~/src/quill-api' status=SUCCESS
2026-08-28T15:03:33Z user=nora.singh host=SQ-LT-03 event=POLICY_REFRESH session=b0125e62bf status=SUCCESS
2026-08-28T15:06:27Z user=nora.singh host=SQ-LT-03 event=NETWORK_CONNECT session=b0125e62bf process=npm destination=jira.silverquill.internal dest_ip=10.18.1.21 dest_port=443 protocol=tcp status=SUCCESS
2026-08-28T15:06:34Z user=nora.singh host=SQ-LT-03 event=FILE_WRITE session=b0125e62bf path='~/src/deploy-scripts/.github/workflows/ci.yml' process=node status=SUCCESS
2026-08-28T15:15:12Z user=nora.singh host=SQ-LT-03 event=PROCESS_START session=b0125e62bf pid=10701 process=node executable=/usr/bin/node cwd='~/src/platform-tools' command='node ./scripts/check-config.js' status=SUCCESS
2026-08-28T15:23:07Z user=nora.singh host=SQ-LT-03 event=PACKAGE_UPDATE session=b0125e62bf package=python3 status=SUCCESS
2026-08-28T15:23:42Z user=nora.singh host=SQ-LT-03 event=NETWORK_CONNECT session=b0125e62bf process=chrome destination=docs.silverquill.internal dest_ip=10.18.6.14 dest_port=443 protocol=tcp status=SUCCESS
2026-08-28T15:24:58Z user=nora.singh host=SQ-LT-03 event=TIME_SYNC session=b0125e62bf source=ntp.silverquill.internal status=SUCCESS
2026-08-28T15:27:20Z user=nora.singh host=SQ-LT-03 event=HEARTBEAT session=b0125e62bf agent=edr-7.4.2 status=SUCCESS
2026-08-28T15:29:12Z user=nora.singh host=SQ-LT-03 event=POLICY_REFRESH session=b0125e62bf policy=endpoint-standard-v6 status=SUCCESS
2026-08-28T15:32:57Z user=nora.singh host=SQ-LT-03 event=PROCESS_START session=b0125e62bf pid=53926 process=bash executable=/usr/bin/bash cwd='~/src/quill-api' command='bash scripts/run-local.sh' status=SUCCESS
2026-08-28T15:35:28Z user=nora.singh host=SQ-LT-03 event=FILE_WRITE session=b0125e62bf path='~/src/deploy-scripts/package.json' process=code status=SUCCESS
2026-08-28T15:35:31Z user=nora.singh host=SQ-LT-03 event=PROCESS_START session=b0125e62bf pid=17995 process=code executable=/usr/share/code/code cwd='~/src/deploy-scripts' status=SUCCESS
2026-08-28T15:37:14Z user=nora.singh host=SQ-LT-03 event=PROCESS_START session=b0125e62bf pid=42002 process=slack executable=/usr/bin/slack cwd='~/src/observability' status=SUCCESS
2026-08-28T15:38:08Z user=nora.singh host=SQ-LT-03 event=USB_UNMOUNT session=b0125e62bf device=Logitech-Receiver status=SUCCESS
2026-08-28T15:47:38Z user=nora.singh host=SQ-LT-03 event=SCREEN_LOCK session=b0125e62bf status=SUCCESS
2026-08-28T15:53:16Z user=nora.singh host=SQ-LT-03 event=FILE_OPEN session=b0125e62bf path='~/src/platform-tools/Dockerfile' process=code status=SUCCESS
2026-08-28T15:56:02Z user=nora.singh host=SQ-LT-03 event=HEARTBEAT session=b0125e62bf agent=edr-7.4.2 status=SUCCESS
2026-08-28T15:59:46Z user=nora.singh host=SQ-LT-03 event=NETWORK_CONNECT session=b0125e62bf process=chrome destination=ci.silverquill.internal dest_ip=10.18.5.9 dest_port=443 protocol=tcp status=SUCCESS
2026-08-28T16:00:40Z user=nora.singh host=SQ-LT-03 event=FILE_WRITE session=b0125e62bf path='~/src/quill-api/src/routes/health.ts' process=python3 status=SUCCESS
2026-08-28T16:01:58Z user=nora.singh host=SQ-LT-03 event=PROCESS_START session=b0125e62bf pid=4101 process=node executable=/usr/bin/node cwd='~/src/quill-api' command='node ./scripts/validate-schema.js' status=SUCCESS
2026-08-28T16:04:23Z user=nora.singh host=SQ-LT-03 event=PRINT_JOB session=b0125e62bf printer=sq-floor3-mfp pages=1 status=SUCCESS
2026-08-28T16:04:44Z user=nora.singh host=SQ-LT-03 event=PROCESS_START session=b0125e62bf pid=11467 process=code executable=/usr/share/code/code cwd='~/src/quill-admin' status=SUCCESS
2026-08-28T16:04:50Z user=nora.singh host=SQ-LT-03 event=PROCESS_START session=b0125e62bf pid=57259 process=python3 executable=/usr/bin/python3 cwd='~/src/deploy-scripts' command='python3 scripts/report_health.py' status=SUCCESS
2026-08-28T16:07:26Z user=nora.singh host=SQ-LT-03 event=HEARTBEAT session=b0125e62bf agent=edr-7.4.2 status=SUCCESS
2026-08-28T16:08:19Z user=nora.singh host=SQ-LT-03 event=FILE_WRITE session=b0125e62bf path='~/src/platform-tools/scripts/release.sh' process=npm status=SUCCESS
2026-08-28T16:12:48Z user=nora.singh host=SQ-LT-03 event=TIME_SYNC session=b0125e62bf source=ntp.silverquill.internal status=SUCCESS
2026-08-28T16:15:08Z user=nora.singh host=SQ-LT-03 event=IDLE_CHECK session=b0125e62bf status=SUCCESS
2026-08-28T16:22:03Z user=nora.singh host=SQ-LT-03 event=FILE_OPEN session=b0125e62bf path='~/src/quill-admin/src/routes/health.ts' process=python3 status=SUCCESS
2026-08-28T16:22:38Z user=nora.singh host=SQ-LT-03 event=SCREEN_UNLOCK session=b0125e62bf method=fido2 status=SUCCESS
2026-08-28T16:23:15Z user=nora.singh host=SQ-LT-03 event=IDLE_CHECK session=b0125e62bf status=SUCCESS
2026-08-28T16:25:24Z user=nora.singh host=SQ-LT-03 event=PROCESS_START session=b0125e62bf pid=3888 process=chrome executable=/opt/google/chrome/chrome cwd='~/src/quill-admin' status=SUCCESS
2026-08-28T16:30:49Z user=nora.singh host=SQ-LT-03 event=PROCESS_START session=b0125e62bf pid=25335 process=chrome executable=/opt/google/chrome/chrome cwd='~/src/platform-tools' status=SUCCESS
2026-08-28T16:36:35Z user=nora.singh host=SQ-LT-03 event=PROCESS_START session=b0125e62bf pid=37868 process=npm executable=/usr/bin/npm cwd='~' command='npm test' status=SUCCESS
2026-08-28T16:43:32Z user=nora.singh host=SQ-LT-03 event=FILE_WRITE session=b0125e62bf path='~/src/observability/src/routes/status.ts' process=code status=SUCCESS
2026-08-28T16:57:40Z user=nora.singh host=SQ-LT-03 event=VPN_DISCONNECT session=b0125e62bf profile=corp-vpn status=SUCCESS
2026-08-28T16:57:59Z user=nora.singh host=SQ-LT-03 event=IDLE_CHECK session=b0125e62bf status=SUCCESS
2026-08-28T16:58:43Z user=nora.singh host=SQ-LT-03 event=PROCESS_START session=b0125e62bf pid=6001 process=bash executable=/usr/bin/bash cwd='~' command='bash scripts/test-health.sh' status=SUCCESS
2026-08-28T16:59:31Z user=nora.singh host=SQ-LT-03 event=PROCESS_START session=b0125e62bf pid=44757 process=slack executable=/usr/bin/slack cwd='~/src/deploy-scripts' status=SUCCESS
2026-08-28T17:02:30Z user=nora.singh host=SQ-LT-03 event=LOGOUT session=b0125e62bf status=SUCCESS
2026-08-28T17:06:28Z host=SQ-LT-03 event=POWER_OFF login=none status=SUCCESS
